Province,District,Year,Poverty Rate (%),"Adult literacy, 25 or more years old (% of population aged 25 or more)"
Balochistan,Awaran,2004-01-01,57.0,13.89
Balochistan,Awaran,2006-01-01,69.0,18.63
Balochistan,Awaran,2008-01-01,83.0,28.44
Balochistan,Awaran,2010-01-01,42.0,36.93
Balochistan,Awaran,2012-01-01,68.0,35.41
Balochistan,Awaran,2014-01-01,57.0,30.62
Balochistan,Barkhan,2004-01-01,61.0,15.72
Balochistan,Barkhan,2006-01-01,76.0,24.23
Balochistan,Barkhan,2008-01-01,82.0,16.06
Balochistan,Barkhan,2010-01-01,64.0,10.27
Balochistan,Barkhan,2012-01-01,51.0,17.5
Balochistan,Barkhan,2014-01-01,59.0,14.98
Balochistan,Chagai,2004-01-01,74.0,20.24
Balochistan,Chagai,2006-01-01,82.0,21.17
Balochistan,Chagai,2008-01-01,74.0,24.23
Balochistan,Chagai,2010-01-01,56.0,21.03
Balochistan,Chagai,2012-01-01,53.0,21.6
Balochistan,Chagai,2014-01-01,58.0,22.31
Balochistan,Dera Bugti,2006-01-01,81.0,16.63
Balochistan,Dera Bugti,2008-01-01,85.0,14.51
Balochistan,Dera Bugti,2010-01-01,64.0,11.3
Balochistan,Dera Bugti,2012-01-01,64.0,12.72
Balochistan,Dera Bugti,2014-01-01,68.0,23.04
Balochistan,Gwadar,2004-01-01,49.0,24.91
Balochistan,Gwadar,2006-01-01,59.0,18.65
Balochistan,Gwadar,2008-01-01,71.0,42.46
Balochistan,Gwadar,2010-01-01,50.0,27.23
Balochistan,Gwadar,2012-01-01,35.0,42.24
Balochistan,Gwadar,2014-01-01,47.0,43.0
Balochistan,Harnai,2004-01-01,66.0,22.13
Balochistan,Harnai,2006-01-01,77.0,27.11
Balochistan,Harnai,2008-01-01,64.0,32.29
Balochistan,Harnai,2010-01-01,19.0,27.92
Balochistan,Harnai,2012-01-01,35.0,27.74
Balochistan,Harnai,2014-01-01,65.0,15.97
Balochistan,Jaffarabad,2004-01-01,49.0,24.44
Balochistan,Jaffarabad,2006-01-01,73.0,22.48
Balochistan,Jaffarabad,2008-01-01,80.0,26.82
Balochistan,Jaffarabad,2010-01-01,64.0,19.51
Balochistan,Jaffarabad,2012-01-01,62.0,22.15
Balochistan,Jaffarabad,2014-01-01,64.0,24.1
Balochistan,Jhal Magsi,2004-01-01,71.0,13.49
Balochistan,Jhal Magsi,2006-01-01,86.0,27.43
Balochistan,Jhal Magsi,2008-01-01,81.0,10.79
Balochistan,Jhal Magsi,2010-01-01,56.0,21.43
Balochistan,Jhal Magsi,2012-01-01,46.0,27.27
Balochistan,Jhal Magsi,2014-01-01,65.0,21.37
Balochistan,Kachhi,2004-01-01,64.0,19.64
Balochistan,Kachhi,2006-01-01,76.0,26.6
Balochistan,Kachhi,2008-01-01,84.0,16.09
Balochistan,Kachhi,2010-01-01,55.0,35.11
Balochistan,Kachhi,2012-01-01,49.0,22.64
Balochistan,Kachhi,2014-01-01,57.0,30.02
Balochistan,Kalat,2004-01-01,52.0,18.66
Balochistan,Kalat,2006-01-01,74.0,18.83
Balochistan,Kalat,2008-01-01,83.0,25.9
Balochistan,Kalat,2010-01-01,42.0,29.2
Balochistan,Kalat,2012-01-01,50.0,27.84
Balochistan,Kalat,2014-01-01,44.0,35.52
Balochistan,Kech,2004-01-01,51.0,28.34
Balochistan,Kech,2006-01-01,62.0,29.74
Balochistan,Kech,2008-01-01,71.0,38.2
Balochistan,Kech,2010-01-01,55.0,26.73
Balochistan,Kech,2012-01-01,46.0,29.35
Balochistan,Kharan,2004-01-01,60.0,18.64
Balochistan,Kharan,2006-01-01,68.0,16.8
Balochistan,Kharan,2008-01-01,75.0,18.16
Balochistan,Kharan,2010-01-01,56.0,29.19
Balochistan,Kharan,2012-01-01,50.0,31.15
Balochistan,Kharan,2014-01-01,58.0,25.35
Balochistan,Khuzdar,2004-01-01,55.0,18.16
Balochistan,Khuzdar,2006-01-01,77.0,17.61
Balochistan,Khuzdar,2008-01-01,77.0,30.67
Balochistan,Khuzdar,2010-01-01,45.0,30.88
Balochistan,Khuzdar,2012-01-01,46.0,31.9
Balochistan,Khuzdar,2014-01-01,49.0,28.31
Balochistan,Killa Abdullah,2004-01-01,65.0,19.58
Balochistan,Killa Abdullah,2006-01-01,88.0,38.32
Balochistan,Killa Abdullah,2008-01-01,62.0,24.8
Balochistan,Killa Abdullah,2010-01-01,33.0,32.7
Balochistan,Killa Abdullah,2012-01-01,51.0,28.95
Balochistan,Killa Abdullah,2014-01-01,66.0,15.74
Balochistan,Killa Saifullah,2004-01-01,66.0,12.45
Balochistan,Killa Saifullah,2006-01-01,80.0,17.89
Balochistan,Killa Saifullah,2008-01-01,73.0,21.74
Balochistan,Killa Saifullah,2010-01-01,48.0,18.76
Balochistan,Killa Saifullah,2012-01-01,46.0,14.14
Balochistan,Killa Saifullah,2014-01-01,46.0,32.28
Balochistan,Kohlu,2006-01-01,83.0,10.58
Balochistan,Kohlu,2008-01-01,87.0,5.56
Balochistan,Kohlu,2010-01-01,51.0,27.59
Balochistan,Kohlu,2012-01-01,49.0,5.74
Balochistan,Kohlu,2014-01-01,61.0,18.22
Balochistan,Las Bela,2004-01-01,65.0,18.09
Balochistan,Las Bela,2006-01-01,79.0,21.42
Balochistan,Las Bela,2008-01-01,76.0,27.09
Balochistan,Las Bela,2010-01-01,55.0,24.31
Balochistan,Las Bela,2012-01-01,41.0,28.09
Balochistan,Las Bela,2014-01-01,53.0,32.94
Balochistan,Lehri,2004-01-01,66.0,22.13
Balochistan,Lehri,2006-01-01,77.0,27.11
Balochistan,Lehri,2008-01-01,64.0,32.29
Balochistan,Lehri,2010-01-01,31.0,42.26
Balochistan,Lehri,2012-01-01,30.0,47.25
Balochistan,Lehri,2014-01-01,49.0,36.22
Balochistan,Loralai,2004-01-01,64.0,22.21
Balochistan,Loralai,2006-01-01,79.0,18.09
Balochistan,Loralai,2008-01-01,71.0,26.93
Balochistan,Loralai,2010-01-01,60.0,16.98
Balochistan,Loralai,2012-01-01,28.0,31.03
Balochistan,Loralai,2014-01-01,51.0,28.77
Balochistan,Mastung,2004-01-01,53.0,30.89
Balochistan,Mastung,2006-01-01,69.0,31.63
Balochistan,Mastung,2008-01-01,82.0,28.96
Balochistan,Mastung,2010-01-01,37.0,46.74
Balochistan,Mastung,2012-01-01,44.0,31.77
Balochistan,Mastung,2014-01-01,50.0,43.1
Balochistan,Musakhel,2004-01-01,67.0,18.19
Balochistan,Musakhel,2006-01-01,83.0,13.65
Balochistan,Musakhel,2008-01-01,85.0,16.62
Balochistan,Musakhel,2010-01-01,66.0,12.89
Balochistan,Musakhel,2012-01-01,37.0,21.85
Balochistan,Musakhel,2014-01-01,53.0,24.31
Balochistan,Nasirabad,2004-01-01,62.0,18.84
Balochistan,Nasirabad,2006-01-01,77.0,18.41
Balochistan,Nasirabad,2008-01-01,82.0,19.28
Balochistan,Nasirabad,2010-01-01,66.0,16.79
Balochistan,Nasirabad,2012-01-01,61.0,13.47
Balochistan,Nasirabad,2014-01-01,61.0,19.51
Balochistan,Nushki,2004-01-01,74.0,20.24
Balochistan,Nushki,2006-01-01,82.0,21.17
Balochistan,Nushki,2008-01-01,74.0,23.68
Balochistan,Nushki,2010-01-01,53.0,26.76
Balochistan,Nushki,2012-01-01,48.0,30.09
Balochistan,Nushki,2014-01-01,47.0,30.07
Balochistan,Panjgur,2004-01-01,58.0,19.19
Balochistan,Panjgur,2006-01-01,72.0,30.09
Balochistan,Panjgur,2008-01-01,72.0,38.84
Balochistan,Panjgur,2010-01-01,60.0,22.61
Balochistan,Pishin,2004-01-01,71.0,43.04
Balochistan,Pishin,2006-01-01,81.0,28.99
Balochistan,Pishin,2008-01-01,55.0,39.95
Balochistan,Pishin,2010-01-01,23.0,35.95
Balochistan,Pishin,2012-01-01,43.0,38.29
Balochistan,Pishin,2014-01-01,54.0,34.02
Balochistan,Quetta,2004-01-01,46.0,52.1
Balochistan,Quetta,2006-01-01,53.0,50.15
Balochistan,Quetta,2008-01-01,55.0,52.36
Balochistan,Quetta,2010-01-01,21.0,53.52
Balochistan,Quetta,2012-01-01,22.0,57.33
Balochistan,Quetta,2014-01-01,41.0,48.1
Balochistan,Sheerani,2004-01-01,71.0,14.28
Balochistan,Sheerani,2006-01-01,76.0,18.26
Balochistan,Sheerani,2008-01-01,73.0,27.02
Balochistan,Sheerani,2010-01-01,45.0,16.15
Balochistan,Sheerani,2012-01-01,41.0,24.58
Balochistan,Sheerani,2014-01-01,59.0,33.94
Balochistan,Sibi,2004-01-01,66.0,22.13
Balochistan,Sibi,2006-01-01,77.0,27.11
Balochistan,Sibi,2008-01-01,64.0,32.29
Balochistan,Sibi,2010-01-01,31.0,42.26
Balochistan,Sibi,2012-01-01,30.0,47.25
Balochistan,Sibi,2014-01-01,49.0,36.22
Balochistan,Sohbatpur,2004-01-01,49.0,24.44
Balochistan,Sohbatpur,2006-01-01,73.0,22.48
Balochistan,Sohbatpur,2008-01-01,80.0,26.82
Balochistan,Sohbatpur,2010-01-01,64.0,19.51
Balochistan,Sohbatpur,2012-01-01,62.0,22.15
Balochistan,Sohbatpur,2014-01-01,64.0,24.1
Balochistan,Washuk,2004-01-01,60.0,18.64
Balochistan,Washuk,2006-01-01,68.0,16.8
Balochistan,Washuk,2008-01-01,81.0,21.7
Balochistan,Washuk,2010-01-01,53.0,30.18
Balochistan,Washuk,2012-01-01,58.0,22.58
Balochistan,Washuk,2014-01-01,64.0,18.89
Balochistan,Zhob,2004-01-01,71.0,14.28
Balochistan,Zhob,2006-01-01,76.0,18.26
Balochistan,Zhob,2008-01-01,73.0,27.02
Balochistan,Zhob,2010-01-01,55.0,20.13
Balochistan,Zhob,2012-01-01,40.0,25.64
Balochistan,Zhob,2014-01-01,54.0,21.12
Balochistan,Ziarat,2004-01-01,67.0,29.33
Balochistan,Ziarat,2006-01-01,79.0,53.36
Balochistan,Ziarat,2008-01-01,54.0,51.3
Balochistan,Ziarat,2010-01-01,34.0,34.58
Balochistan,Ziarat,2012-01-01,32.0,39.44
Balochistan,Ziarat,2014-01-01,64.0,26.0
Federal Capital Territory,Islamabad,2004-01-01,21.0,75.67
Federal Capital Territory,Islamabad,2006-01-01,12.0,79.65
Federal Capital Territory,Islamabad,2008-01-01,9.0,77.9
Federal Capital Territory,Islamabad,2010-01-01,13.0,75.09
Federal Capital Territory,Islamabad,2014-01-01,8.0,79.24
Khyber Pakhtunkhwa,Abbottabad,2004-01-01,51.0,44.76
Khyber Pakhtunkhwa,Abbottabad,2006-01-01,47.0,50.48
Khyber Pakhtunkhwa,Abbottabad,2008-01-01,35.0,55.35
Khyber Pakhtunkhwa,Abbottabad,2010-01-01,28.0,54.1
Khyber Pakhtunkhwa,Abbottabad,2012-01-01,18.0,57.68
Khyber Pakhtunkhwa,Abbottabad,2014-01-01,12.0,52.53
Khyber Pakhtunkhwa,Bannu,2004-01-01,60.0,27.03
Khyber Pakhtunkhwa,Bannu,2006-01-01,59.0,37.61
Khyber Pakhtunkhwa,Bannu,2008-01-01,45.0,38.58
Khyber Pakhtunkhwa,Bannu,2010-01-01,43.0,32.53
Khyber Pakhtunkhwa,Bannu,2012-01-01,46.0,34.26
Khyber Pakhtunkhwa,Bannu,2014-01-01,28.0,41.03
Khyber Pakhtunkhwa,Batagram,2004-01-01,72.0,19.71
Khyber Pakhtunkhwa,Batagram,2006-01-01,71.0,29.33
Khyber Pakhtunkhwa,Batagram,2008-01-01,46.0,27.23
Khyber Pakhtunkhwa,Batagram,2010-01-01,40.0,28.99
Khyber Pakhtunkhwa,Batagram,2012-01-01,34.0,28.4
Khyber Pakhtunkhwa,Batagram,2014-01-01,32.0,21.18
Khyber Pakhtunkhwa,Buner,2004-01-01,75.0,15.93
Khyber Pakhtunkhwa,Buner,2006-01-01,74.0,18.94
Khyber Pakhtunkhwa,Buner,2008-01-01,52.0,18.57
Khyber Pakhtunkhwa,Buner,2010-01-01,56.0,15.38
Khyber Pakhtunkhwa,Buner,2012-01-01,46.0,24.87
Khyber Pakhtunkhwa,Buner,2014-01-01,42.0,16.7
Khyber Pakhtunkhwa,Charsadda,2004-01-01,64.0,24.2
Khyber Pakhtunkhwa,Charsadda,2006-01-01,62.0,27.36
Khyber Pakhtunkhwa,Charsadda,2008-01-01,47.0,28.67
Khyber Pakhtunkhwa,Charsadda,2010-01-01,47.0,30.47
Khyber Pakhtunkhwa,Charsadda,2012-01-01,35.0,30.76
Khyber Pakhtunkhwa,Charsadda,2014-01-01,28.0,30.15
Khyber Pakhtunkhwa,Chitral,2004-01-01,61.0,26.58
Khyber Pakhtunkhwa,Chitral,2006-01-01,56.0,34.75
Khyber Pakhtunkhwa,Chitral,2008-01-01,39.0,37.69
Khyber Pakhtunkhwa,Chitral,2010-01-01,32.0,38.63
Khyber Pakhtunkhwa,Chitral,2012-01-01,25.0,36.8
Khyber Pakhtunkhwa,Chitral,2014-01-01,15.0,37.66
Khyber Pakhtunkhwa,Dera Ismail Khan,2004-01-01,61.0,29.34
Khyber Pakhtunkhwa,Dera Ismail Khan,2006-01-01,59.0,24.88
Khyber Pakhtunkhwa,Dera Ismail Khan,2008-01-01,48.0,29.61
Khyber Pakhtunkhwa,Dera Ismail Khan,2010-01-01,47.0,24.58
Khyber Pakhtunkhwa,Dera Ismail Khan,2012-01-01,39.0,29.56
Khyber Pakhtunkhwa,Dera Ismail Khan,2014-01-01,33.0,32.93
Khyber Pakhtunkhwa,Hangu,2004-01-01,62.0,25.31
Khyber Pakhtunkhwa,Hangu,2006-01-01,65.0,24.15
Khyber Pakhtunkhwa,Hangu,2008-01-01,47.0,24.22
Khyber Pakhtunkhwa,Hangu,2010-01-01,45.0,27.73
Khyber Pakhtunkhwa,Hangu,2012-01-01,33.0,26.99
Khyber Pakhtunkhwa,Hangu,2014-01-01,28.0,21.87
Khyber Pakhtunkhwa,Haripur,2004-01-01,55.0,40.21
Khyber Pakhtunkhwa,Haripur,2006-01-01,50.0,45.06
Khyber Pakhtunkhwa,Haripur,2008-01-01,37.0,50.92
Khyber Pakhtunkhwa,Haripur,2010-01-01,25.0,53.18
Khyber Pakhtunkhwa,Haripur,2012-01-01,15.0,54.72
Khyber Pakhtunkhwa,Haripur,2014-01-01,16.0,55.1
Khyber Pakhtunkhwa,Karak,2004-01-01,63.0,28.66
Khyber Pakhtunkhwa,Karak,2006-01-01,61.0,34.62
Khyber Pakhtunkhwa,Karak,2008-01-01,46.0,33.44
Khyber Pakhtunkhwa,Karak,2010-01-01,46.0,33.09
Khyber Pakhtunkhwa,Karak,2012-01-01,40.0,40.1
Khyber Pakhtunkhwa,Karak,2014-01-01,25.0,43.44
Khyber Pakhtunkhwa,Kohat,2004-01-01,61.0,30.59
Khyber Pakhtunkhwa,Kohat,2006-01-01,59.0,29.55
Khyber Pakhtunkhwa,Kohat,2008-01-01,44.0,35.41
Khyber Pakhtunkhwa,Kohat,2010-01-01,41.0,32.25
Khyber Pakhtunkhwa,Kohat,2012-01-01,32.0,37.83
Khyber Pakhtunkhwa,Kohat,2014-01-01,27.0,37.49
Khyber Pakhtunkhwa,Kohistan,2004-01-01,78.0,17.97
Khyber Pakhtunkhwa,Kohistan,2006-01-01,69.0,17.85
Khyber Pakhtunkhwa,Kohistan,2008-01-01,51.0,10.34
Khyber Pakhtunkhwa,Kohistan,2010-01-01,51.0,15.83
Khyber Pakhtunkhwa,Kohistan,2012-01-01,37.0,18.02
Khyber Pakhtunkhwa,Kohistan,2014-01-01,36.0,13.73
Khyber Pakhtunkhwa,Lakki Marwat,2004-01-01,66.0,29.56
Khyber Pakhtunkhwa,Lakki Marwat,2006-01-01,67.0,28.32
Khyber Pakhtunkhwa,Lakki Marwat,2008-01-01,47.0,33.42
Khyber Pakhtunkhwa,Lakki Marwat,2010-01-01,47.0,30.45
Khyber Pakhtunkhwa,Lakki Marwat,2012-01-01,49.0,37.69
Khyber Pakhtunkhwa,Lakki Marwat,2014-01-01,28.0,44.42
Khyber Pakhtunkhwa,Lower Dir,2004-01-01,55.0,30.3
Khyber Pakhtunkhwa,Lower Dir,2006-01-01,62.0,30.44
Khyber Pakhtunkhwa,Lower Dir,2008-01-01,46.0,32.38
Khyber Pakhtunkhwa,Lower Dir,2010-01-01,44.0,30.18
Khyber Pakhtunkhwa,Lower Dir,2012-01-01,41.0,28.62
Khyber Pakhtunkhwa,Lower Dir,2014-01-01,29.0,30.87
Khyber Pakhtunkhwa,Malakand PA,2004-01-01,63.0,30.8
Khyber Pakhtunkhwa,Malakand PA,2006-01-01,65.0,34.66
Khyber Pakhtunkhwa,Malakand PA,2008-01-01,44.0,37.13
Khyber Pakhtunkhwa,Malakand PA,2010-01-01,43.0,38.75
Khyber Pakhtunkhwa,Malakand PA,2012-01-01,29.0,41.78
Khyber Pakhtunkhwa,Malakand PA,2014-01-01,22.0,38.67
Khyber Pakhtunkhwa,Mansehra,2004-01-01,65.0,27.82
Khyber Pakhtunkhwa,Mansehra,2006-01-01,63.0,40.14
Khyber Pakhtunkhwa,Mansehra,2008-01-01,41.0,39.44
Khyber Pakhtunkhwa,Mansehra,2010-01-01,36.0,43.07
Khyber Pakhtunkhwa,Mansehra,2012-01-01,23.0,43.49
Khyber Pakhtunkhwa,Mansehra,2014-01-01,17.0,44.74
Khyber Pakhtunkhwa,Mardan,2004-01-01,66.0,32.32
Khyber Pakhtunkhwa,Mardan,2006-01-01,65.0,26.92
Khyber Pakhtunkhwa,Mardan,2008-01-01,47.0,29.86
Khyber Pakhtunkhwa,Mardan,2010-01-01,46.0,31.42
Khyber Pakhtunkhwa,Mardan,2012-01-01,33.0,34.18
Khyber Pakhtunkhwa,Mardan,2014-01-01,27.0,34.53
Khyber Pakhtunkhwa,Nowshera,2004-01-01,60.0,29.27
Khyber Pakhtunkhwa,Nowshera,2006-01-01,58.0,35.78
Khyber Pakhtunkhwa,Nowshera,2008-01-01,44.0,38.22
Khyber Pakhtunkhwa,Nowshera,2010-01-01,43.0,35.32
Khyber Pakhtunkhwa,Nowshera,2012-01-01,30.0,42.96
Khyber Pakhtunkhwa,Nowshera,2014-01-01,22.0,38.79
Khyber Pakhtunkhwa,Peshawar,2004-01-01,54.0,39.1
Khyber Pakhtunkhwa,Peshawar,2006-01-01,59.0,34.33
Khyber Pakhtunkhwa,Peshawar,2008-01-01,40.0,40.91
Khyber Pakhtunkhwa,Peshawar,2010-01-01,40.0,41.41
Khyber Pakhtunkhwa,Peshawar,2012-01-01,23.0,46.91
Khyber Pakhtunkhwa,Peshawar,2014-01-01,23.0,47.51
Khyber Pakhtunkhwa,Shangla,2004-01-01,71.0,25.03
Khyber Pakhtunkhwa,Shangla,2006-01-01,70.0,30.82
Khyber Pakhtunkhwa,Shangla,2008-01-01,47.0,24.08
Khyber Pakhtunkhwa,Shangla,2010-01-01,52.0,25.06
Khyber Pakhtunkhwa,Shangla,2012-01-01,54.0,22.82
Khyber Pakhtunkhwa,Shangla,2014-01-01,32.0,21.46
Khyber Pakhtunkhwa,Swabi,2004-01-01,64.0,30.73
Khyber Pakhtunkhwa,Swabi,2006-01-01,64.0,26.09
Khyber Pakhtunkhwa,Swabi,2008-01-01,45.0,31.49
Khyber Pakhtunkhwa,Swabi,2010-01-01,36.0,30.82
Khyber Pakhtunkhwa,Swabi,2012-01-01,29.0,28.69
Khyber Pakhtunkhwa,Swabi,2014-01-01,19.0,27.82
Khyber Pakhtunkhwa,Swat,2004-01-01,58.0,29.28
Khyber Pakhtunkhwa,Swat,2006-01-01,58.0,35.87
Khyber Pakhtunkhwa,Swat,2008-01-01,48.0,33.25
Khyber Pakhtunkhwa,Swat,2010-01-01,45.0,34.25
Khyber Pakhtunkhwa,Swat,2012-01-01,40.0,37.84
Khyber Pakhtunkhwa,Swat,2014-01-01,29.0,27.08
Khyber Pakhtunkhwa,Tank,2004-01-01,63.0,23.3
Khyber Pakhtunkhwa,Tank,2006-01-01,66.0,26.73
Khyber Pakhtunkhwa,Tank,2008-01-01,47.0,25.85
Khyber Pakhtunkhwa,Tank,2010-01-01,48.0,24.37
Khyber Pakhtunkhwa,Tank,2012-01-01,42.0,23.75
Khyber Pakhtunkhwa,Tank,2014-01-01,39.0,28.29
Khyber Pakhtunkhwa,Tor Ghar,2004-01-01,65.0,27.82
Khyber Pakhtunkhwa,Tor Ghar,2006-01-01,63.0,40.14
Khyber Pakhtunkhwa,Tor Ghar,2008-01-01,41.0,39.44
Khyber Pakhtunkhwa,Tor Ghar,2010-01-01,36.0,43.07
Khyber Pakhtunkhwa,Tor Ghar,2012-01-01,36.0,9.66
Khyber Pakhtunkhwa,Tor Ghar,2014-01-01,38.0,13.42
Khyber Pakhtunkhwa,Upper Dir,2004-01-01,74.0,16.86
Khyber Pakhtunkhwa,Upper Dir,2006-01-01,70.0,20.07
Khyber Pakhtunkhwa,Upper Dir,2008-01-01,49.0,28.08
Khyber Pakhtunkhwa,Upper Dir,2010-01-01,48.0,26.09
Khyber Pakhtunkhwa,Upper Dir,2012-01-01,50.0,27.01
Khyber Pakhtunkhwa,Upper Dir,2014-01-01,35.0,19.64
Punjab,Attock,2004-01-01,41.0,44.94
Punjab,Attock,2006-01-01,32.0,46.36
Punjab,Attock,2008-01-01,29.0,44.69
Punjab,Attock,2010-01-01,27.0,48.12
Punjab,Attock,2012-01-01,20.0,54.68
Punjab,Attock,2014-01-01,14.0,54.31
Punjab,Bahawalnagar,2004-01-01,53.0,33.12
Punjab,Bahawalnagar,2006-01-01,52.0,35.86
Punjab,Bahawalnagar,2008-01-01,47.0,31.15
Punjab,Bahawalnagar,2010-01-01,36.0,35.96
Punjab,Bahawalnagar,2012-01-01,31.0,41.52
Punjab,Bahawalnagar,2014-01-01,31.0,39.09
Punjab,Bahawalpur,2004-01-01,59.0,30.42
Punjab,Bahawalpur,2006-01-01,58.0,33.21
Punjab,Bahawalpur,2008-01-01,50.0,35.64
Punjab,Bahawalpur,2010-01-01,42.0,38.04
Punjab,Bahawalpur,2012-01-01,38.0,37.33
Punjab,Bahawalpur,2014-01-01,33.0,35.73
Punjab,Bhakkar,2004-01-01,49.0,32.12
Punjab,Bhakkar,2006-01-01,48.0,38.01
Punjab,Bhakkar,2008-01-01,46.0,40.74
Punjab,Bhakkar,2010-01-01,37.0,36.79
Punjab,Bhakkar,2012-01-01,34.0,40.24
Punjab,Bhakkar,2014-01-01,29.0,39.07
Punjab,Chakwal,2004-01-01,29.0,61.06
Punjab,Chakwal,2006-01-01,24.0,61.98
Punjab,Chakwal,2008-01-01,19.0,63.63
Punjab,Chakwal,2010-01-01,17.0,66.32
Punjab,Chakwal,2012-01-01,13.0,64.14
Punjab,Chakwal,2014-01-01,12.0,60.38
Punjab,Chiniot,2004-01-01,56.0,31.3
Punjab,Chiniot,2006-01-01,56.0,34.48
Punjab,Chiniot,2008-01-01,45.0,39.77
Punjab,Chiniot,2010-01-01,34.0,33.37
Punjab,Chiniot,2012-01-01,26.0,37.75
Punjab,Chiniot,2014-01-01,29.0,37.09
Punjab,Dera Ghazi Khan,2004-01-01,62.0,28.59
Punjab,Dera Ghazi Khan,2006-01-01,54.0,28.31
Punjab,Dera Ghazi Khan,2008-01-01,57.0,26.81
Punjab,Dera Ghazi Khan,2010-01-01,53.0,32.08
Punjab,Dera Ghazi Khan,2012-01-01,42.0,29.93
Punjab,Dera Ghazi Khan,2014-01-01,40.0,30.49
Punjab,Faisalabad,2004-01-01,46.0,45.84
Punjab,Faisalabad,2006-01-01,40.0,50.61
Punjab,Faisalabad,2008-01-01,35.0,47.98
Punjab,Faisalabad,2010-01-01,25.0,54.99
Punjab,Faisalabad,2012-01-01,21.0,58.93
Punjab,Faisalabad,2014-01-01,19.0,57.98
Punjab,Gujranwala,2004-01-01,44.0,53.81
Punjab,Gujranwala,2006-01-01,38.0,54.31
Punjab,Gujranwala,2008-01-01,27.0,58.35
Punjab,Gujranwala,2010-01-01,25.0,60.56
Punjab,Gujranwala,2012-01-01,21.0,60.33
Punjab,Gujranwala,2014-01-01,18.0,58.63
Punjab,Gujrat,2004-01-01,39.0,50.67
Punjab,Gujrat,2006-01-01,31.0,55.64
Punjab,Gujrat,2008-01-01,23.0,60.06
Punjab,Gujrat,2010-01-01,25.0,58.34
Punjab,Gujrat,2012-01-01,16.0,57.6
Punjab,Gujrat,2014-01-01,15.0,61.45
Punjab,Hafizabad,2004-01-01,51.0,33.92
Punjab,Hafizabad,2006-01-01,47.0,37.69
Punjab,Hafizabad,2008-01-01,37.0,41.45
Punjab,Hafizabad,2010-01-01,29.0,40.93
Punjab,Hafizabad,2012-01-01,23.0,45.49
Punjab,Hafizabad,2014-01-01,24.0,43.63
Punjab,Jhang,2004-01-01,56.0,31.3
Punjab,Jhang,2006-01-01,56.0,34.48
Punjab,Jhang,2008-01-01,45.0,39.77
Punjab,Jhang,2010-01-01,35.0,39.66
Punjab,Jhang,2012-01-01,29.0,39.11
Punjab,Jhang,2014-01-01,28.0,42.98
Punjab,Jhelum,2004-01-01,33.0,51.74
Punjab,Jhelum,2006-01-01,25.0,67.75
Punjab,Jhelum,2008-01-01,20.0,63.49
Punjab,Jhelum,2010-01-01,22.0,62.66
Punjab,Jhelum,2012-01-01,12.0,60.69
Punjab,Jhelum,2014-01-01,12.0,69.22
Punjab,Kasur,2004-01-01,57.0,35.73
Punjab,Kasur,2006-01-01,51.0,33.72
Punjab,Kasur,2008-01-01,45.0,39.74
Punjab,Kasur,2010-01-01,36.0,40.06
Punjab,Kasur,2012-01-01,33.0,39.08
Punjab,Kasur,2014-01-01,28.0,42.49
Punjab,Khanewal,2004-01-01,58.0,35.28
Punjab,Khanewal,2006-01-01,56.0,37.85
Punjab,Khanewal,2008-01-01,47.0,38.54
Punjab,Khanewal,2010-01-01,36.0,39.26
Punjab,Khanewal,2012-01-01,33.0,43.32
Punjab,Khanewal,2014-01-01,27.0,44.03
Punjab,Khushab,2004-01-01,50.0,37.68
Punjab,Khushab,2006-01-01,40.0,43.59
Punjab,Khushab,2008-01-01,35.0,42.66
Punjab,Khushab,2010-01-01,26.0,43.01
Punjab,Khushab,2012-01-01,24.0,46.41
Punjab,Khushab,2014-01-01,21.0,44.66
Punjab,Lahore,2004-01-01,30.0,65.02
Punjab,Lahore,2006-01-01,28.0,65.51
Punjab,Lahore,2008-01-01,20.0,72.69
Punjab,Lahore,2010-01-01,21.0,69.52
Punjab,Lahore,2012-01-01,15.0,70.67
Punjab,Lahore,2014-01-01,13.0,74.24
Punjab,Layyah,2004-01-01,59.0,39.88
Punjab,Layyah,2006-01-01,50.0,38.64
Punjab,Layyah,2008-01-01,47.0,33.41
Punjab,Layyah,2010-01-01,45.0,37.63
Punjab,Layyah,2012-01-01,32.0,39.17
Punjab,Layyah,2014-01-01,27.0,47.09
Punjab,Lodhran,2004-01-01,62.0,25.39
Punjab,Lodhran,2006-01-01,59.0,24.67
Punjab,Lodhran,2008-01-01,46.0,34.3
Punjab,Lodhran,2010-01-01,39.0,32.9
Punjab,Lodhran,2012-01-01,35.0,39.7
Punjab,Lodhran,2014-01-01,31.0,39.02
Punjab,Mandi Bahauddin,2004-01-01,48.0,39.73
Punjab,Mandi Bahauddin,2006-01-01,39.0,45.31
Punjab,Mandi Bahauddin,2008-01-01,29.0,46.6
Punjab,Mandi Bahauddin,2010-01-01,26.0,47.82
Punjab,Mandi Bahauddin,2012-01-01,16.0,51.79
Punjab,Mandi Bahauddin,2014-01-01,23.0,50.22
Punjab,Mianwali,2004-01-01,44.0,38.7
Punjab,Mianwali,2006-01-01,38.0,44.82
Punjab,Mianwali,2008-01-01,41.0,42.67
Punjab,Mianwali,2010-01-01,33.0,44.05
Punjab,Mianwali,2012-01-01,30.0,46.5
Punjab,Mianwali,2014-01-01,22.0,42.36
Punjab,Multan,2004-01-01,57.0,35.9
Punjab,Multan,2006-01-01,51.0,42.44
Punjab,Multan,2008-01-01,42.0,44.12
Punjab,Multan,2010-01-01,37.0,46.69
Punjab,Multan,2012-01-01,33.0,48.9
Punjab,Multan,2014-01-01,27.0,49.07
Punjab,Muzaffargarh,2004-01-01,68.0,25.87
Punjab,Muzaffargarh,2006-01-01,66.0,24.86
Punjab,Muzaffargarh,2008-01-01,59.0,31.71
Punjab,Muzaffargarh,2010-01-01,50.0,30.27
Punjab,Muzaffargarh,2012-01-01,42.0,35.35
Punjab,Muzaffargarh,2014-01-01,38.0,31.46
Punjab,Nankana Sahib,2004-01-01,52.0,42.6
Punjab,Nankana Sahib,2006-01-01,47.0,42.97
Punjab,Nankana Sahib,2008-01-01,40.0,47.25
Punjab,Nankana Sahib,2010-01-01,32.0,47.53
Punjab,Nankana Sahib,2012-01-01,25.0,47.59
Punjab,Nankana Sahib,2014-01-01,22.0,54.83
Punjab,Narowal,2004-01-01,53.0,37.49
Punjab,Narowal,2006-01-01,49.0,35.04
Punjab,Narowal,2008-01-01,41.0,44.94
Punjab,Narowal,2010-01-01,31.0,44.38
Punjab,Narowal,2012-01-01,25.0,46.3
Punjab,Narowal,2014-01-01,21.0,52.94
Punjab,Okara,2004-01-01,56.0,28.19
Punjab,Okara,2006-01-01,55.0,30.43
Punjab,Okara,2008-01-01,45.0,37.84
Punjab,Okara,2010-01-01,36.0,35.72
Punjab,Okara,2012-01-01,29.0,39.86
Punjab,Okara,2014-01-01,28.0,41.09
Punjab,Pakpattan,2004-01-01,57.0,28.25
Punjab,Pakpattan,2006-01-01,53.0,32.87
Punjab,Pakpattan,2008-01-01,49.0,32.93
Punjab,Pakpattan,2010-01-01,40.0,31.23
Punjab,Pakpattan,2012-01-01,34.0,40.07
Punjab,Pakpattan,2014-01-01,30.0,38.33
Punjab,Rahim Yar Khan,2004-01-01,62.0,30.42
Punjab,Rahim Yar Khan,2006-01-01,63.0,28.53
Punjab,Rahim Yar Khan,2008-01-01,55.0,31.27
Punjab,Rahim Yar Khan,2010-01-01,46.0,35.13
Punjab,Rahim Yar Khan,2012-01-01,43.0,35.06
Punjab,Rahim Yar Khan,2014-01-01,39.0,36.24
Punjab,Rajanpur,2004-01-01,64.0,25.76
Punjab,Rajanpur,2006-01-01,66.0,19.82
Punjab,Rajanpur,2008-01-01,67.0,16.66
Punjab,Rajanpur,2010-01-01,55.0,23.27
Punjab,Rajanpur,2012-01-01,49.0,25.09
Punjab,Rajanpur,2014-01-01,41.0,25.45
Punjab,Rawalpindi,2004-01-01,33.0,63.26
Punjab,Rawalpindi,2006-01-01,22.0,69.12
Punjab,Rawalpindi,2008-01-01,16.0,68.38
Punjab,Rawalpindi,2010-01-01,18.0,69.14
Punjab,Rawalpindi,2012-01-01,15.0,74.06
Punjab,Rawalpindi,2014-01-01,11.0,75.23
Punjab,Sahiwal,2004-01-01,50.0,38.87
Punjab,Sahiwal,2006-01-01,49.0,39.78
Punjab,Sahiwal,2008-01-01,45.0,37.92
Punjab,Sahiwal,2010-01-01,32.0,44.72
Punjab,Sahiwal,2012-01-01,28.0,44.83
Punjab,Sahiwal,2014-01-01,25.0,46.95
Punjab,Sargodha,2004-01-01,51.0,39.7
Punjab,Sargodha,2006-01-01,42.0,43.43
Punjab,Sargodha,2008-01-01,31.0,45.41
Punjab,Sargodha,2010-01-01,29.0,44.81
Punjab,Sargodha,2012-01-01,24.0,47.25
Punjab,Sargodha,2014-01-01,22.0,49.69
Punjab,Sheikhupura,2004-01-01,52.0,42.6
Punjab,Sheikhupura,2006-01-01,47.0,42.97
Punjab,Sheikhupura,2008-01-01,39.0,50.15
Punjab,Sheikhupura,2010-01-01,31.0,50.29
Punjab,Sheikhupura,2012-01-01,25.0,51.15
Punjab,Sheikhupura,2014-01-01,23.0,52.09
Punjab,Sialkot,2004-01-01,43.0,50.52
Punjab,Sialkot,2006-01-01,37.0,47.88
Punjab,Sialkot,2008-01-01,32.0,53.1
Punjab,Sialkot,2010-01-01,25.0,53.31
Punjab,Sialkot,2012-01-01,18.0,58.85
Punjab,Sialkot,2014-01-01,17.0,66.57
Punjab,Toba Tek Singh,2004-01-01,49.0,43.14
Punjab,Toba Tek Singh,2006-01-01,44.0,47.79
Punjab,Toba Tek Singh,2008-01-01,35.0,51.47
Punjab,Toba Tek Singh,2010-01-01,27.0,57.0
Punjab,Toba Tek Singh,2012-01-01,24.0,57.18
Punjab,Toba Tek Singh,2014-01-01,21.0,53.64
Punjab,Vehari,2004-01-01,58.0,31.58
Punjab,Vehari,2006-01-01,56.0,34.37
Punjab,Vehari,2008-01-01,49.0,40.04
Punjab,Vehari,2010-01-01,37.0,40.27
Punjab,Vehari,2012-01-01,37.0,39.84
Punjab,Vehari,2014-01-01,31.0,34.13
Sindh,Badin,2004-01-01,47.0,34.52
Sindh,Badin,2006-01-01,66.0,27.03
Sindh,Badin,2008-01-01,56.0,31.73
Sindh,Badin,2010-01-01,49.0,29.16
Sindh,Badin,2012-01-01,50.0,30.43
Sindh,Badin,2014-01-01,47.0,32.58
Sindh,Dadu,2004-01-01,52.0,39.33
Sindh,Dadu,2006-01-01,61.0,32.33
Sindh,Dadu,2008-01-01,48.0,49.32
Sindh,Dadu,2010-01-01,36.0,56.15
Sindh,Dadu,2012-01-01,44.0,49.43
Sindh,Dadu,2014-01-01,36.0,55.5
Sindh,Ghotki,2004-01-01,45.0,40.04
Sindh,Ghotki,2006-01-01,61.0,30.47
Sindh,Ghotki,2008-01-01,55.0,32.19
Sindh,Ghotki,2010-01-01,41.0,33.39
Sindh,Ghotki,2012-01-01,51.0,35.37
Sindh,Ghotki,2014-01-01,46.0,32.08
Sindh,Hyderabad,2004-01-01,41.0,43.54
Sindh,Hyderabad,2006-01-01,50.0,44.99
Sindh,Hyderabad,2008-01-01,30.0,62.69
Sindh,Hyderabad,2010-01-01,26.0,62.49
Sindh,Hyderabad,2012-01-01,33.0,65.12
Sindh,Hyderabad,2014-01-01,28.0,54.85
Sindh,Jacobabad,2004-01-01,52.0,25.04
Sindh,Jacobabad,2006-01-01,67.0,24.48
Sindh,Jacobabad,2008-01-01,58.0,28.73
Sindh,Jacobabad,2010-01-01,47.0,25.66
Sindh,Jacobabad,2012-01-01,49.0,30.58
Sindh,Jacobabad,2014-01-01,48.0,27.25
Sindh,Jamshoro,2004-01-01,52.0,39.33
Sindh,Jamshoro,2006-01-01,61.0,32.33
Sindh,Jamshoro,2008-01-01,53.0,32.86
Sindh,Jamshoro,2010-01-01,43.0,35.68
Sindh,Jamshoro,2012-01-01,46.0,37.63
Sindh,Jamshoro,2014-01-01,42.0,36.3
Sindh,Karachi City,2004-01-01,28.0,72.13
Sindh,Karachi City,2006-01-01,23.0,71.73
Sindh,Karachi City,2008-01-01,24.0,73.63
Sindh,Karachi City,2010-01-01,21.0,74.16
Sindh,Karachi City,2012-01-01,22.0,78.1
Sindh,Karachi City,2014-01-01,17.0,77.07
Sindh,Kashmore,2004-01-01,52.0,25.04
Sindh,Kashmore,2006-01-01,67.0,24.48
Sindh,Kashmore,2008-01-01,53.0,28.04
Sindh,Kashmore,2010-01-01,42.0,30.69
Sindh,Kashmore,2012-01-01,52.0,30.02
Sindh,Kashmore,2014-01-01,48.0,25.33
Sindh,Khairpur,2004-01-01,53.0,36.63
Sindh,Khairpur,2006-01-01,58.0,36.54
Sindh,Khairpur,2008-01-01,51.0,40.56
Sindh,Khairpur,2010-01-01,42.0,38.77
Sindh,Khairpur,2012-01-01,48.0,46.13
Sindh,Khairpur,2014-01-01,42.0,38.14
Sindh,Larkana,2004-01-01,55.0,26.73
Sindh,Larkana,2006-01-01,68.0,29.93
Sindh,Larkana,2008-01-01,49.0,41.07
Sindh,Larkana,2010-01-01,41.0,37.78
Sindh,Larkana,2012-01-01,47.0,42.76
Sindh,Larkana,2014-01-01,35.0,45.99
Sindh,Matiari,2004-01-01,41.0,43.54
Sindh,Matiari,2006-01-01,50.0,44.99
Sindh,Matiari,2008-01-01,48.0,37.35
Sindh,Matiari,2010-01-01,40.0,39.99
Sindh,Matiari,2012-01-01,43.0,42.41
Sindh,Matiari,2014-01-01,41.0,38.77
Sindh,Mirpur Khas,2004-01-01,43.0,35.19
Sindh,Mirpur Khas,2006-01-01,55.0,29.89
Sindh,Mirpur Khas,2008-01-01,55.0,34.41
Sindh,Mirpur Khas,2010-01-01,40.0,41.5
Sindh,Mirpur Khas,2012-01-01,43.0,39.03
Sindh,Mirpur Khas,2014-01-01,41.0,40.04
Sindh,Naushahro Feroze,2004-01-01,52.0,45.03
Sindh,Naushahro Feroze,2006-01-01,58.0,43.93
Sindh,Naushahro Feroze,2008-01-01,38.0,60.66
Sindh,Naushahro Feroze,2010-01-01,39.0,44.7
Sindh,Naushahro Feroze,2012-01-01,46.0,55.33
Sindh,Naushahro Feroze,2014-01-01,33.0,55.43
Sindh,Qambar Shahdadkot,2004-01-01,55.0,26.73
Sindh,Qambar Shahdadkot,2006-01-01,68.0,29.93
Sindh,Qambar Shahdadkot,2008-01-01,58.0,31.98
Sindh,Qambar Shahdadkot,2010-01-01,45.0,32.99
Sindh,Qambar Shahdadkot,2012-01-01,52.0,29.64
Sindh,Qambar Shahdadkot,2014-01-01,48.0,29.6
Sindh,Sanghar,2004-01-01,45.0,37.37
Sindh,Sanghar,2006-01-01,57.0,36.81
Sindh,Sanghar,2008-01-01,50.0,40.52
Sindh,Sanghar,2010-01-01,41.0,40.0
Sindh,Sanghar,2012-01-01,44.0,43.2
Sindh,Sanghar,2014-01-01,44.0,37.79
Sindh,Shaheed Benazirabad,2004-01-01,50.0,34.07
Sindh,Shaheed Benazirabad,2006-01-01,56.0,36.22
Sindh,Shaheed Benazirabad,2008-01-01,50.0,38.35
Sindh,Shaheed Benazirabad,2010-01-01,40.0,35.8
Sindh,Shaheed Benazirabad,2012-01-01,45.0,44.71
Sindh,Shaheed Benazirabad,2014-01-01,41.0,39.48
Sindh,Shikarpur,2004-01-01,51.0,43.7
Sindh,Shikarpur,2006-01-01,70.0,32.9
Sindh,Shikarpur,2008-01-01,51.0,42.08
Sindh,Shikarpur,2010-01-01,42.0,39.88
Sindh,Shikarpur,2012-01-01,51.0,38.63
Sindh,Shikarpur,2014-01-01,44.0,36.32
Sindh,Sujawal,2004-01-01,51.0,28.5
Sindh,Sujawal,2006-01-01,59.0,27.93
Sindh,Sujawal,2008-01-01,57.0,35.61
Sindh,Sujawal,2010-01-01,50.0,32.11
Sindh,Sujawal,2012-01-01,47.0,32.03
Sindh,Sujawal,2014-01-01,52.0,31.84
Sindh,Sukkur,2004-01-01,48.0,52.19
Sindh,Sukkur,2006-01-01,54.0,50.99
Sindh,Sukkur,2008-01-01,48.0,46.64
Sindh,Sukkur,2010-01-01,37.0,46.85
Sindh,Sukkur,2012-01-01,43.0,49.09
Sindh,Sukkur,2014-01-01,36.0,51.89
Sindh,Tando Allah Yar,2004-01-01,41.0,43.54
Sindh,Tando Allah Yar,2006-01-01,50.0,44.99
Sindh,Tando Allah Yar,2008-01-01,48.0,41.8
Sindh,Tando Allah Yar,2010-01-01,44.0,37.0
Sindh,Tando Allah Yar,2012-01-01,47.0,41.12
Sindh,Tando Allah Yar,2014-01-01,46.0,31.77
Sindh,Tando Muhammad Khan,2004-01-01,41.0,43.54
Sindh,Tando Muhammad Khan,2006-01-01,50.0,44.99
Sindh,Tando Muhammad Khan,2008-01-01,56.0,37.8
Sindh,Tando Muhammad Khan,2010-01-01,50.0,31.99
Sindh,Tando Muhammad Khan,2012-01-01,49.0,43.32
Sindh,Tando Muhammad Khan,2014-01-01,49.0,25.18
Sindh,Tharparkar,2004-01-01,45.0,24.0
Sindh,Tharparkar,2006-01-01,58.0,20.54
Sindh,Tharparkar,2008-01-01,60.0,26.65
Sindh,Tharparkar,2010-01-01,51.0,29.69
Sindh,Tharparkar,2012-01-01,45.0,29.13
Sindh,Tharparkar,2014-01-01,51.0,28.43
Sindh,Thatta,2004-01-01,51.0,28.5
Sindh,Thatta,2006-01-01,59.0,27.93
Sindh,Thatta,2008-01-01,57.0,35.61
Sindh,Thatta,2010-01-01,50.0,32.11
Sindh,Thatta,2012-01-01,47.0,32.03
Sindh,Thatta,2014-01-01,51.0,34.08
Sindh,Umerkot,2004-01-01,43.0,35.19
Sindh,Umerkot,2006-01-01,55.0,29.89
Sindh,Umerkot,2008-01-01,55.0,34.41
Sindh,Umerkot,2010-01-01,46.0,28.86
Sindh,Umerkot,2012-01-01,47.0,32.86
Sindh,Umerkot,2014-01-01,46.0,28.52
