year,subject,number,question,dis,pass
104,社會,1,1.圖(一)為臺灣1980年、2010年及推估2040年的扶養比示意圖，依據年代先後順序排列應為下列何者？(A)甲乙丙(cid:17392)(cid:7447)(cid:7383)(B)甲丙乙(C)乙甲丙(D)乙丙甲,0.37,0.89
104,社會,2,2.根據聯合國《海洋法公約》規定，各國擁有在其經濟海域內資源的使用權。臺灣因四面環海，島嶼眾多，擁有廣大的經濟海域，但因與鄰近國家的經濟海域重疊，經常有漁業上的糾紛。上文所述的鄰近國家不包含下列何者？(A)中國(B)日本(C)南韓(D)菲律賓,0.36,0.78
104,社會,3,3.圖(二)為颱風、梅雨、寒害、乾旱在臺灣西(cid:20)(cid:21)(cid:22)(cid:23)(cid:24)(cid:25)(cid:26)(cid:27)(cid:28)(cid:20)(cid:19)(cid:20)(cid:20)(cid:20)(cid:21)(cid:13766)(cid:13766)(cid:13766)(cid:13766)(cid:13766)(cid:13766)(cid:13766)(cid:13766)(cid:13766)(cid:13766)(cid:13766)(cid:13766)南部主要發生的月分，下列配對何者正確？(cid:17392)(A)甲為梅雨(cid:7447)(cid:7383)(B)乙為颱風(cid:7359)(C)丙為寒害圖(二)(D)丁為乾旱,0.52,0.68
104,社會,4,4.「新加坡的土地面積雖然不大，但因具有某項優越的條件，加上政府政策的指導，成功地讓新加坡的煉油產業快速發展，現已成為世界第三大煉油中心。」文中所述的優越條件應是指下列何者？(A)為主要石油生產國(B)人口多且勞力充足(C)地理位置佳且海運便利(D)國內重工業市場需求大,0.54,0.68
104,社會,5,5.圖(三)顯示歷年2月分北極海冰範圍變化情((cid:1325)17.0(cid:4068)形，該變化趨勢與下列同時期何者的變化趨16.5(cid:1139)勢最為相似？(cid:1041)16.0(cid:998)(A)全球淡水資源需求(cid:1626)15.5(B)全球海平面的高度)15.0(C)全球熱帶雨林面積14.5(D)全球二氧化碳濃度,0.48,0.69
104,社會,6,6.圖(四)為某雜誌上刊載的紀念戳章及其簡介，根據內容判斷，此紀念章最可能是描繪下列何時臺灣的景象？(A)荷蘭統治時期(B)清朝統治前期(C)清朝統治後期圖(四)(D)日本統治時期,0.41,0.9
104,社會,7,7.以下是一段十七世紀的文獻記載：「西班牙人每年向該地的已婚原住民課徵二隻雞和三甘當米的稅，原住民感到無法忍受，所以襲擊該地的西班牙城堡，殺了三十個西班牙(cid:908)人。」此段記載最可能是描繪圖(五)中何處的情況？(A)甲&甘當：一種量米的容器。(cid:1063)(B)乙(cid:909)(C)丙(D)丁,0.59,0.7
104,社會,8,8.十六世紀時，馬丁路德批判羅馬教會，揭開宗教改革的序幕。下列資料中何者最可能是馬丁路德的主張？(A)(B)(C)(D),0.54,0.69
104,社會,9,9.某書提及：「清廷想收回民間集資興建鐵路的權利，所以針對民間已投資者提出補償：在湖南、湖北，投資金額全數償還；在廣東，僅償還60%，其餘40%由政府股票支付；在四川，政府僅發給股票。這種處置引起四川士紳激憤，朝廷為控制騷亂，將部分湖北軍隊調往四川。」上述情況最可能為下列何者的發生提供了機會？(A)自強運動(B)戊戌政變(C)武昌起義(D)義和團事變,0.59,0.66
104,社會,10,10.圖(六)描繪中國某一朝代的官員正在接待來訪使節的情況，根據圖片內容判斷，此朝代最可能是下列何者？(cid:27030)(cid:27030)(cid:13871)(cid:13871)(cid:12698)(cid:12698)(cid:27989)(cid:27989)(cid:8661)(cid:8661)(A)周朝(cid:8734)(cid:8734)(cid:12500)(cid:12500)(cid:10959)(cid:10959)(cid:11627)(cid:11627)(cid:13422)(cid:13422)(cid:13366)(cid:13366)(B)漢朝(cid:11483)(cid:11483)(cid:20035)(cid:20035)(cid:15055)(cid:15055)(C)唐朝(cid:9673)(cid:7741)(cid:9673)(cid:7741)(cid:7741)(cid:20163)(cid:7741)(cid:20163)(cid:13453)(cid:7741)(cid:13453)(cid:7741)(D)清朝(cid:20163)(cid:20163)(cid:20163)(cid:20163),0.48,0.58
104,社會,11,11.公民老師在課堂上說明關於「價值觀念變遷」的主題，並請四位同學舉出適當的例子加以說明。下列哪一位同學舉出的例子，最符合上述主題？(A)阿智：網際網路科技發達(B)小強：性別平等意識抬頭(C)美美：立法委員席次調整(D)小明：大眾捷運系統普及,0.42,0.85
104,社會,12,12.表(一)是大榮家一年來理財投資結果的分析表(一)表。根據表中內容判斷，大榮家所選擇的各投入金額獲利金額投資工具(萬元)(萬元)項投資工具中，何者的投資報酬率最高？(A)股票股票501(B)債券債券1002(C)基金基金201(D)存款存款250.5,0.45,0.8
104,社會,13,13.發生刑事案件時，偵查人員蒐集、鑑定相關證據，並研判嫌疑人的心態、動機等，以呈現犯罪事實，其目的在提供下列何人作為「判決」的依據？(A)法官(B)檢察官(C)原告律師(D)刑事警察,0.42,0.7
104,社會,14,14.過去大家總認為「法不入家門」，但近年來家庭暴力問題逐漸受到重視，因此政府制定《家庭暴力防治法》，以處理相關問題。下列何者屬於上述法規處理此類問題的作法？(A)以感化教育處理少年暴力問題(B)禁止兒童及少年出入不良場所(C)法院核發保護令保障受害者安全(D)由法院宣告剝奪不適任父母親權,0.15,0.69
104,社會,15,15.右列是小諭舉例說明某一概念的部分內容，皮皮辦理簽證，利用假期到國根據內容判斷，這應是在探討《憲法》中的外旅遊。哪一項人民基本權利？(A)平等權毛毛關心政治，經常在報紙上(B)自由權投稿發表對政治議題的看法。(C)受益權(D)參政權,0.37,0.84
104,社會,16,16.圖(七)為臺灣某一縣市的海岸地形特徵N示意圖，根據圖中資訊判斷，最有可能(cid:12470)(cid:11220)(cid:11179)(cid:10111)(cid:18112)(cid:18409)(cid:9693)(cid:23464)(cid:11111)(cid:18097)(cid:15413)(cid:11126)是顯示下列哪一縣市的海岸地形特徵？(cid:5212)(cid:3995)(cid:3995)(cid:5212)(A)新北市(B)臺南市(cid:1137)(cid:2220)(cid:2220)(cid:1137)(C)屏東縣(D)花蓮縣(cid:2266)(cid:2266),0.26,0.76
104,社會,17,17.近年來，鳳梨酥成為國人及外國遊客(cid:18668)(cid:14283)(cid:433)(cid:12895)(cid:13300)(cid:24329)(cid:24255)(cid:22459)(cid:7706)(cid:433)(cid:8643)(cid:22427)(cid:24949)(cid:9196)喜愛的伴手禮之一，產值逐年上升。(cid:1176)(cid:908)(cid:1063)(cid:909)圖(八)為鳳梨酥產銷過程的示意圖，圖(八)甲、乙、丙、丁哪些屬於第三級產業？(A)甲乙(B)甲丙(C)乙丁(D)丙丁(cid:17392),0.47,0.67
104,社會,18,18.某位旅行家從北非乾燥地區出發，向北經地中海到達北歐，圖(九)是他記錄途中民宅常見的(cid:7447)窗戶形式。在他的旅途中依序記錄的窗戶形式應為下列何者？(A)甲→乙→丙(B)甲→丙→乙(cid:7383)(C)丙→甲→乙(D)丙→乙→甲,0.43,0.62
104,社會,19,19.圖(十)為中國某一氣候資料的等值線分布圖，圖中甲＜乙＜丙＜丁，則該氣候資料應為下列何者？(cid:17392)(A)年雨量(cid:7447)(cid:7383)(B)年溫差(C)七月均溫(cid:7359)(D)年雨量變率&年雨量變率＝年降水量變率,0.44,0.65
104,社會,20,20.圖(十一)是北美洲沿35°N的地形剖面圖。圖中甲、乙、丙、丁何處的年降水量最少？(m)(A)甲30002500(B)乙2000(C)丙15001000(D)丁500,0.27,0.52
104,社會,21,21.一份歷史文告寫道：「自宋朝覆亡，北方外族入主中原，百年不到，天下大亂。我本是平民，被眾人推舉，率軍攻占金陵(今南京)，再北上驅逐胡虜。色目等雖為異族，但若衷心歸順，仍是中華子民。」以上敘述與下列哪一史事關係最密切？(A)朱元璋起兵反元(B)鄭成功反清復明(C)孫中山創建中華民國(D)洪秀全建立太平天國,0.61,0.66
104,社會,22,22.圖(十二)為臺灣某一史前文化遺址的圖片，根據其內容判斷，此一文化應為下列何者？(A)長濱文化圖(十二)(B)圓山文化(C)大坌坑文化(D)十三行文化,0.5,0.76
104,社會,23,23.圖(十三)呈現某時期中華民國政府對於一本辭典的審查結果，根據圖片內容判斷，此辭典最可能是在下列何時接受政府單位的審查？(A)聯俄容共時期(B)寧漢分裂時期(C)八年抗戰時期(D)臺灣戒嚴時期圖(十三),0.24,0.36
104,社會,24,24.圖(十四)是歷史上某人宣誓的內容，該宣誓和下列何者最有關係？圖(十四)(A)上古印度的種姓制度(B)古典希臘的民主政治(C)中古西歐的封建制度(D)近代法國的君權神授,0.63,0.65
104,社會,25,25.右列是某次美國外交聲明的概要，根據我國政府希望各國在中國的商業內容判斷，美國為何發表此一聲明？和航運能享受平等待遇，我國人民(A)闡明門戶開放政策，維護在華利益的利益，也不得因列強在華畫分勢(B)要求中國開港通商，發動鴉片戰爭力範圍而受到損害，故反對列強在(C)參與瓜分中國領土，確保勢力範圍大清帝國領土內的獨占權利，或對(D)議定《天津條約》內容，保護僑民安全土地的控制權。,0.55,0.69
104,社會,26,26.據報載，我國某縣的財政狀況長期入不敷出，導致當地政府的財政問題日益嚴重，恐將出現延遲發放基層公務人員薪水的情形。為了解決上述問題，下列何者最可能是該縣政府依法採行的方法？(A)調高所得稅的課徵稅率(B)發展地方特色產業活動(C)維持市場上的交易秩序(D)提高社會福利支出比例,0.42,0.51
104,社會,27,27.某黨主席在一場選舉活動中，為該黨候選人李大同拉票的發言內容如下：「李大同已多次連任，具有豐富的經驗，相信他一定能為大家好好的監督政府，請各位選民繼續給他連任的機會。」李大同所參選的公職人員最可能是下列何者？(A)市長(B)鎮長(C)監察委員(D)立法委員,0.5,0.59
104,社會,28,"28.右列是阿平上課報告時所舉的例子，汽車駕駛人於開車時，使用手持式根據其內容判斷，下列何者最可能是行動電話進行撥接或通話者，處新該報告的主題？臺幣3,000元罰款。(A)政府可透過刑事處罰減少犯罪事件不良場所業者應拒絕兒童及少年進(B)政府可藉由行政處分處理外部效果入，違者將被主管機關處以罰款，並(C)政府可制定民事法規解決民事糾紛公告負責人姓名。(D)政府可修改相關法規增加國家稅收",0.49,0.61
104,社會,29,29.小英和阿泉一起編製竹筐和斗笠，依比較利益法則進行分表(二)工，阿泉被分配去製作竹筐，表(二)是他們每小時所能製作竹筐斗笠數量的部分數據。根據上述內容判斷，下列敘述何者正確？小英6(A)小英在製作斗笠上具有絕對利益阿泉3乙(B)阿泉在製作斗笠上具有絕對利益單位：個(C)小英製作斗笠的機會成本比較高(D)阿泉製作斗笠的機會成本比較低,0.44,0.56
104,社會,30,30.新聞節目製作了藝人林小花的專題報導，而小花在看完報導後認為內容有誤，造成她的困擾。律師告訴小花，其實她有權要求該節目給予答辯之機會，且電視臺不得拒絕。下列何者最符合上述內容的意涵？(A)公民享有接受媒體採訪與否的自由(B)媒體工作者有報導社會事件的自由(C)媒體經營者有選擇報導內容的權利(D)大眾享有公平接近使用媒體的權利,0.47,0.61
104,社會,31,31.在古代，由於沒有電話和無線電等通訊設備，烽火臺成為傳遞軍情的最好設施之一，傳遞的方法是白天燃煙，夜間舉火。為使軍200情能快速傳遞，烽火臺通常設置在視野極佳的位置。圖(十五)中甲、乙、丙、丁哪一地40030020000m1點最適合設置烽火臺？(A)甲(B)乙(C)丙(D)丁圖(十五),0.44,0.83
104,社會,32,32.近年來，中國許多內陸的民工不願再到沿海地區工作，反而留在家鄉就業，使沿海地區爆發嚴重的「缺工潮」，沿海工廠只好不斷放寬條件限制，或以其他誘因來吸引員工。下列何者最可能是造成上述缺工潮的原因？(A)沿海地區的工廠外移(B)內陸地區的物價高漲(C)沿海地區薪資所得降低(D)內陸地區就業機會增加,0.42,0.53
104,社會,33,33.希臘的海岸線曲折、多海灣，這是因陸地丘陵延伸至海岸，受海面相對上升的影響，沿海谷地被海水淹沒，使得各處都有深入內陸的海灣。依上文所描述的海岸特性，下列何處的海岸類型與希臘最為相似？(A)臺灣東部海岸(B)埃及尼羅河口(C)中國華南沿海(D)大洋洲吐瓦魯海岸,0.58,0.52
104,社會,34,34.圖(十六)呈現2000年某一地理現象在不同60°N緯度的分布差異。已知縱坐標為緯度，30°N0°橫坐標代表該現象的數據。根據該現象30°S在不同緯度的數據大小判斷，此一地理60°S現象最可能是指下列何者？(A)人口數(B)年降水量圖(十六)(C)森林面積(D)人均GDP,0.36,0.33
104,社會,35,35.德國由於生育率低，人口結構老化，總表(三)人口數多年呈現負成長。2011年，該國年度2010年2011年總人口數較前一年成長0.1%，是近年人口資料來首度正成長。表(三)是該國2010年和總人口數8170.88180.02011年的部分人口資料，根據表中資料新生兒人口數67.866.3推論，下列何者最可能是德國該年總人死亡人口數85.885.2口數增加的主要原因？單位：萬人(A)政府鼓勵生育的政策奏效(B)大幅開放東歐國家的移民(C)老人慢性病獲得明顯控制(D)給予多國觀光免簽證待遇,0.37,0.44
104,社會,36,36.圖(十七)中甲、乙、丙三張照片，分別與某戰爭中的三個重要事件有關，若依這些事件發生的時間先後順序排列，下列何者正確？(cid:17392)(cid:433)(cid:25653)(cid:11212)(cid:8797)(cid:10766)(cid:11782)(cid:16580)(cid:16246)(cid:24376)(cid:23711)(cid:7447)(cid:433)(cid:17035)(cid:17054)(cid:15597)(cid:7497)(cid:23112)(cid:19390)(cid:11955)(cid:26598)(cid:7383)(cid:433)(cid:22972)(cid:13754)(cid:18922)(cid:17721)(cid:25910)(cid:25889)(cid:7519)(cid:10949)(cid:10153)(cid:19390)(cid:11955)(cid:18255)圖(十七)(A)乙甲丙(B)乙丙甲(C)丙甲乙(D)丙乙甲,0.43,0.45
104,社會,37,37.歷史學者曾指出：「西周的封建，乃是一種侵略性的武裝移民與軍事占領。」上述朝代的封建擴張，主要是向圖(十八)中哪一方向？(A)甲(B)乙(C)丙(D)丁圖(十八),0.34,0.46
104,社會,38,38.表(四)是歷史上某人在臺灣旅遊的部分行表(四)程，依內容判斷，此人最可能是下列何時間地點參觀行程者？孔廟、赤崁樓、2/22-2/23臺南(A)日本統治下訪臺的國會議員嘉南大圳(B)清代開港時來臺的外國商人西子灣海水浴場、2/23-2/24高雄(C)跟隨鄭成功來臺的明朝文人臺糖製糖廠(D)荷蘭聯合東印度公司的駐臺牧師2/24屏東鵝鑾鼻燈塔,0.55,0.5
104,社會,39,39.圖(十九)呈現在1500年與1913年，某一洲的國家因政70治、軍事、經濟力量的轉變，所掌控的世界陸地面60積比例的變化。此一洲最可能是下列何者？50(A)非洲40(B)美洲30(C)亞洲2010(D)歐洲,0.37,0.46
104,社會,40,40.某國因強烈颶風侵襲，導致各地發生嚴重災情、民眾傷亡無數。若這樣的情況發生在我國，而政府認為應發布緊急命令加以因應，下列何者是其生效的必要條件之一？(A)經行政院發布(B)經立法院追認(C)經憲法法庭審理(D)經公民投票複決,0.57,0.47
104,社會,41,41.圖(二十)是上公民課時使用的教(cid:22282)(cid:13309)(cid:22770)(cid:22749)(cid:15055)(cid:7497)(cid:14086)(cid:7604)具，根據圖中的相對關係判斷，(cid:14086)(cid:7604)該「權利救濟機關」應為下列何(cid:14792)(cid:14792)(cid:8423)(cid:8423)(cid:13327)(cid:13327)(cid:16029)(cid:16029)(cid:14621)(cid:14621)(cid:25754)(cid:25754)者？(A)地方法院(cid:8968)(cid:22770)(cid:7425)(cid:22932)(cid:26140)(cid:8968)(cid:22770)(cid:7425)(cid:22932)(B)行政法院(cid:14086)(cid:7604)(cid:14086)(cid:7604)(C)調解委員會(cid:7585)(cid:22310)(cid:8877)(cid:8911)(cid:22832)(cid:14621)(cid:25754)(cid:10953)(cid:15104)(cid:14792)(cid:8423)(cid:13327)(cid:16029)(D)上級主管機關(cid:7585)(cid:22310)(cid:7371)(cid:8877)(cid:8911)(cid:22832)(cid:14621)(cid:25754)(cid:10953)(cid:15104)(cid:14792)(cid:8423)(cid:13327)(cid:16029),0.47,0.56
104,社會,42,42.飯店業者常運用需求法則，針對不同時段表(五)的來客數量設定不同的價格，希望盡可能時段原本房價(元)優惠後房價(元)提高住房率。表(五)為某飯店原本房價及甲40002800優惠後房價，根據表中資料判斷，若不考乙40002000慮其他條件，下列何者最可能是該飯店推丙40003600出優惠方案之前的住房情況？(A)(B)(C)(D),0.36,0.54
104,社會,43,43.圖(二十一)是依某店家招牌商品的市場供需狀況所繪110製的圖形，根據圖中訊息判斷，此項招牌商品在下60列四種定價時，何者為店家帶來的銷貨收入最高？40(A)2020(B)40020405575(C)60(D)110圖(二十一),0.4,0.44
104,社會,44,44.基於家庭倫理及優生學的考量，我國《民法》規定具有近親關係的血親及姻親間不得結婚。根據上述內容判斷，下列何種組合若登記結婚，其婚姻最可能是有效的？(A)愛美與哥哥的養子(B)曉華與伯父的兒子(C)大明與大嫂的妹妹(D)英俊與姑姑的女兒,0.16,0.41
104,社會,45,45.從十六世紀哥白尼的「地球繞日說」，到十七世紀伽利略主張「太陽中心說」、牛頓發表「萬有引力定律」，這些學說的提出，在歷史上最可能具有下列何種意義？(A)嘗試改變生產方式，使用機器取代人力(B)宣揚社會福利概念，解決貧富差距問題(C)試圖用理性態度，了解宇宙的自然法則(D)強調個性解放，重視人類的情感與直覺,0.39,0.91
104,社會,46,46.新聞報導：「少子化問題日益嚴重，我國的自然增加率恐將成為負值，政府已把此問題視為危及國家安全的國安議題，交由各部會擬定妥善的因應政策。」上述內容最可能是在關切下列哪一項國家組成要素的變化？(A)主權(B)人民(C)政府(D)領土,0.41,0.9
104,社會,47,47.公民老師為介紹歷史上某一重要事件所使用的簡圖，如圖(二十二)，其中甲、乙最可能為下列何者？(cid:8797)(cid:9630)(cid:11823)(cid:26301)(cid:9586)(cid:24715)(cid:17392)(cid:7447)(cid:24280)(cid:23398)(cid:20582)(cid:20471)圖(二十二)(A)甲：政府持續大量發行貨幣，乙：人民生活水準上升(B)甲：政府持續大量發行貨幣，乙：人民生活水準下降(C)甲：政府減少貨幣流通數量，乙：人民生活水準上升(D)甲：政府減少貨幣流通數量，乙：人民生活水準下降,0.5,0.82
104,社會,48,48.18歲的小蔡買了新房子，並完成相關手續，父母知情後雖不同意，但買賣契約仍然有效；19歲的雯雯買了昂貴的名牌包，但因某些原因，此交易行為無效。根據上述內容判斷，文中二人的情形最不可能是下列何者？(A)雯雯遭受了監護宣告(B)小蔡的婚姻狀況為已婚(C)雯雯屬於限制行為能力人(D)小蔡屬於限制行為能力人,0.53,0.55
104,社會,49,49.圖(二十三)呈現某一歷史事件前後，清朝治臺措施的差異。從圖中內容判斷，此一事件應是下列何者？(A)甲午戰爭(B)中法戰爭(C)林爽文事件圖(二十三)(D)牡丹社事件,0.54,0.46
104,社會,50,50.中國某電視臺舉辦旅遊路線設計比賽，其中有一路線的行程安排如圖(二十四)所示。若要寫出呈(cid:16967)(cid:16967)(cid:25662)(cid:25662)(cid:25754)(cid:25754)現該路線特色的介紹詞句，下列何者最合適？(cid:24592)(cid:24592)(cid:15239)(cid:15239)(cid:13348)(cid:13348)(cid:16394)(cid:16394)(A)走近黃河源頭，探訪生命禁區(B)重走絲綢之路，再現大漠風光(cid:11763)(cid:11763)(cid:12884)(cid:12884)(C)豪情塞上威風鼓，黃土高原信天游(cid:14884)(cid:14884)(cid:10431)(cid:10431)(D)甘甜瓜果齒留香，維族姑娘裙飛揚圖(二十四),0.44,0.63
104,社會,51,51.2013年，巴西幣貶值，幣值創四年來低點，連帶影響該國的進出口貿易。若其他條件不變的情況下，此幣值波動對巴西咖啡產業造成的影響，下列何者正確？(A)巴西為出口國，此種波動有利咖啡出口(B)巴西為出口國，此種波動不利咖啡出口(C)巴西為進口國，此種波動有利咖啡進口(D)巴西為進口國，此種波動不利咖啡進口,0.5,0.51
104,社會,52,52.圖(二十五)是某旅遊手冊的部分內容，此手冊最可能是介紹圖(二十六)中的何地？(cid:17392)(A)甲(cid:7447)(B)乙(cid:24576)(cid:11918)(cid:8543)(cid:10098)(cid:18027)(cid:12190)(cid:12022)(cid:9163)(cid:10248)(cid:12001)(cid:19376)(cid:399)(cid:13846)(cid:12190)(cid:9970)(cid:19800)(cid:15522)(cid:15179)(cid:10007)(cid:13865)(cid:12839)(cid:20975)(cid:19376)(cid:18027)(C)丙(cid:20004)(cid:18250)(cid:11135)(cid:24735)(cid:731)(cid:19219)(cid:7655)(cid:15112)(cid:7677)(cid:17715)(cid:10510)(cid:12823)(cid:7383)(D)丁(cid:13865)(cid:399)(cid:13772)(cid:14099)(cid:24601)(cid:8540)(cid:15179)(cid:10007)(cid:399)(cid:20467)(cid:12147)(cid:9149),0.39,0.4
104,社會,53,53.假設身為監察委員的大佑，在某表(六)段期間看到媒體揭露的四則新聞新聞報導內容報導，如表(六)所示。根據大佑的民調顯示，民眾對於內閣官員的滿甲職權判斷，表中哪一則新聞的報意度大幅下滑。導對象，最可能被他提出彈劾？幫派分子製毒，警方破獲史上最大乙(A)甲毒品販賣集團。(B)乙現任總統疑似洩漏國家機密，影響丙(C)丙國家安全。(D)丁中央政府部會首長涉嫌官商勾結，,0.43,0.56
104,社會,54,54.崇明島是位於中國第一大河出海口的島嶼，大部分隸屬於上海市。在某一段時期，由於居民在島嶼周邊圍河造田，加上該大河流域內其他地區的人為活動，使得島嶼面積逐漸增加。下列哪項人為活動與上文描述的島嶼面積變化關連最密切？(A)興築長江三峽大壩(B)砍伐長江流域的森林(C)在河套地區引水灌溉(D)在黃河下游修築堤防,0.35,0.33
104,社會,55,55.秧秧至某城市旅遊，發現此城市曾歷經亞歷山大帝國、羅馬帝國、阿拉伯帝國、鄂圖曼土耳其帝國的統治。秧秧最可能至下列哪一城市旅遊？(A)埃及開羅(B)希臘雅典(C)義大利羅馬(D)沙烏地阿拉伯麥加,0.33,0.23
104,社會,56,56.上文所述社會動盪不安的年代，主要是指下列何者？(A)1910年代(B)1930年代(C)1940年代(D)1960年代,0.39,0.41
104,社會,57,57.下列哪一組經緯度坐標，最接近上述內陸國家所在位置？(A)(60°W，23.5°N)(B)(60°W，23.5°S)(C)(120°W，23.5°N)(D)(120°W，23.5°S),0.18,0.31
104,社會,58,58.上述內陸國家境內的山區，應屬於下列哪一座山脈？(A)落磯山脈&落磯山脈＝洛磯山脈(B)安地斯山脈(C)阿帕拉契山脈(D)喀爾巴阡山脈,0.53,0.56
104,社會,59,59.根據上述內容判斷，下列哪種社會變遷的趨勢最可能符合文中敘述？(A)(B)(C)(D),0.54,0.72
104,社會,60,60.文中所提及違法行為應受到的處罰，與下列何者所應負起的法律責任類型相同？(A)未依契約規定完成施工(B)拒絕酒測遭到吊銷駕照(C)未盡兵役義務遭到起訴(D)酒後駕車造成公共危險,0.47,0.38
104,社會,61,61.上文中美國國會通過的「法案」，最可能呈現下列哪一概念？(A)地方自治的展現(B)民意機關的建立(C)基本人權的保障(D)分權制衡的設計,0.42,0.81
104,社會,62,62.根據上文對中國的描述，當時中國最可能出現下列哪一景象？(A)政府鼓勵民眾交出鐵製品，供國家煉鋼(B)派遣軍隊前往朝鮮半島，援助北韓作戰(C)國家推動改革開放，在深圳設經濟特區(D)紅衛兵四處鬥爭，毀損歷史文物和書籍,0.6,0.63
104,社會,63,63.上文所述的「老大哥」，最可能是下列何者？(A)蘇聯(B)美國(C)中國(D)英國,0.54,0.72
105,社會,1,1.表(一)為2010年臺灣北、中、南、東四大區表(一)域的產業人口比例，其中何者為北部區域？區域甲乙丙丁(A)甲產業(B)乙第一級產業11579(C)丙第二級產業34233640(D)丁第三級產業65625751,0.43,0.83
105,社會,2,2.()小章在郵局網頁上看到如圖一的訊息，圖(cid:13758)(cid:13422)(cid:15430)(cid:12077)(cid:8527)(cid:24783)(cid:15727)(cid:12374)中各國適逢連續假期，是因為此期間有這些(cid:26708)(cid:26303)(cid:3)(cid:3)(cid:33)(cid:22728)(cid:12077)(cid:7403)(cid:11905)(cid:3)(cid:3)(cid:33)(cid:13758)(cid:13422)(cid:15430)(cid:12077)(cid:3)(cid:9628)(cid:7368)(cid:26303)(cid:9628)(cid:8405)(cid:22310)(cid:20)(cid:19)(cid:22)(cid:11570)(cid:26)(cid:13766)(cid:11603)(cid:24359)(cid:24288)(cid:15156)(cid:21192)(cid:433)(cid:9857)(cid:8840)(cid:433)(cid:8750)(cid:11002)(cid:433)國家主要宗教信仰的重要節日。圖中各國的(cid:11442)(cid:9912)(cid:13421)(cid:9764)(cid:433)(cid:15191)(cid:16269)(cid:9710)(cid:25853)(cid:12679)(cid:7661)(cid:433)(cid:9693)(cid:20209)(cid:8244)(cid:433)主要宗教信仰應為下列何者？(cid:25853)(cid:12679)(cid:7661)(cid:20269)(cid:8902)(cid:10213)(cid:8234)(cid:9673)(cid:18951)(cid:9673)(cid:7433)(cid:24289)(cid:19786)(cid:7941)(cid:13789)(cid:28629)(A)佛教(cid:10882)(cid:11838)(cid:7368)(cid:24238)(cid:9673)(cid:10868)(cid:17730)(cid:24499)(cid:7604)(cid:22921)(cid:8150)(cid:13479)(cid:7522)(cid:10882)(cid:28629)(cid:7587)(B)(cid:8203)(cid:24363)(cid:20658)(cid:11700)(cid:22882)(cid:434)印度教(cid:17722)(cid:11457)(cid:9324)(cid:7691)(cid:29)(cid:24499)(cid:8599)(cid:21779)(cid:3)(cid:3)(cid:3)(cid:3)(cid:3)(cid:3)(cid:3)(cid:3)(cid:17722)(cid:11457)(cid:13568)(cid:25681)(cid:29)(cid:20)(cid:19)(cid:22)(cid:18)(cid:19)(cid:26)(cid:18)(cid:21)(cid:20)(cid:3)(cid:3)(cid:3)(cid:3)(cid:3)(cid:3)(cid:25711)(cid:14815)(cid:29)(cid:24)(cid:24)(cid:27)(C)基督教()圖一(D),0.48,0.83
105,社會,3,3.195019800中國在至年間，對一月月均溫低於℃的區域施行免費供煤取暖政策，但卻造成嚴重空氣汙染，影響當地居民健康。該政策實際供煤的區域，大致以下列哪條河流為其南界？(A)(B)黃河淮河(cid:9693)(C)(D)(cid:18097),0.45,0.57
105,社會,4,4.()圖二為某種災害的警告標示牌，用來提醒民眾提高警覺。(cid:8751)(cid:3)(cid:3)(cid:25960)根據臺灣行政區的地形特色判斷，此種標示牌在下列哪個(cid:3)(cid:3)(cid:3)(cid:3)(cid:4)()縣市最多？(cid:2653)(cid:3313)(A)彰化縣(cid:6075)(cid:1393)(B)雲林縣(cid:4588)(cid:1881)(cid:2008)(C)南投縣(cid:3904)(cid:2580)(D),0.31,0.76
105,社會,5,5.()非洲的昏睡症是由嗤嗤蠅傳播的一種疾病，圖三是嗤嗤蠅的影響範圍，下列何者大部分地區位於此範圍內？(A)剛果盆地(B)撒哈拉盆地(C)喀拉哈里盆地(D),0.51,0.71
105,社會,6,6.()圖四是某旅行社的傳單內容，若想了解當地原住(cid:10953)(cid:12604)(cid:15413)(cid:7368)(cid:17035)(cid:17054)(cid:28711)(cid:21739)(cid:11386)(cid:7433)(cid:13443)民族的生活，最適合參考下列哪一本書？(cid:12550)(cid:9150)(cid:24583)(cid:20998)(cid:18027)(cid:19621)(cid:15938)(cid:11724)(cid:21956)(cid:730)(cid:26644)(A)《矮靈祭的傳說》(cid:27349)(cid:20997)(cid:18027)(cid:16792)(cid:12460)(cid:399)(cid:27323)(cid:27198)(cid:8492)(cid:16102)(cid:15650)(B)《飛魚祭的探索》(cid:8834)(cid:18027)(cid:9094)(cid:7990)(cid:15352)(cid:26767)(cid:12460)(cid:731)(C)《祀壺信仰的淵源》(cid:3)(cid:3)(cid:3)(cid:3)(cid:3)(cid:3)(cid:3)(cid:3)(cid:3)(cid:3)(cid:3)(cid:3)(cid:3)(cid:3)(cid:3)(cid:3)(cid:3)(cid:3)(cid:3)(cid:3)(cid:3)(cid:3)(cid:3)(cid:3)(cid:3)(cid:3)(cid:23130)(cid:12460)(cid:23218)(cid:15652)(cid:265)(cid:265)(cid:13740)(cid:24625)()(D)圖四,0.31,0.95
105,社會,7,7.表(二)是臺灣某時期官方書籍所推薦當時表(二)北部地區參訪地點的整理，根據內容判參訪地點性質斷，表中的「？」最可能是下列何者？國語學校教育機構(A)臺灣府臺北郵便局(郵局)通訊機構(B)臺灣總督府臺灣神社統治象徵(C)臺灣省政府？最高統治機關(D),0.41,0.85
105,社會,8,8.3500約西元前年開始，人類歷史陸續發展出高度文明，如：西亞的蘇美、埃及古王國及中國的殷商時期，下列何者為上述古文明的共同特色？(A)(B)出現文字強調一神信仰(C)(D),0.54,0.79
105,社會,9,9.()圖五中的句子，是學生報告的段落標題。此份(cid:907)(cid:501)(cid:4844)(cid:5109)(cid:1855)(cid:2052)(cid:5257)(cid:3450)(cid:1844)報告的題目，最可能是下列何者？(cid:914)(cid:501)(cid:1855)(cid:1780)(cid:1520)(cid:4533)(cid:6112)(cid:2310)(cid:1051)(A)荷西爭奪臺灣的紛擾(cid:927)(cid:501)(cid:4423)(cid:915)(cid:1943)(cid:3950)(cid:1736)(cid:3214)(cid:2597)(B)鄭氏三代的臺灣經營(cid:1124)(cid:501)(cid:1390)(cid:3059)(cid:12128)(cid:5043)(cid:3222)(cid:2398)(cid:3118)(C)朱一貴反清事件的始末()圖五(D),0.57,0.77
105,社會,10,10.()圖六是某出土文物上刻寫的銘文，(cid:914)(cid:924)(cid:996)(cid:1283)(cid:500)(cid:2276)(cid:2118)(cid:2443)(cid:1651)(cid:1018)(cid:928)依其內容大意判斷，最可能是呈現下(cid:4943)(cid:2016)(cid:500)(cid:1325)(cid:1737)(cid:1171)(cid:2226)(cid:1276)(cid:1747)(cid:502)(cid:1189)列何人的事蹟？(cid:4134)(cid:2241)(cid:2276)(cid:2118)(cid:500)(cid:1632)(cid:928)(cid:3733)(cid:1190)(cid:2284)(cid:10033)(A)(B)(cid:1923)(cid:501)(cid:1062)(cid:4500)(cid:914)(cid:915)(cid:500)(cid:2962)(cid:2458)(cid:1219)(cid:1242)秦始皇漢武帝(cid:2927)(cid:972)(cid:1237)(cid:1937)(cid:2123)(cid:3782)(cid:5245)(cid:500)(cid:1091)(cid:1072)(cid:3213)(cid:907)(cid:502)(C)(D),0.54,0.73
105,社會,11,11.()圖七呈現清中葉以後，朝廷允許外國傳(cid:3834)(cid:3058)(cid:947)(cid:3835)(cid:2760)(cid:1255)(cid:4726)(cid:1280)(cid:1937)(cid:2160)(cid:1747)(cid:2900)(cid:2929)(cid:2226)(cid:2895)教士在華活動範圍逐漸改變的情形。造成此轉變的原因，最可能是下列何者？(cid:3834)(cid:3058)(cid:947)(cid:1105)(cid:1072)(cid:1255)(cid:930)(cid:2631)(cid:3643)(cid:3311)(cid:2904)(cid:945)(cid:1758)(cid:3834)(cid:3058)(A)清朝對外條約的簽訂(B)太平天國的傳教影響(cid:3834)(cid:3058)(cid:947)(cid:1105)(cid:1072)(cid:1673)(cid:973)(cid:2927)(cid:995)(cid:1254)(cid:4207)(cid:5141)(cid:501)(cid:3834)(cid:3058)(C)清朝接受美國的門戶開放政策()圖七(D),0.58,0.73
105,社會,12,12.小韓無意間涉入一起珠寶竊案而遭檢察官約談，雖然案件仍在調查階段，但因媒體的報導，使小韓飽受朋友及路人的異樣眼光，他不平地認為社會上的法治素養實在有待加強。上述小韓指的法治素養最可能是下列何者？(A)告訴乃論之罪，司法人員不得主動追究(B)人民不分貧富貴賤，犯罪就要依法處罰(C)法律未明定處罰的行為，不得任意處罰0200(cid:2634)(D)(cid:7447)(cid:7447),0.5,0.82
105,社會,13,13.我國籍遠洋漁船上，船長與漁工的對話如下：(cid:17392)(cid:17392)漁工小義：「船長，我們可以下網捕魚了嗎？」(cid:7359)(cid:7359)Y(cid:2927)X(cid:2927)船長小城：「沒問題，我們的船已經開到可自由捕魚的公海上了。」根據上述內容判斷，小城的船隻最可能位於圖(八)中哪一個位置？圖(八)(A)(B)(C)(D),0.35,0.82
105,社會,14,14.()小安有甲、乙、丙三份工作機會，將其機會成本繪製表三()如表三。若小安在繪製表格時僅以薪資為考量，工作機會成本根據表中內容判斷，甲、乙、丙三份工作的薪資，甲丙的薪資由高到低依序為下列何者？乙甲的薪資(A)(B)丙、乙、甲甲、丙、乙丙甲的薪資(C)(D),0.53,0.71
105,社會,15,15.一位釣客因天黑視線不良誤入商港範圍內釣魚，但他的行為已違反相關法規，將可能被處以罰鍰，警方提醒民眾千萬不要因疏忽而觸法。上述釣客若被開罰而不服，依法他應先採下列何種方式進行權利救濟？(A)(B)向警察機關提出請願向高等法院提出上訴(C)(D),0.35,0.72
105,社會,16,16.某小鎮的夜市因各大美食節目頻頻採訪而聲名大噪，許多觀光客慕名而來，但因當地目前的基礎建設無法容納眾多人潮與車潮，導致交通堵塞情況嚴重。若?該小鎮的鎮長採取某種方法解決上述問題，下列何者最可能是他的作法(A)(B)增加所得稅收興建公共造產(C)(D),0.35,0.75
105,社會,17,17.某官員在接受質詢時說：「近來因國際投資客將大筆資金投入我國金融市場，使得新臺幣相對美元大幅升值，為避免過度升值對我國出口貿易產生不利影響，我們將會適時介入影響新臺幣的匯率、控制貨幣數量，以維持物價的穩定。」下列何者最可能是上述官員任職的政府機關？(A)(B)財政部經濟部(C)(D),0.44,0.68
105,社會,18,18.2012年，某作物的世界前四大出口國為泰國、印尼、越南和馬來西亞。根據這些國家的自然環境特徵判斷，該作物最可能為下列何者？(A)(B)小麥棉花(C)(D),0.58,0.57
105,社會,19,19.表(四)為某種環境問題在各個表(四)地區造成的影響，該環境問題地區影響持續惡化後，最可能出現下列喜馬拉雅山區冰河逐漸消退何種現象？熱帶海域大量珊瑚白化(A)海水淹沒沿海低窪地區北極地區部分動物棲息地減少(B)兩極地區海水鹽度上升溫帶地區出現熱帶地區常見的傳染病(C)沿海地區地層下陷嚴重(D),0.5,0.83
105,社會,20,20.2009「年侵襲臺灣的莫拉克颱風帶來驚人雨量，隨著豪雨沖刷下來的漂流木，布滿東海岸的海域，導致臺東許多漁港暫時關閉；部分漂流木更順著洋流流動到其他國家附近的海域，影響其海上作業船隻的安全。」根據臺灣附近洋流流向判斷，這些漂流木最可能會流動到哪個地區附近的海域？(A)(B)中國海南島印尼爪哇島(C)(D),0.47,0.69
105,社會,21,"21.一地的人口密度常隨海拔高度的不同而異，海拔高度人口密度()表五為某類型國家兩種海拔高度分區的人口1,000公尺以下較稀疏疏密狀況，其結果與全球多數國家相反。該1,000公尺以上較稠密類型國家最可能位於下列哪一緯度區內？(A)66.5N90N(B)30N60N°～°°～°(C)23.5N23.5S(D)40S66.5S",0.5,0.58
105,社會,22,22.《諸羅縣志》記載：「……為縣治往郡必由之路。舊時冬春架竹為之，上覆以土；夏秋水漲漂去，設渡以濟行人。」上文是描述臺灣某地過去在冬春時，會架起簡易的竹橋以利通行，夏秋時則因竹橋會遭沖毀遂改以渡船代之。上述不同季節的過溪方式，與當地河川的何種特色關係最密切？(A)(B)坡陡流急泥沙含量偏高(C)(D),0.6,0.59
105,社會,23,23.22N25N120E122E臺灣本島的位置約介於°～°，°～°之間。某中國旅遊團(24.16N至臺灣某地遊覽時，車上的定位系統測得該地的經緯度坐標為°，121.62E)°，該旅遊團最可能是在下列何處遊覽？(A)(B)嘉義阿里山花蓮太魯閣(C)(D),0.35,0.54
105,社會,24,24.「中國史上，某位皇帝考量原根據地的農業生產落後，且北方外族威脅漸弱，為有效擴張勢力，因此將都城向南遷徙到漢文化的重鎮。遷都後，因貴族與大臣反彈，甚至起而叛亂，皇帝剷除反對勢力後，更加大力推行漢化。」上文所述最可能是下列何事？(A)(B)忽必烈建都大都明成祖移都北京(C)(D),0.54,0.68
105,社會,25,25.()表六表六是某一組織的重要事件整理，根據內容判重要事件斷，下列何者最適合放入表中的「？」處？(A)★成立於十七世紀初從印度輸出大量瓷器販賣至中國(B)以白銀吸引中國商人至馬尼拉交易★？(C)以澳門為據點，推動亞洲傳教事業★曾在臺灣、南非好望角(D)設亞洲總部於巴達維亞，統籌經營等地建立殖民地,0.62,0.48
105,社會,26,26.表(七)呈現某帝國的形勢表(七)演變，此帝國最可能是下時間形勢演變列何者？十三世紀興起於安納托力亞高原(A)奧匈帝國十六世紀掌控巴爾幹半島，邁向全盛時期(B)拜占庭帝國十九世紀因俄國、英國、法國的侵略而衰弱(C)神聖羅馬帝國二十世紀第一次世界大戰戰敗，帝國瓦解(D),0.42,0.58
105,社會,27,27.以下是某書對臺灣的描述：「此時期臺灣居民不得與外國往來，而且統治者為了管制移民、稽查海盜，還限定臺灣與中國大陸的對渡港口。當時臺灣所輸出的稻米幾乎全部銷往福建及其附近地區，糖則主要運銷華中、華北和東北。」此時期由負責上述貨物運銷的商人所自行組成的組織，最可能是下列何者？(A)郊&郊＝行郊；(B)總理衙門：總理各洋行國事務衙門的簡稱。(C)市舶司(D),0.54,0.63
105,社會,28,28.某雜誌對臺灣當時的鐵路建設有以下描述：「目前已修築完成的鐵路，路線包括：()一、從基隆經臺北、新竹到中港今竹南，二、從大稻埕、臺北到淡水，三、從嘉義經臺南到打狗等。至於中港到嘉義間，由於需跨越多條河流，工程尤其困難，但預計在幾年後，就可以貫通臺灣南北。」雜誌的描寫，其時間點最可能在下列哪一時期？(A)(B)荷蘭統治時期鄭氏統治時期(C)(D),0.41,0.54
105,社會,29,29.()圖九是關於我國《憲法》中人民基本權利的分類，(cid:11866)(cid:19248)(cid:15089)(cid:20945)(cid:17688)(cid:15089)阿偉聽完老師的講解後，在課本上加了甲、乙、丙、(cid:1176)(cid:908)(cid:12400)(cid:15251)丁四個註解，下列何者最適合作為「乙」註解的內容？(A)(cid:1063)(cid:909)報考公務人員考試(cid:9150)(cid:18097)(cid:15089)(cid:9130)(cid:13606)(cid:15089)(B)提供民眾職業訓練管道(C)投書媒體評論政府政策圖(九)(D),0.49,0.74
105,社會,30,30.公民老師請同學以生活中的表(八)新聞為題材，利用課堂所學姓名新聞標題為新聞內容訂標題。根據表(八)小美十三歲嫌犯，將移送少年法院審理的內容判斷，哪一位同學寫小幸食品檢驗不合格，縣政府將處罰鍰的標題有誤？阿楷行政機關浪費水，監察院提出糾正(A)(B)小美小幸阿涵冷血殺人犯，檢察官作出死刑判決(C)(D),0.44,0.65
105,社會,31,31.某景點的特色是搭船遊湖欣賞湖光山色，各船公司紛紛推出不同的廣告標()語來吸引遊客搭乘。圖十是某四家船公司的廣告標語，其中何者運用了「需求法則」的概念？(cid:17392)(cid:7447)(cid:2858)(cid:3377)(cid:1235)(cid:3177)(cid:4944)(cid:2194)(cid:1762)(cid:1374)(cid:1602)(cid:3228)(cid:514)(cid:3260)(cid:5244)(cid:3306)(cid:1317)(cid:2878)(cid:2748)(cid:1963)(cid:4962)(cid:1030)(cid:4957)(cid:1291)(cid:1047)(cid:3943)(cid:2425)(cid:516)(cid:3699)(cid:5005)(cid:1952)(cid:4603)(cid:3709)(cid:2549)(cid:3536)(cid:516)(cid:7383)(cid:7359)(cid:5579)(cid:3766)(cid:1119)(cid:3650)(cid:3260)(cid:3210)(cid:514)(cid:1013)(cid:1128)(cid:1260)(cid:1907)(cid:1204)(cid:2609)(cid:514)(cid:1120)(cid:5110)(cid:3210)(cid:2612)(cid:1404)(cid:3763)(cid:3943)(cid:1266)(cid:3650)(cid:516)(cid:3260)(cid:2874)(cid:4101)(cid:2184)(cid:1787)(cid:5423)(cid:6236)(cid:1260)(cid:2624)(cid:516)()圖十(A)(B)(C)(D),0.51,0.59
105,社會,32,32.新聞報導：某業者成立基金會，並設置專線作為捐款平臺，讓民眾可以透過這個管道，即時捐款給需要幫助的人，民眾每捐一元，基金會也捐一元，共同響應公益活動。根據上述內容判斷，關於該基金會的敘述，下列何者最適當？(A)屬於地方自治組織的一種(B)成立依據為《集會遊行法》(C)推動該活動可落實社會責任(D),0.38,0.55
105,社會,33,33.()圖十一為我國某地區在一段期間內發生的各類(cid:8898)(cid:26396)(cid:22770)(cid:22749)(cid:14086)(cid:7604)(cid:19503)(cid:22726)(cid:19470)(cid:13914)訴訟案件統計結果。根據圖中資料判斷，下列哪一項推論最合理？1.(cid:1159)(cid:1635)(cid:2594)(cid:1209)145(cid:1209)(A)45提起公訴的案件可能為件2.(cid:1225)(cid:1635)(cid:2594)(cid:1209)42(cid:1209)(B)50提起公訴的案件可能為件3.(cid:1353)(cid:2169)(cid:2594)(cid:1209)8(cid:1209)(C)126可以調解的案件可能為件(D)可以調解的案件可能為162件圖(十一),0.39,0.22
105,社會,34,34.表(九)為某一海港表(九)歷年四季的風向頻(cid:2405)(cid:1243)IIIIIIIV(cid:5321)(cid:2405)(cid:2405)(cid:1243)(cid:1001)(cid:5930)(cid:1745)(cid:4079)(%)(%)(%)(%)(%)N率統計。若僅考慮(cid:44)(cid:44)(cid:44)(cid:44)(cid:44)(cid:44)(cid:2174)46.713.815.721.81.9盛行風向，該港口最可能位於下列哪(cid:2489)19.120.033.026.11.8WE(cid:2303)63.36.08.721.01.0(cid:44)(cid:44)(cid:44)(cid:44)(cid:44)(cid:44)(cid:44)(cid:44)(cid:57)(cid:57)個地區？(A)英國西部(cid:1086)72.16.75.514.80.9S(B)臺灣北部(C)中國東北部(D),0.36,0.5
105,社會,35,35.都市發展與交通息息相關，大都市表(十)常位在各種交通方式交會的樞紐類型交通方式上。小明整理中國大連、北京、甲鐵路－公路樞紐上海、重慶的交通方式，將其歸納乙海運－鐵路－公路樞紐()成表十的四種類型。下列對於上丙河運－鐵路－公路樞紐述四個都市與右表的對應，何者丁河運－海運－鐵路－公路樞紐正確？(A)北京為甲類(B)重慶為乙類(C)上海為丙類(D),0.28,0.47
105,社會,36,36.圖(十二)是某地各季的國際遊客比例。已知當3530地乾季的國際遊客比例最高，該地最可能位於25下列何處？20(A)澳洲西南部地區15(B)10阿根廷彭巴草原5(C)法國地中海沿岸03~5(cid:1044)6~8(cid:1044)9~11(cid:1044)12~2(cid:1044)(D),0.2,0.4
105,社會,37,37.2003年起，中國在六大地區中的某地區實施多項振興經濟的措施，例如：(1)更新工廠老舊設施或進行工業升級。(2)加強與俄羅斯、北韓邊界地區的經貿合作。(3)進行礦業、林業等資源型都市的轉型。下列何者最可能也是該地區進行的計畫之一？(A)改善農地排水問題，增加糧食生產(B)規畫南水北調工程，穩定水源供給(C)增設經濟特區，加強和中亞的貿易(D),0.51,0.31
105,社會,38,38.「此一朝代版圖遼闊，境內民族複雜，蒙古、女真、契丹、高麗、漢族等族雜居；加上先前的軍事行動，曾經遠達西亞、歐洲，帶回突厥、波斯、()斡羅思俄羅斯及東歐各族人士。上述情況使得此朝代族群繁多，遠遠超過其他時期，在中國史上可謂獨一無二。」此一朝代最可能是下列何者？(A)漢朝(B)唐朝(C)元朝(D),0.47,0.54
105,社會,39,39.()2005圖十三為年某博物館的宣傳海報，下列何者最可能是圖中所指「偉大的海上探險」所帶來的影響之一？(A)引發探險風氣，延續歐洲海外拓殖熱潮(B)貿易管道暢通，中國白銀大量流入歐洲(C)中國聲威遠播，奠定華人移居東南亞基礎(D),0.53,0.45
105,社會,40,40.動畫公司設計一部名為「百步蛇與太陽旗的戰爭」的短片，若影片內容須合()乎歷史發展脈絡，則圖十四中「丙場景」應為下列何者？(cid:1176)(cid:908)(cid:1063)(cid:909)(cid:3409)(cid:3409)(cid:3409)(cid:3409)(cid:3507)(cid:3507)(cid:3507)(cid:3507)(cid:2661)(cid:3162)(cid:915)(cid:1159)(cid:4993)(cid:4214)(cid:4778)(cid:2405)(cid:500)(cid:1042)(cid:1153)(cid:5718)(cid:945)(cid:1088)(cid:1390)(cid:4533)(cid:6268)(cid:500)(cid:510)(cid:510)(cid:510)(cid:510)(cid:510)(cid:510)(cid:510)(cid:510)(cid:500)(cid:3118)(cid:1482)(cid:1805)(cid:4577)(cid:1042)(cid:1153)(cid:1088)(cid:1390)(cid:2241)(cid:4422)(cid:2220)(cid:1343)(cid:2052)(cid:4533)(cid:6268)(cid:502)(cid:4534)(cid:2458)(cid:1360)(cid:1159)(cid:3623)(cid:1171)(cid:5151)(cid:5103)(cid:502)(cid:510)(cid:510)(cid:510)(cid:510)(cid:510)(cid:510)(cid:510)(cid:502)(cid:2021)(cid:1159)(cid:4096)(cid:5520)(cid:502)()圖十四(A)淡水、基隆為主要戰場，兩軍死傷無數(B)原住民在南投山區抗日，日軍傷亡慘重(C)朝廷任命沈葆楨為欽差大臣，來臺加強防務(D),0.54,0.56
105,社會,41,41.()(cid:22589)(cid:8193)(cid:22)(cid:21)(cid:11570)圖十五描繪某一重要史事演變及擴展(cid:22589)(cid:8193)(cid:21)(cid:19)(cid:19)(cid:11570)的過程，根據年代與分布範圍的改變判(cid:22589)(cid:8193)(cid:23)(cid:19)(cid:19)(cid:11570)斷，此圖片的主題最可能是下列何者？(cid:22589)(cid:8193)(cid:25)(cid:19)(cid:19)(cid:11570)(A)基督教的傳播(B)日耳曼民族的遷徙(C)伊斯蘭文化的發展(cid:23605)(cid:15694)(cid:9710)(D),0.41,0.41
105,社會,42,42.()老師在課堂上讓同學進行角色扮表十一演，透過相互對話的方式，了解同學角色對話內容我國中央政府的職權運作與互動小哲甲我決定提名阿誠為大法官。()關係。根據表十一的內容判斷，我認為阿誠不適任，所以我大熊乙下列關於甲、乙職權的敘述何者不同意這個人事任命案。正確？(A)甲可對乙提出覆議(B)乙可對甲提出質詢(C)甲可解釋法律命令(D),0.29,0.63
105,社會,43,43.圖(十六)是根據市場調查結果所繪製出的需求(cid:4669)(cid:2609)曲線圖，某公司打算藉此結果為甲、乙二種不(cid:1176)(cid:993)((cid:908)同產品訂價。若此公司隨時備有足夠產品可供)20應市場所需，則依圖中內容判斷，該公司採用15下列何種價格組合的銷貨收入最高？(A)15甲、乙產品皆為元05810(cid:4775)(cid:3782)((cid:943)(cid:2433))(B)20甲、乙產品皆為元()圖十六(C)1520甲產品元，乙產品元(D)2015,0.48,0.51
105,社會,44,44.表(十二)為甲、乙、丙、丁四國在最近表(十二)一次國會選舉後的席次資料。若此四國國家國會席次資料的政黨制度型態相當穩定，且各國前三甲第二大黨獲得20%的席次大黨在每次國會改選後獲得的席次總乙第二大黨獲得47%的席次95%和，占總席次的比例皆超過，根據丙第三大黨獲得2%的席次表中資料判斷，下列何者的政黨制度型丁第三大黨獲得31%的席次態最可能傾向多黨制？(A)(B)甲乙(C)(D),0.5,0.52
105,社會,45,45.小岩、小太與小冬三人，以同時段由其中二人工作的表(十三)方式輪班生產饅頭與包子，且每人一次只負責生產一饅頭包子()項產品，表十三為他們的產能狀況。若小太與小岩搭小岩5040檔生產時，小岩在生產饅頭上具有比較利益；而小太與小太40甲小冬搭檔生產時，小冬在生產包子上具有比較利益，根小冬2525據表中資料判斷，甲最可能為下列何者？單位：個/小時(A)25(B)30(C)35(D)40,0.45,0.45
105,社會,46,46.右列是小美在某一份專題報告中所1.SARS流感、等疾病，透過便捷的舉的例子。根據其內容判斷，下列交通運輸網在世界各地蔓延。何者最可能是小美報告的主題？2.部分國家發展工業時大量使用化石(A)科技倫理燃料，加速地球暖化。(B)全球關連3.國際金融風暴與國際油價攀升，對(C)區域統合各國經濟發展造成影響。(D),0.36,0.93
105,社會,47,47.交通部觀光局推出「臺灣好行」觀光巴士，規畫許多觀光(cid:22654)(cid:8199)(cid:23725)(cid:19608)()路線，藉此行銷臺灣各地區的獨特魅力。圖十七顯示其中一條規畫的路線，此路線的觀光特色主要為下列何者？(A)糖廠文化(B)客家文化(C)鹽田景觀(D),0.49,0.73
105,社會,48,48.老師在課堂上介紹完文化表(十四)的特徵後，抽籤點了四位特徵同學回答內容同學，要他們分別對各個古代書寫的隸書、楷書，逐漸差異性小周特徵舉例。根據表(十四)的演變成我們今日所使用的文字。內容判斷，下列哪一位同世界各地的人們，大多都有與家普遍性阿星學的回答內容最不適當？人、親戚一同慶祝團聚的習俗。(A)小周我國修改交通法規，規定乘坐小制約性琪琪(B)阿星客車後座的乘客應繫上安全帶。(C)琪琪從腳踏車至汽、機車，人們發明累積性小貞(D)小貞更舒適的交通工具往來各地。,0.5,0.73
105,社會,49,49.圖(十八)為1991至2010年臺灣成(cid:11)(cid:20664)(cid:25)(cid:19)(cid:8130)(cid:16161)衣出口產值的變化情形，造成(cid:20044)(cid:12494)(cid:23)(cid:19)(cid:8193)(cid:22305)該變化趨勢的主要原因為何？(cid:12)(cid:8376)(cid:8865)(cid:21)(cid:19)(A)加入世界貿易組織(cid:17376)(B)國內生產成本提高(cid:7930)(cid:19)(cid:20)(cid:28)(cid:28)(cid:24)(cid:21)(cid:19)(cid:19)(cid:19)(cid:21)(cid:19)(cid:19)(cid:24)(cid:21)(cid:19)(cid:20)(cid:19)(cid:11)(cid:11570)(cid:12)(C)國外市場規模擴大圖(十八)(D),0.34,0.5
105,社會,50,50.政府透過許多管道推動社會福利相關政策，例如：以公益彩券回饋金，協助經濟弱勢民眾繳納部分健保相關費用；放寬低收入戶審查門檻，協助經濟弱勢家庭獲得社會救助等。上述政府的二項作法，最主要是為了達成下列何項目的？(A)確保民眾財產權利(B)縮短城鄉發展差距(C)保障人民生存權利(D)推廣志工服務活動表(十五),0.39,0.71
105,社會,51,51.()表十五呈現歷史上某變革的內容，?中(cid:2822)(cid:3981)(cid:1254)(cid:2350)(cid:2927)最適合填入下列何者？(cid:1296)(cid:3514)(cid:3834)(cid:2350)(cid:2927)(A)封建莊園經濟的強化(cid:4766)(cid:1254)(cid:2900)(cid:2317)(cid:2218)(cid:33)(cid:33)(cid:33)(cid:33)(cid:33)(cid:33)(cid:33)(cid:33)(cid:4795)(cid:3340)(B)科學革命思想的萌芽(cid:46)(cid:3941)(cid:5227)(cid:2084)(cid:1137)(cid:1937)(cid:1861)(cid:1189)(C)君權神授觀念的鞏固(cid:4729)(cid:6108)(cid:46)(cid:960)(cid:4727)(cid:1675)(cid:2123)(cid:1937)(cid:1088)(cid:3164)(D)社會主義學說的興起(cid:46)(cid:64),0.52,0.54
105,社會,52,52.在某本以近現代中國為背景的小說中寫到：「最近，國家開始實施新政策，由政府指定中央、交通、中國這幾家銀行發行法幣。我想，此政策若真能好好實行，改善過去幣制混亂的情況，買賣交易就比較好做了。」這段話所呈現的最可能是中國處於下列何種局勢下的情況？(A)戊戌變法期間，朝廷推動經濟改革(B)八國聯軍結束，朝廷陸續推行新政(C)北伐統一完成，政府致力建設發展(D),0.55,0.43
105,社會,53,53.表(十六)為中國全國與上海的常表(十六)住人口年齡結構，顯示上海的全國上海常住人口年齡結構變化趨勢與年齡(歲)2000年2010年2000年2010年全國不一致。上述現象與上海0-1422.9%16.6%12.2%8.6%的何項特徵關係最密切？15-6470.1%74.5%76.3%81.3%(A)房產價格較高65以上7.0%8.9%11.5%10.1%(B)就業機會較多(C)老人福利較佳(D),0.38,0.67
105,社會,54,54.以下是旅遊書對某座教堂的描述：「十六世紀上半葉，西班牙人在昔日印加帝國神廟打磨精美的石頭基座上，建造宏偉的聖多明哥教堂。」文中的教堂最可能位於現今哪一國家？(A)(B)古巴秘魯(C)(D),0.37,0.44
105,社會,55,55.()圖十九是一幅歷史照片與說1947(cid:1283)(cid:500)(cid:1302)(cid:907)(cid:1359)(cid:4533)(cid:2052)(cid:915)(cid:1255)(cid:4533)(cid:6268)(cid:3279)明，圖說人物曾兩度被俘。依(cid:2169)(cid:1772)(cid:4731)(cid:1108)(cid:500)(cid:5311)(cid:3325)(cid:3799)(cid:2373)(cid:973)(cid:2927)(cid:3694)(cid:1095)(cid:2902)據說明，此人最可能先後被(cid:5103)(cid:500)(cid:5103)(cid:3059)(cid:3279)(cid:2024)(cid:2133)(cid:4883)(cid:917)(cid:4773)(cid:2376)(cid:505)1950下列何者所俘？(cid:1283)(cid:1078)(cid:500)(cid:1076)(cid:2902)(cid:4534)(cid:5612)(cid:5103)(cid:500)(cid:1222)(cid:2123)(cid:3279)(cid:2024)(cid:505)(A)日本、美國(cid:3368)(cid:2133)(cid:1072)(cid:552)(cid:1648)(cid:5660)(cid:4096)(cid:947)(cid:553)(cid:1610)(cid:1001)(cid:1991)(cid:4533)(cid:500)(B)日本、中國國民黨(cid:2472)(cid:2425)(cid:1255)(cid:1158)(cid:5251)(cid:5814)(cid:973)(cid:502)(C)中國共產黨、美國()(D)圖十九,0.44,0.36
105,社會,56,56.根據該國地理位置判斷，其主要的氣候類型為下列何者？(A)熱帶雨林氣候(B)熱帶沙漠氣候(C)溫帶大陸性氣候(D),0.53,0.54
105,社會,57,57.下列何國的主要出口產品與該國最為類似？(A)中國(B)南韓(C)紐西蘭(D),0.58,0.73
105,社會,58,58.()20002010表十七為至年德國、埃及、卡達、墨西哥的人口資料。根據上文描述，其中何者最可能為卡達？()(A)表十七甲(B)項目自然增加率社會增加率幼年人口老年人口乙國家(‰)(‰)(%)(%)(C)丙甲11.811.521.81.2(D),0.45,0.5
105,社會,59,59.文中監禁皮雷茨基的集中營，最可能位於()圖二十一中甲、乙、丙、丁何處？(cid:17392)(cid:7359)(A)甲(cid:7447)(B)乙(C)丙(D)(cid:7383),0.48,0.67
105,社會,60,60.上文中皮雷茨基獲得平反，最可能與下列何者有關？(A)(B)法西斯黨勢力的衰微歐洲共產政權的瓦解(C)(D),0.49,0.61
105,社會,61,61.若劇中場景發生在我國，下列何者最可能是主角父親所擔任的公職？(A)(B)和美鎮鎮長高雄市市長(C)(D),0.43,0.48
105,社會,62,62.劇中主角在選舉時所提出的政見，最可能是為了因應下列哪一項社會問題？(A)(B)少年犯罪嚴重性別比例失衡(C)(D),0.42,0.9
105,社會,63,63.根據上述內容，下列何者最能解釋文末劇中主角的心路歷程？(A)社會主義(B)需求法則(C)需求層次理論&需求層次理論＝個人需求層次理論(D),0.57,0.65
106,社會,1,1.50目前因婚姻關係來臺灣的新移民已超過萬人，政府透過許多方式協助他們適應臺灣社會，例如建置數位資訊平臺，以多國語文的網頁介面，提供數位學習及文化交流的空間。上述多國語文最可能涵括下列何者？(A)俄羅斯文、德文(B)越南文、印尼文(C)阿拉伯文、土耳其文(D),0.4,0.9
106,社會,2,2.()圖一為臺灣某次馬拉松比賽路線圖，參賽者在路跑過程中，最可能看到下列何種景觀？(A)岬角與海灣相間(B)潟湖、沙洲遍布(C)大規模的隆起珊瑚礁(D),0.47,0.87
106,社會,3,3.2014年，中國與甲國簽署了乳製品的合作協議，由於甲國向來以酪農業發達著稱，兩國合作將有助於提高中國乳製品的品質與產量。甲國最可能為下列何者？(A)北韓(B)荷蘭(C)泰國(D),0.32,0.68
106,社會,4,4.()圖二為臺灣某月分的月平均等雨量線圖，根據圖中雨量的分布狀況判斷，該月分臺灣的氣候特色為下列何者？(A)高溫多對流雨(B)易形成滯留鋒(C)東北季風盛行(D),0.49,0.77
106,社會,5,5.某國的國旗以白色為底，上有藍色十字，充分展現該國的自然與人文特色。因該國有四分之一的國土在北極圈內，氣候寒冷，故白色象徵冬季白雪覆蓋的國土；藍色象徵境內廣布的冰蝕湖、河流；十字表示該國在歷史上與其他北歐鄰國的密切關係。上文是在介紹何國的國旗？(A)丹麥(B)芬蘭(C)瑞士(D),0.51,0.61
106,社會,6,6.下列為臺灣某份刊物上刊載的文章：今日針對普及衛生思想，監督指導的單位須以身作則，首先應喚起市街庄行政人員的自覺，有效配合地方上保甲的力量。此外，藉由小學校、公學校對衛生教育的提倡、社會上報章雜誌的宣傳，來提升民眾的衛生意識。根據內容判斷，此段文章主要在討論下列何者？(A)荷蘭聯合東印度公司推動衛生教育(B)中華民國政府規畫與施行衛生教育(C)清朝開港通商時，傳教士引進公共衛生觀念(D),0.5,0.88
106,社會,7,7.()圖三是某機構的性質及工作內容示意圖。據此判斷，該機構最可能為下列何者？(A)郊&郊＝行郊(B)公行(C)市舶司(D),0.51,0.74
106,社會,8,8.()()表一為清朝後期幾位地方總表一督、巡撫的出身資料，根據內姓名民族經歷曾任職務容判斷，他們得以出任總督、巡1861左宗棠年浙江巡撫撫，與下列何者關係最密切？皆為1864楊岳斌皆為年陜甘總督(A)鴉片戰爭湘軍劉坤一漢人1865年江西巡撫(B)將領英法聯軍1865曾國荃年山西巡撫(C)太平天國(D),0.48,0.65
106,社會,9,9.以下是中國某朝代首都的簡介：「這是一座依計畫興建的城市，城中可見基督教教堂、伊斯蘭教清真寺及佛教寺廟。朝廷聘用色目人擔任財政官員，並推行全國性紙幣政策，加上各地物資的集中，讓這座城市成為金融經濟中心。」上述城市最可能是指下列何者？(A)(B)東漢洛陽唐代長安(C)(D),0.66,0.59
106,社會,10,10.()圖四是某一文件的部分內容，此文件最可能是下列何者？(A)日本給劉永福的勸降書(B)法軍將領給清廷的戰帖(C)日本給牡丹社原住民的公告(D),0.49,0.75
106,社會,11,11.新聞報導：國外某一所大學在校園中舉辦臺灣文化節，多名來自臺灣的交換學生，熱情地介紹臺灣的特色美食與民情風俗，展現出臺灣多元文化的面貌，讓校內來自各國的學生驚豔不已……。根據上述報導內容判斷，下列何者最可能是校內舉辦此類活動的目的？(A)擴展官方外交關係(B)促進各國文化交流(C)調適強勢文化衝擊(D),0.32,0.86
106,社會,12,12.13歲的小婷因羨慕朋友擁有最新型的手機，於是趁體育課偷走同學留在書包中的零用錢，行竊時被返回班上的同學撞見，受害學生家長獲知後決定報警處理。根據上述內容判斷，小婷最可能會受到下列何種處分？(A)罰鍰一千元(B)拘役二十五日(C)罰金一千五百元(D),0.37,0.83
106,社會,13,13.()力豪慢跑時遇到了三位親戚，相遇地點如圖五所示。若力豪與這三位親戚相遇的先後順序為旁系血親、直()系血親、姻親，則他的慢跑路線最可能為下列何者？圖五(A)(B)(C)(D),0.46,0.79
106,社會,14,14.隨著網路設備與智慧型手機的普及，各種訊息的流通速度與數量已超乎我們想像，但在訊息傳遞過程中，閱聽人卻常未對其真偽加以過濾，反而間接成為散播謠言的幫兇。上述內容提醒我們應重視下列何項議題？(A)傳播媒體的自由(B)資訊倫理的建立(C)個人隱私的保障(D),0.54,0.72
106,社會,15,15.有學者認為廣告若傳達不適當的訊息，可能產生強化性別刻板印象的效果。下列廣告臺詞中，何者最可能會產生上述效果？(A)男女需求大不同，營養補充各取所需(B)健康活靈芝，孝順父母親的最佳選擇(C)體貼老婆的第一選擇，清淨牌洗衣機(D),0.42,0.77
106,社會,16,16.()19502010圖六為黃河部分水文測站至年實測的年平均含沙量。從圖可知數據在龍門測站發生明顯變化，其主要原因為下列何者？(A)河床高於兩側地面(B)河川上游興建水庫(C)河川流經黃土高原(D),0.38,0.63
106,社會,17,17.表(二)為中國推行某項建設要達成的政表(二)策目標，此一建設最可能是下列何者？對象目標(A)西電東送的輸電系統推動西部大開發對國內(B)南水北調的輸水工程促進族群的融合(C)橫貫新疆的聯外鐵路強化與中亞國家的貿易(D)穿越高原的青藏鐵路對國外,0.48,0.7
106,社會,18,18.()19852009圖七為至年臺灣稻作面積的變化。此變化趨勢，除了受國人飲食習慣改變的影響之外，和下列哪一項因素的關係最密切？(A)國際糧食價格升高(B)政策輔導農業轉型()圖七(C)大規模機械化耕作(D),0.54,0.56
106,社會,19,19.表(三)為某一個國家的簡介。根據該表(三)國的地理特徵判斷，下列何者是該國項目說明在全球氣候變遷下最可能面臨的環境位置5°S~10°S，176°E~179°E災害？地形特徵珊瑚礁島(A)降雨稀少致長期乾旱平均高度2至3公尺(B)水患頻仍且國土萎縮水文特徵全國無河流(C)土石流發生頻率增加(D),0.49,0.63
106,社會,20,20.1868年，有外國人在臺灣旅行時發現：「這裡泉水溫度很高，可能被蒸氣燙傷，空氣中瀰漫著濃烈的硫磺味，惡劣的環境不利植物生長。周圍泉水沸騰24的聲響很大，就好像地下有一個小時運作的工作室一樣。」下列哪一離島，具有類似上述旅遊地點的地質環境？(A)(B)東沙島琉球嶼(C)(D),0.5,0.59
106,社會,21,21.阿華至博物館參觀卑南文化遺址的展覽，他最可能在展覽中看到哪一項該史前文化的出土文物？(A)(B)(C)(D),0.43,0.75
106,社會,22,22.()圖八描述臺灣史上某一時期的社會現象，圖中的「具體例證」，最適合填入下列何者？(A)地主與官府的對抗(B)郊商與洋商的對抗(C)士紳與傳教士的衝突(D)漳州人與泉州人的衝突圖(八),0.49,0.87
106,社會,23,23.()圖九是某史事的起源地區與傳播方向示意圖，下列何者最足以呈現該史事的內涵？(A)研究古典文獻，強調人文主義(B)路德教派改革，主張因信得救(C)議會政治興起，發展責任內閣(D),0.58,0.56
106,社會,24,24.「這個時代，東亞地區充滿了變動：歐洲諸國先後來到東亞，建立商貿與傳教據點，造成不少衝擊；日本幕府為了鞏固統治，實施鎖國；至於中國，來自東北的民族建立新王朝，並對反抗勢力施行海禁政策。」上文雙底線處最可能是指下列何者？(A)臺灣民主國成立(B)林爽文結黨起兵(C)郭懷一號召漢人抗爭(D),0.66,0.64
106,社會,25,25.()圖十為歐洲史上某時期社會的主要階層及其職責，此圖最可能是呈現下列何者的情況？(A)古希臘時代(B)羅馬共和時期(C)中世紀的西歐(D),0.62,0.69
106,社會,26,26.家家在書上看到某個程序的流程圖，但其中的部分內()容卻遭到汙漬遮蔽，如圖十一所示。根據圖中內容判斷，此圖應是下列何者的法定程序？(A)《民法》修正案(B)《憲法》修正案(C)《會計法》覆議案()圖十一(D),0.5,0.59
106,社會,27,27.下列是四位網友在網路聊天室聊天的內容，若其中一人為我國國民，僅根據他們的敘述判斷，何者在聊天當時最可能具有中華民國國籍？(A)小萍：「我的出生地是美國，不過現在在臺灣工作。」(B)小文：「等了五年，我下週將前往內政部申請歸化。」(C)小君：「我的父母都是日本人，但我在花蓮縣出生。」(D),0.34,0.65
106,社會,28,28.()圖十二為小江在面臨新工作機會時的選擇情況，若小江僅依薪資高低選擇薪資最高的工作，根據圖中內容判斷，甲、乙、丙工作的薪資高低關係為下列何者？(A)甲＞乙＞丙()圖十二(B)甲＞丙＞乙(C)丙＞甲＞乙(D),0.44,0.59
106,社會,29,29.大南：「當監察委員通過彈劾案件後，會交由我們審理，否則即使公務員涉及違法情事，我們也不能主動對當事人的行為進行審議。」根據大南的說法判斷，他應是任職於下列哪一個機關？(A)審計部(B)法務部(C)臺北高等行政法院(D),0.53,0.71
106,社會,30,30.阿明當選市長後，他發現市政府表(四)的財源嚴重不足，恐影響市政運項目開源措施()作，於是設法開拓財源，表四甲向議會提案立法開徵地方稅是他的開源措施，其中何者是藉乙向中央政府爭取統籌分配款項由公共造產方式達成目的？丙推出城市形象廣告，吸引觀光客(A)(B)甲乙丁增設漁產觀光市場，向使用者收費(C)(D),0.52,0.64
106,社會,31,31.表(五)是四種不同產品的特性說明。表(五)若僅考慮表中的產品特性，何者的產品特性設廠地點應盡量接近原料產地？甲100公斤原料可製成10公斤產品。(A)甲1100立方公尺原料可製成立方公(B)乙乙尺產品。(C)丙丙原料加工成產品後易破碎。(D),0.52,0.61
106,社會,32,32.()2009圖十三為中國某行政區至2014年接待的國內旅遊人次統計，若根據旅遊者夏季會傾向至避暑勝地，冬季則至避寒勝地旅遊的特性來判斷，右圖最可能是下列何地的資料？(A)山東省(B)海南省(C)黑龍江省()圖十三(D),0.45,0.52
106,社會,33,33.電影公司想拍攝以美國某種自然災害為主題的電影，故事背景設定在此種災害發生頻率較高()的地方，圖十四中的甲地為最後被選擇的地點。該電影的拍攝主題最可能是下列何者？(A)(B)地震颶風(C)暴風雪(D)龍捲風圖(十四),0.59,0.53
106,社會,34,34.隨著運輸技術的進步，人口的移動更為便捷，促使國際勞工遷徙日益頻繁。埃及可憑藉宗教文化類似和語言相同的優勢，大量輸出勞工至下列何地？(A)北美(B)東亞(C)西亞(D),0.54,0.58
106,社會,35,35.表(六)為世界上兩條重要運河的資訊。若中國欲以表(六)海運出口貨物至他國，僅考量最短路徑，下列運輸運河連結海域路線的選擇何者正確？甲太平洋與大西洋(A)經甲運河至巴西乙地中海與紅海(B)經乙運河至南非(C)經甲運河至義大利(D),0.47,0.49
106,社會,36,36.1955年，亞洲、非洲許多國家在印尼召開會議，主張促進亞、非國家之間的1960友好合作；年代，印度、埃及等國發起「不結盟運動」，參與國家強調獨立自主和不與美、蘇強權結盟。上述會議與不結盟運動，最可能反映出下列何者？(A)聯合國的成立(B)第三世界的興起(C)共產世界的瓦解(D),0.59,0.77
106,社會,37,37.十八世紀時，有一位歐洲貴族乘船漂流至臺灣某地區，發現清廷並未在該地區設置廳、縣治理，因此當他返回歐洲後，大力遊說各國派兵來此區建立殖民地。上()述「未設置廳、縣治理」的地區，最可能是圖十五中甲、乙、丙、丁何處？(A)甲(B)乙(C)丙(D)丁圖(十五),0.44,0.67
106,社會,38,38.「二十世紀初，清廷與某國簽訂『中越交界禁止革命黨章程』，要求該國官員協助查辦在中越邊境活動的革命份子，若有人在越南境內傳播對清廷不利的言論，則依照該國的律例加以懲治。」上文中的「某國」最可能是下列何者？(A)(B)日本英國(C)(D),0.58,0.6
106,社會,39,39.()圖十六是一幅宣傳海報，此宣傳海報最早可能在下列何時何地傳布？(A)1919-1930年的臺北(B)1949-1960年的臺北(C)1916-1928年的瀋陽(D)1932-1945,0.44,0.37
106,社會,40,40.小杜向朋友借一部影集回家觀賞，影表(七)集內容與一件刑事案件有關，但因包光碟劇情說明裝盒破損，僅剩部分劇情說明可辨……只剩這個機會，法院能否甲()識，如表七所示。根據我國現行法推翻先前判決還他清白……。律判斷，若將四張光碟片按照案件處……歷經多次開庭，地方法院乙理的先後次序排列，則其順序應為下的法官即將作出判決……。列何者？……他因涉嫌殺人被提起公丙(A)丙、乙、丁、甲訴，該如何面對接下來……。(B)……雖然已決定上訴，但對於丁、丙、乙、甲丁(C)未來的結果並沒有把握……。丙、丁、乙、甲(D),0.34,0.4
106,社會,41,41.表(八)為某餐館三項餐點的部分資料，每一項餐表(八)50點的售價均為元，其總利潤高低依序為湯麵、餐點銷售數量成本雞排、炒飯。根據上述內容判斷，表中的甲、乙種類(份)(元/份)最可能為下列何者？雞排10030(A)甲：20，乙：45(B)甲：20，乙：55湯麵60甲(C)1545(D)1555,0.58,0.63
106,社會,42,42.甲、乙、丙三人的居住地資料如表(九)，近日三人表(九)分別向當地選出的民意代表陳情，希望他們能反映居民居住地民情。根據表中資料判斷，此三人所陳情的對象，甲高雄市最可能分別為下列何者？乙新竹市(A)甲：市民代表，乙：市議員，丙：立法委員丙花蓮縣花蓮市(B)甲：市議員，乙：市民代表，丙：立法委員(C)甲：立法委員，乙：市民代表，丙：市議員(D),0.27,0.48
106,社會,43,43.我國某鎮鎮長表示：「鬧區停車位並未收費，因而被部分民眾長期占用，導致購物、洽公的民眾常在找不到停車位的情況下，隨意違規停車，對街道景觀與交通安全造成影響，所以有必要實施停車收費政策。」根據上述內容判斷，下列何者正確？(A)文中的政府收入將使地方稅收增加(B)立法院依法有權可監督新政策的實施(C)文中行政首長的參選年齡門檻為三十歲(D),0.57,0.57
106,社會,44,44.小霏蒐集了許多社會紛爭事件的資料，將其分類後，結果()事件類別件數件()如表十所示。根據表中資訊判斷，下列說明何者正確？35民事事件(A)40檢察官應主動進行偵查的件數共件告訴乃論(B)3540可經由和解方式直接解決的件數共件刑事案件(C)65應由普通法院進行訴訟審理的件數共件非告訴乃論25(D)75,0.53,0.46
106,社會,45,45.()20102050圖十七為年及聯合國預測年時，亞洲、非洲、歐洲、北美洲、中南美洲各洲的人口占世界總人口的比例分布狀況。圖中五個區塊分別代表各洲，甲區塊應是指下列何者？(A)(B)亞洲非洲()圖十七(C)(D),0.36,0.39
106,社會,46,46.采晴計畫與家人一同出國旅遊，表(十一)上網蒐集該地的氣候資料，如表月分1月7月全年(十一)所示。根據表中資料，采晴項目最可能在當地看到下列何種景觀？平均氣溫(℃)26.922.625.4(A)一望無際的葡萄園、橄欖園降水量(mm)306.34.71032.6(B)仙人掌散布在連綿的沙漠中(C)高低成層、樹冠茂密的雨林(D),0.35,0.29
106,社會,47,47.交通部觀光局邀請日本知名藝人為臺灣拍攝觀光宣傳影片，以吸引日本人來臺旅遊，但在宣傳活動的某段期間，因匯率劇烈波動，反而導致當時日本人來臺旅遊人次呈現負成長。上述觀光局作法所希望影響的消費行為因素，與該段期間匯率變化的情況，最可能為下列何項組合？(A)預期心理、新臺幣相對日幣升值(B)預期心理、新臺幣相對日幣貶值(C)個人偏好、新臺幣相對日幣升值(D),0.42,0.36
106,社會,48,48.某國受到人口結構改變的衝擊，長期照護、專屬旅遊、到府清潔、就醫接送等「陪伴商()機」也應運而生。圖十八為該國不同時期的人口金字塔，該國出現上述陪伴商機最可能是因為其人口結構如何轉變？(A)(B)由甲轉變成乙由甲轉變成丙(C)(D),0.49,0.74
106,社會,49,49.()圖十九是正雄在書中看到關於某國際組織的簡介，根據內容判斷，這最可能是在介紹下列何者？(A)聯合國(B)歐洲聯盟(C)北美自由貿易區&北美自由貿易區(D)亞太經濟合作會議＝北美自由貿易協定圖(十九),0.57,0.82
106,社會,51,51.()圖二十是小月在參與課堂活動時所製作的海報，根據海報內容判斷，下列哪一現象最可能在小月的家鄉出現？(A)當地人口拉力比較大(B)第二級產業比例增加(C)社區發展成果豐碩(D),0.43,0.59
106,社會,52,52.()圖二十一是參考某段期間中國人口死亡率估算值而繪製的曲線圖，圖中甲、乙二點之間死亡率的變化，最可能與下列何者有關？(A)人民響應抗美援朝，參與韓戰而造成傷亡慘重(B)大躍進運動期間，政策失當所導致的嚴重饑荒(C)文化大革命時，紅衛兵鬥爭造成眾多人口死亡(D),0.41,0.46
106,社會,53,53.西元前四世紀，亞歷山大創立跨歐、亞、非的帝國，並在其征服的疆域內興建城市。圖()二十二中的甲、乙、丙、丁，何者最可能是他所興建的城市？(A)甲(B)乙(C)丙()圖二十二(D),0.46,0.42
106,社會,54,54.甲國的經濟結構原以蔗糖業為主，冷戰期間受到鄰近強國的經濟制裁，後經蘇聯經濟援助，其蔗糖業曾有輝煌的發展。但自蘇聯解體後，失去來自蘇聯的經濟援助，加上乾旱、颶風、國際糖價持續低迷和能源短缺等因素，使該國的蔗2011糖業陷入衰退。年該國政府實施糖業改革，積極投入生質能源的開發，利用甘蔗渣發電，帶動蔗糖業的另一波商機。甲國最可能是下列何者？(A)巴西(B)古巴(C)北韓(D),0.38,0.54
106,社會,55,55.這個國家仿效羅馬帝國擴張的模式，在各個征服地區建立城市，作為行政、軍事和經濟中心：部分征服地區是以既存的城市為基礎，如墨西哥城；多數征服地區則是建立新的城市，城內有著規則的街道網絡，如位於加勒比海的()聖雅各騎士城今多明尼加共和國境內，及中美洲的瓜地馬拉城等。這個國家最可能是下列何者？(A)十世紀的神聖羅馬帝國(B)十三世紀的印加帝國(C)十六世紀的西班牙(D),0.56,0.46
106,社會,56,56.()畢道文的家鄉最可能位於圖二十三中甲、乙、丙、丁何處？(A)(B)甲乙(C)(D),0.44,0.43
106,社會,57,57.上文提及有二個國家軍事援助西班牙的法西斯黨人，此二個國家最可能是下列何者？(A)美國、英國(B)日本、蘇聯()(C)圖二十三蘇聯、德國(D),0.47,0.48
106,社會,58,58.根據上文雙底線處的內容判斷，畢道文的作為，最可能是符合馬斯洛需求層次理論的哪一層次？(A)生理需求&需求層次理論＝個人需求層次理論(B)安全需求(C)尊重需求(D),0.44,0.89
106,社會,59,59.位置的表示法可分為絕對位置和相對位置。上文介紹電線桿上的編號與下列何者的表示法相同？(A)綠島位在墾丁國家公園的東北方(B)15彰化車站距離員林車站公里(C)1東華大學位在花蓮縣壽豐鄉大學路二段號(D)101300,0.52,0.65
106,社會,60,60.()()圖二十四電線桿上的編號對照圖二十五判斷，其位在下列何處的可能性最高？(A)(B)(C)(D),0.51,0.58
106,社會,61,61.文中第一段所呈現的市場變化，將最先反應在圖()二十六中的那一區段？(A)(B)(C)(D),0.52,0.72
106,社會,62,62.關於文中遭開罰者「所應負起之責任類型」與「權利救濟方式」的搭配，下列何者正確？(A)(B)刑事責任，聲請調解刑事責任，提起訴訟(C)行政責任，提起訴願(D)行政責任，提出請願圖(二十六),0.49,0.56
106,社會,63,63.文末所提及的中央政府機關，其職權包括下列何者？(A)(B)提出糾正案提出不信任案(C)(D),0.58,0.47
107,社會,1,1.塑膠製品進入海洋後易隨著海流漂流，例如有許多塑膠垃圾隨著北大西洋暖流漂到北極地區，冰封在冰層中，使得該區成為塑膠垃圾的儲存槽。下列何國沿海的垃圾最可能會隨著上述洋流漂流到北極地區？(A)(B)(C)(D),0.47,0.71
107,社會,2,2.2015為保護臺灣的海岸環境，《海岸管理法》於年公布施行，其中濱海陸地3的劃設是以最接近海岸線的山脊線為主，如果山脊線距離海岸線超過公里，則以最接近海岸線的省道、濱海道路或行政區界等劃設。下列哪一行政區的濱海陸地最可能大多依據山脊線劃設？&山脊線：山脊的連線。(A)(B)桃園市彰化縣(C)(D),0.38,0.86
107,社會,3,3.1970中國於年代末推動的改革開放政策，帶動經濟快速成長，但是卻加深區域發展失衡現象。下列關於中國的新聞報導，何者最能反映中國區域發展不均的現象？(A)今年出現的多起沙塵暴，已直接威脅北京、上海及南京等大都市(B)推動海上絲路計畫，發展從中國沿海港口經印度洋至歐洲的航線(C)農曆春節將湧現數億人次返鄉人潮，堪稱地表最大規模的人口移動(D),0.55,0.7
107,社會,4,4.()19582013圖一是臺灣至年某種自然災害發布預警的各月總計次數分布圖，根據圖中各月的次數分布，該種自然災害的成因應為下列何者？(A)板塊擠壓造成岩層變形或破裂(B)熱帶洋面上低氣壓增強後侵襲(C)冷、暖氣團交會形成鋒面滯留(D),0.56,0.71
107,社會,5,5.世界主要宗教有基督教、佛宗教信仰者甲乙丙丁教、印度教和伊斯蘭教。表地區(一)為2010年上述各宗教的信歐洲25.72.70.10.3仰者在世界各地分布的百分12.30.20.20.8北美洲比，表中何者為穆斯林？24.40.1<0.10.1中南美洲(A)甲23.815.50.2<0.1撒哈拉以南非洲(B)乙0.619.80.20.1中東和北部非洲(C)丙13.261.799.398.7亞洲及太平洋地區(D),0.52,0.69
107,社會,6,6.()鈞憶將圖二中的五張卡片分()為圖三中的三類，其分類的依據最可能是下列何者？(A)製作器物的技術(B)文字發展的程度(C)居住區域的位置()()圖二圖三(D),0.37,0.85
107,社會,7,7.()圖四呈現某一時期中外交流概(cid:23421)(cid:13521)(cid:23725)(cid:19608)(cid:17476)(cid:9885)況，下列何者符合該時期的往來情形？(cid:20035)(cid:20035)(cid:26730)(cid:26730)(cid:11483)(cid:11483)(cid:9673)(cid:9673)(A)雙方以紙幣作為交易的媒介(cid:15840)(cid:15840)(B)伊斯蘭教隨著商人傳入中國(C)西方出口玉米、番薯等作物(D)中國以絲綢為主要輸出商品圖(四),0.42,0.77
107,社會,8,8.()圖五是呈現某古代文明政治運作特色的示意圖，此古文明最可能是下列何者？(A)蘇美(B)埃及(C)雅典(D),0.54,0.78
107,社會,9,9.二十世紀初期，霍亂、瘧疾等傳染病在臺灣相當普遍，對當時政府而言，防治傳染病是刻不容緩的議題。下列何者最不可能是當時官方及民間採行的措施？(A)政府實施全民健康保險(B)公學校加強衛生教育課程(C)保甲要求居民定期清潔環境(D),0.51,0.76
107,社會,10,10.()老師在課堂上用表二講解某時間事件一主題，根據內容判斷，此主★1220年代擊敗中亞的花剌子模題最可能是下列何者？★消滅金國(A)清帝國的版圖拓展1230年代★占領今日俄羅斯、烏克蘭等地(B)阿拉伯勢力的發展★1240年代攻入今日東歐地區(C)鄂圖曼土耳其的擴張(D),0.58,0.68
107,社會,11,11.曾被飼養的流浪動物對人類較無戒心，但此特點卻被某些人利用，他們不但虐待流浪貓、狗，還將過程拍成影片上傳到網路平臺供人觀賞。雖然違法者多已受到法律制裁，但憾事卻難以挽回。上述案例凸顯下列何者的重要性？(A)(B)辨識媒體傳播資訊的真偽生命無貴賤之分皆應被尊重(C)(D),0.32,0.93
107,社會,12,12.下列是三位行政首長的發言內容：甲縣縣長：「感謝縣議會的支持，本縣領先全國引進熱氣球活動，創造商機。」乙市市長：「因應颱風來襲，為維護市民財產安全，本市今晚開放市區紅線停車。」丙縣縣長：「未來是否在本縣設置觀光賭場，我們將交由縣民以公投方式決定。」上述三位首長的發言內容，最足以彰顯下列何項概念？(A)(B)中央集權責任政治(C)(D),0.43,0.88
107,社會,13,13.()圖六呈現出某項法律規定施行前、後，幸福社區公告內容的變化，根據圖中訊息判斷，該法律最可能是下列何者？(A)《民法》(B)《消費者保護法》(C)《社會秩序維護法》(D),0.31,0.75
107,社會,14,14.政府為因應失業問題，除了提供失業給付外，更積極協助失業者參與職業訓練，並提供就業資訊，以增加他們就業的機會。上述政府作為所要保障的人民基本權利類型，與下列何者最類似？(A)接受國民教育提升國民素質(B)組織政治團體表達民意訴求(C)投票罷免失職民選公職人員(D),0.33,0.75
107,社會,15,15.()201510圖七為阿嘉年月的財務記錄。根據圖中資料判斷，阿嘉該月的投資報酬率，可透過下列哪兩項記錄內容得知？(A)(B)甲、丙甲、丁(C)(D),0.41,0.74
107,社會,16,16.2015年底，某會議歷經長時間的磋商，終於達成一份取代《京都議定書》的協議，預期將改變人類長期以來的經濟發展與生活型態。下列何者應是該協議的主要目的？(A)(B)協調國際間的水資源衝突推動瀕臨滅絕物種的復育(C)(D),0.54,0.64
107,社會,17,17.各地聚落的形成與發展成因各不相同，下列哪個地區的聚落形成或發展與水源取得的多寡，其相關性最高？(A)南洋群島的沿海地區(B)中國新疆的山麓地帶(C)美國的東北部沿海地帶(D),0.56,0.57
107,社會,18,18.有一專門收錄世界各地大自然聲音的網站，只要點選地圖上的標記，就可以聽到當地各種自然界的聲()音。當點選圖八中的甲標記時，最可能聽到下列何種聲音？(A)熱帶雨林中青蛙的鳴叫聲(B)廣闊莽原上獅子的怒吼聲(C)海上浮冰撞擊和摩擦的聲音(D),0.5,0.43
107,社會,19,19.甲國的石油產量並不高，卻因重要的交通位置而足以影響國際油價，其所臨的海峽一旦被封鎖，將導致波斯灣油輪經紅海至蘇伊士運河的運輸受阻，而北非的石油通往亞洲市場則必須繞行經過南非，增加運輸時間與成本。下列何者是甲國正確位置的標示？(A)(B)(C)(D),0.49,0.57
107,社會,20,20.根據中國氣象局的入春標準，連續五天的日均溫大於或等表(三)10()於℃，以第一天作為春季開始的日期。表三為武漢、都市起始日期哈爾濱、北京進入春季的起始日期，若僅考慮緯度的影426甲月日響，根據表中資料判斷，甲、乙、丙依序為下列何者？316乙月日(A)(B)北京、哈爾濱、武漢北京、武漢、哈爾濱41丙月日(C)(D),0.55,0.52
107,社會,21,21.「第一次世界大戰結束後，帝國主義國家多遭逢殖民統治的困境，包括如何面對殖民地蓬勃發展的民族運動，及如何繼續利用殖民地的資源以擴張經濟。」針對上述局勢，當時的統治者在臺灣採取下列何項措施？(A)頒布「六三法」(B)征討臺灣民主國(C)開始建造縱貫鐵路(D),0.49,0.66
107,社會,22,22.以下是清末文人對某事件的描述：「當時在官府的默許下，群眾進入天津租界，縱火焚燒教堂、房屋，於是各街市店舖有販售洋貨者，皆用紅紙將招牌上的『洋』字糊上，以防群眾焚掠。即便是一般家庭日用之物，如洋燈、鐘錶等類，也都掩藏不敢使用。」根據上文判斷，此事件最可能是下列何者？(A)(B)鴉片戰爭英法聯軍(C)(D),0.54,0.73
107,社會,23,23.十九世紀的馬克思共產主義學說與小說家狄更斯寫實主義作品，對當時人們的思想有極大的影響力，下列何者最可能是二人在學說及作品上的主要共同點？(A)支持歐洲帝國主義在各地殖民擴張(B)強調個人情感抒發與崇拜英雄事蹟(C)對法西斯政權的專制作為表示質疑(D),0.56,0.62
107,社會,24,24.以下是某政權統治臺灣期間的對外貿易策略：一、將蔗糖、鹿皮輸往日本，再從日本購買銅、鉛和武器。1670二、年代，與英國達成通商協議，允許英國在安平設立商館。()()三、持續與東南亞地區的呂宋今菲律賓、暹羅今泰國等地進行貿易。上述作法主要減緩當時中國何項措施所帶來的威脅？(A)設立市舶司(B)實施海禁政策(C)頒布渡臺禁令(D),0.48,0.6
107,社會,25,25.「這個朝代開國以來一向尊崇道教，同時對於不同宗教也抱持包容的態度，天()竺今印度、新羅、日本等地的佛教僧侶都會來到首都長安，進行宗教交流。但後來朝廷態度有所轉變，開始強化對其他宗教的管制，毀去數以千計的佛教寺院，並沒收寺院田產，要求僧尼還俗，連祆教及在此朝代傳入的摩尼教等宗教，也被認為是邪教，而被禁止。」根據內容判斷，這最可能在描述下列哪一朝代曾經出現的情況？(A)(B)漢朝唐朝(C)(D),0.36,0.49
107,社會,26,26.某位司法院大法官卸任後整理了自己在任內的日記，其內容記錄自己在這份工作中的重要經歷。下列哪一段敘述內容，最可能出現在他的日記中？(A)為了能夠繼續服務鄉親，我決定再競選連任(B)我們經過討論後，決議對相關部會提出糾正案(C)經院長提請總統任命後，我成為執政團隊的一員(D),0.56,0.75
107,社會,27,27.阿明悶悶不樂地說：「我父親上禮拜過世了，他留下一大筆債務，不知怎麼辦？」阿樂：「別擔心，根據現在《民法》規定，……，所以你就不用煩惱了。」根據上述對話判斷，下列何者最可能是阿樂所指的法律規定？(A)借貸契約違反善良風俗而失效(B)遺產繼承原則上採取限定繼承(C)遺產繼承者無償還債務的義務(D),0.33,0.61
107,社會,28,28.好喫茶飲所屬的臺北店及高雄店，依據市場供需狀況而調整店內珍珠奶茶的500價格，其中臺北店調漲，而高雄店調降。若以「○」代表杯商品數量，則這兩家店於價格調整前的珍珠奶茶供需情況，最可能為下列何者？(A)(B)需求量供給量需求量供給量臺北店○○○臺北店○○○○○高雄店○○○高雄店○○○○○(C)(D),0.35,0.58
107,社會,29,29.近年來，「開放政府資料」的議題逐漸受到重視，公部門所開放資料的項目、瀏覽人數，及資料被下載次數也屢創新高，民眾可透過取得政府資訊，監督政府施政。未來，政府也研擬在不涉及機密的情況下，公開更多的資訊。上述政府的作法，有助於落實下列何種目標？(A)提升人民的資訊倫理素養(B)強化分權制衡的監督機制(C)提供政治參與的多元管道(D),0.39,0.59
107,社會,30,30.新聞報導：「某知名人士疑似涉及不法活動，經檢察官偵查後提起公訴，全案目前正由臺北地方法院審理中。」對於上述訴訟案件，法院最不可能出現下列何種判決結果？(A)(B)處以有期徒刑宣告褫奪公權(C)(D),0.63,0.5
107,社會,31,31.根據統計，印尼的海岸線長度排名世界第二位，比俄羅斯還長，其原因最可能為下列何者？(A)峽灣海岸曲折(B)島嶼數量眾多(C)國土面積較大(D),0.61,0.55
107,社會,32,32.()圖九為某區域的等高線地形圖，「」是建於河流上的水庫。圖中甲、乙、丙、丁發生的大規模崩塌，何者對該水庫水質的影響最大？(A)(B)甲乙(C)(D),0.46,0.52
107,社會,33,33.()2014()表四為年中國、美國、印度和表四巴基斯坦的棉花生產與消費資料。已國家國內棉花生產量國內棉花消費量知棉花的消費主要用在製造紡織產713.1751.2甲品，而棉紡織工廠多設在勞力較為低675.0508.4乙廉的地方。根據表中資料判斷，何者281.177.3丙應為美國？206.8226.4丁(A)(B)甲乙單位：萬噸(C)(D),0.42,0.49
107,社會,34,34.()圖十為中國已興建或規畫中的油氣管道，其中某一管道途經高山峻嶺、溼熱叢林、地震活躍帶、發達的石灰岩地形，並跨越多條國際河流，因此建設難度相當高。該管道應為圖中何者？(A)(B)甲乙(C)(D),0.64,0.51
107,社會,35,35.QRCodeQRCode是目前常見的一種二維條碼。利用手機對準拍照，再搭配解()碼軟體，就可以顯示條碼內儲存的訊息。圖十一是針對臺灣某國家公園特色QRCode所設計的，將其解碼後，得到的訊息最可能包括下列何者？(A)雄偉壯麗的峽谷景觀(B)珊瑚礁堆砌的防風牆(cid:21)(cid:23)(cid:131)(cid:22)(cid:19)(cid:10)(cid:49)(C)火山活動形成的噴氣孔(D),0.52,0.45
107,社會,36,36.右列是臺灣某時期對於訂定一、街道名稱具有紀念日本人物、展現日本國街道名稱的規定，根據內容威、明顯為日本名稱者，應予改正。判斷，頒布此一規定的最可二、新街道名稱應具有下列意義：能是下列何者？發揚中華民族精神：信義路、和平路等。(A)臺灣府宣傳三民主義：三民路、民權路等。(B)臺灣總督府紀念國家偉大人物：中山路等。(C)臺灣省行政長官公署(D),0.58,0.52
107,社會,37,37.以下是中國某朝代對外關係的介紹：「此王朝中期以後，先前曾遠達非洲東岸的官方遠洋航行，早已因無法負荷龐大的支出而終止；東部沿海地區遭海盜劫掠，朝廷往往束手無策。幾任皇帝雖修整傾頹的長城，依然抵擋不住北方蒙古族的侵擾。」該朝代最可能是下列何者？(A)(B)南宋元代(C)(D),0.5,0.45
107,社會,38,38.以下是一位旅行者在上海的見聞：「上海的工廠地帶可以看到轟炸的痕跡，有來到了戰場的感覺。但是如果來到租界區，興盛的商業中心立即映入眼中。在此，歐、美國家的主要銀行林立，國民政府的官方銀行―中央銀行，以及中國銀行、交通銀行等仍然繁忙地繼續營業，處理租界區內法幣的發行與交易。」此人最可能是在下列何時參訪上海？(A)1830年代(B)1890年代(C)1930年代(D)1990,0.32,0.51
107,社會,39,39.()表五是某時期官方所播放的時事宣傳影影片名稱片，根據內容判斷，這些影片最可能在德國空軍與英國艦隊壯烈的交戰下列何時何地播放？日德義同盟(A)第一次世界大戰期間的北京納粹德國國防軍的活躍(B)第一次世界大戰期間的東京慶祝滿洲建國十週年(C)第二次世界大戰期間的臺北(D)夏威夷大空襲,0.48,0.31
107,社會,40,40.有些大學生為了節省開銷而使用盜版教科書，嚴重影響圖書業者的權益，因此某圖書協會向政府陳情，希望能修法將盜印書籍的行為，由告訴乃論改為非告訴乃論之罪。根據上述內容判斷，下列敘述何者正確？(A)文中團體所行使的人民基本權利為訴願權(B)能實現該團體要求的中央政府機關為司法院(C)文中大學生若被提告，將可能要負起行政責任(D),0.57,0.55
107,社會,41,41.阿倫上學途中，路過某候選人的競選總28部，看到了「歲新人，開創地方行政新氣象」的標語；放學回家，又經過另一位候選人的競選總部，懸掛著「評鑑第一名的民意代表，懇請支持連任」的()布條。圖十二是阿倫家周邊環境示意圖，根據圖中內容判斷，下列何者最可()圖十二能是阿倫上學、放學的路線？(A)(B)(C)(D),0.38,0.42
107,社會,42,42.《道路交通管理處罰條例》已依法修正通過，其中新增了舉發期限規定，即民眾檢舉違規行為，自違規日起算不得超過七天，否則不受理舉發。根據上述內容判斷，下列敘述何者正確？(A)通過文中規定的機關亦可統一解釋法律(B)修正內容通過後依法應由總統公布施行(C)民眾可直接向地方法院舉發上述違規行為(D),0.44,0.46
107,社會,43,43.()圖十三為曉明的家庭示意圖，曉明與朋友聊天中提到，自己與家中成員的關係皆為血親關係。若以代表男性，○代表女性，線段代表婚姻關係，箭頭代表親子關係，則曉明最可能是圖中哪一個位置？(A)甲(B)乙()圖十三(C)丙(D),0.42,0.58
107,社會,44,44.小文想在甲、乙、丙三景點中選擇一表(六)處販售冷飲，他的評估結果如表(六)所一日販每杯營業一日營示。若小文僅考量總利潤，根據表中內景點售數量售價日數業成本容判斷，他選擇這三處景點的機會成(杯)(元)(天)(元)1105021000本，其排序應為下列何者？甲(A)丙＞甲＞乙乙90304600(B)乙＞甲＞丙丙100403800(C)甲＝乙＞丙(D),0.48,0.41
107,社會,45,45.()圖十四中甲、乙、丙、丁哪兩位同學的發言符合《會議規範》的規定？()圖十四(A)(B)甲、丁乙、丙(C)(D),0.61,0.58
107,社會,46,46.()9397圖十五是民國年至年，我國水果類農產品的國際貿易概況。根據圖中內容，可觀察出下列何種現象？(A)我國生產水果具絕對利益(B)我國生產水果具比較利益(C)水果類貿易呈現入超狀態(D),0.45,0.79
107,社會,47,47.()圖十六是甲、乙、丙三個國家關於人口的部分資料。圖中內容顯示，丙國數值與甲、乙二國的差距隨時間逐漸擴大，關於丙國的此種現象，下列何項政策的影響程度最高？(A)提供幼兒生活補助津貼()圖十六(B)修改法規延後退休年齡(C)推動長期老人安養服務(D),0.37,0.86
107,社會,48,48.()2015圖十七為農委會在年所推出的活動，其主要目的為下列何者？(A)推動地方公共造產(B)增加單位面積產量(C)強化農產出口競爭力(D),0.3,0.64
107,社會,49,49.()2010表七列出年臺灣的原住民族常住人口，在北、中、南、東四大區域的前三大族，根據臺灣原住民分布判斷，表中何者為東部區域？()表七甲乙丙丁(52.5%)(27.1%)(54.9%)(43.3%)阿美族布農族排灣族阿美族(13.8%)(26.2%)(14.8%)(28.5%)太魯閣族泰雅族阿美族泰雅族(7.9%)(16.4%)(9.4%)(9.3%)布農族阿美族布農族排灣族註：括弧內百分比為各原住民族人口占該區原住民族總人口的百分比(A)(B)(C)(D),0.44,0.61
107,社會,50,50.()圖十八呈現的是某地不同時期統治者的演變情況，此地最可能是下列何者？(A)琉球(B)香港圖(十八)(C)澳門(D),0.59,0.68
107,社會,51,51.表(八)是臺灣開港通商後，部表(八)分洋行在臺的營運狀況。若考名稱主要出口商品慮當時商品產區與出口地，這寶順洋行茶()些洋行最可能皆設置於圖十九美利士洋行樟腦中何處？公泰洋行樟腦(A)甲費爾•哈士迪斯(B)乙樟腦、煤洋行(C)丙(D)丁圖(十九),0.47,0.61
107,社會,52,52.阿德去甲國旅遊，在個人社群網站的記錄概要如圖()二十，根據圖中內容判斷，下列何者最可能符合甲國的情況？(A)實施內閣制度(B)屬於民主共和國(C)政黨制度為兩黨制(D),0.61,0.54
107,社會,53,"53.()19201940圖二十一是年至年美國「非35,000A農業就業人口數」的統計圖，其中由32,000A至B的變化，主要與下列何者有關？29,000(A)(26,000黑人奴隸獲得解放，投入工業生產(B)23,000B政府施行福利政策，保障勞工生活)0(C)國家投入大戰，青年至海外作戰192019241928193219361940()(D)",0.47,0.54
107,社會,54,54.十六世紀時，這個國家積極向外征服，在其殖民地修築()了許多城堡，如圖二十二所示。當時這個國家也曾在()圖二十三中甲、乙、丙、丁何處建立城堡？(A)甲(B)乙(cid:9868)(cid:9951)(C)丙圖(二十二)圖(二十三)(D),0.51,0.48
107,社會,55,55.現行中華民國身分證統一編號的首碼為大寫的英文字母，代2010表初次登記時的戶籍地。年行政區合併改制後，部分縣()的代碼因而停止發行。圖二十四是行政區合併前的地圖與2018部分縣的英文代碼，下列哪一英文代碼還有可能出現在年新生兒的身分證統一編號中？(A)J(B)L(C)R(D)S,0.46,0.45
107,社會,56,56.十五世紀開始，許多歐洲探險家出海()圖二十四()探尋通往亞洲的新航路。圖二十五是十五世紀至十八世紀部分歐洲探險家到達地區的示意圖，其標示方式僅依照這些地區的經度位置排列，而1487未考慮其緯度位置。狄亞士在至1488年的探險旅程中到達某洲的最南端，若要在圖中呈現，應標示於何處？(A)(B)甲乙(C)(D),0.45,0.36
107,社會,57,57.文中的「帝國」應是指下列何者？(A)(B)拜占庭帝國阿拉伯帝國(C)(D),0.42,0.54
107,社會,58,58.()文中所提的難民營最可能位於圖二十六中甲、乙、丙、丁何區？(A)(B)甲乙(C)(D),0.38,0.51
107,社會,59,59.文中「無國界小丑」的作為最符合下列何項意涵？()(A)(B)圖二十六實踐公益服務提升社會福利(C)(D),0.46,0.8
107,社會,60,60.若老師上課時討論上述現象，並要同學運用需求法則，針對文中第一段陳述的問題提出因應對策，下列何者最適當？(A)(B)限制各大醫院每日看診人數補助小型診所購買醫療設備(C)(D),0.55,0.49
107,社會,61,61.文中政府為使醫療資源更有效運用，所採取的措施及預期的成效，與下列何種社會變遷的過程最相符？(A)(B)透過制度變遷影響觀念變遷透過觀念變遷影響器物變遷(C)(D),0.47,0.68
107,社會,62,62.()20圖二十七中「人口年齡中位數」未滿歲的國家，主要分布在哪一洲？(A)亞洲(B)歐洲(C)非洲(D),0.53,0.79
107,社會,63,63.()圖二十七中「人口年齡中位數」屬於類的國家，最可能具有下列何種特徵？(A)出生率較低(B)平均壽命較低(C)醫療衛生水準較落後(D),0.5,0.79
108,社會,1,1.185412年某英國博物學家前往東印度群島考察，八年內總共蒐集了萬餘件的生物標本，並著有《馬來群島自然考察記：紅毛猩猩與天堂鳥的原鄉》。該博物學家在當地所見到的傳統住屋型式最可能是下列何者？(A)(B)(C)(D),0.32,0.92
108,社會,2,2.近年來我國政府審慎評估「農村引進農業外勞」的可行性，研擬該政策最主要是為了因應下列哪一項臺灣農業特色？(A)(B)農作種類多樣農業耕地狹小(C)(D),0.43,0.85
108,社會,3,3.()圖一是雜誌上的旅遊廣告，該行程的主要特色最可能是下列何者？(A)針葉林生態探索(B)峽灣海岸郵輪行(C)莽原動物大遷徙()圖一(D),0.49,0.79
108,社會,4,4.2016「年初，滿載商品的貨運列車從中國浙江義烏出發，經西安、蘭州和14烏魯木齊等城市後，駛往伊朗德黑蘭，歷時天完成首航，再現古絲路的輝煌。」這班列車在駛離中國後，最可能途經下列何地？(A)(B)中亞南亞(C)(D),0.64,0.64
108,社會,5,5.()圖二是阿政繪製某大洲海岸特色的成因分析，代表特色，代表成因。該大洲最可能是下列何者？(A)(B)亞洲非洲(C)美洲(D)歐洲圖(二),0.53,0.65
108,社會,6,6.臺灣因山林面積廣大、巡查不易，出現許多違法開發山林資源的事件。政府機關若要快速比對不同時間的地表狀況，找出可能遭到大範圍違法伐林的地點，使用下列哪一種地圖最為適合？(A)(B)分層設色圖地形剖面圖(C)(D),0.47,0.7
108,社會,7,7.()圖三分別是保存在新竹和宜蘭的歷史文物，根據圖片內容判斷，這些文物與下列何者關係最密切？(A)清朝人才選拔制度的施行()圖三(B)鄭氏政權對於儒學的推廣(C)臺灣總督府所實施的教育制度(D),0.41,0.76
108,社會,8,8.()圖四是︽美國憲法︾某次修正案的內容。此一修正案的通過最可能與下列哪一事件有關？(A)獨立宣言的頒布(B)門羅宣言的發表(C)南北戰爭的影響()圖四(D),0.64,0.69
108,社會,9,9.以下是對中國近代史上某組織的介紹：「他們號召建立一個土地財產公有和男女平等的社會，科舉考試也向女性開放，考試內容取自於統治者所闡述的「拜上帝會」教義。他們沒有獲得西方基督教國家的支持，也無法得到士紳階級的認同，但還是在南京堅持了十年。」此組織應是下列何者？(A)(B)義和團滿洲國(C)(D),0.54,0.77
108,社會,10,10.()圖五是臺灣一份報紙的頭版標題，下列何項政策的施行與標題的公告關係密切？(A)推廣公地放領(B)開放人民組織政黨(C)宣布興建十大建設(D),0.46,0.83
108,社會,11,11.()圖六是某一時期亞洲三個國家交流的情(cid:1057)(cid:1168)形，根據內容判斷，此時期的交流對當時日本造成了何種影響？(A)採行「大化革新」，努力吸收中國文化(B)(cid:2228)(cid:4606)(cid:1644)(cid:4079)推動「大政奉還」，天皇重新掌權執政(cid:988)(cid:2942)(cid:3956)(cid:5876)(C)推行「明治維新」，日本成為亞洲強國(cid:2228)(cid:4606)(cid:1644)(cid:4079)(cid:501)(cid:2670)(cid:5090)(cid:1171)(D)採行「鎖國政策」，只許中荷前來貿易(cid:3515)(cid:2821),0.57,0.69
108,社會,12,12.爸爸與剛上國中的女兒一同參加家長座談會，看到教室牆上貼著「班級生活公約」，感慨地說：「以前我們唸書時，學生只能遵守由學校制定的校規與班規，真羨慕你們現在師生可以相互溝通，共同擬定大家願意接受的生活公約。」上述父親所描述的轉變，最可能是因下列何項概念逐漸受到重視？(A)(B)主權在民地方自治(C)(D),0.4,0.82
108,社會,13,13.()圖七為某班園遊會擺設冷飲攤的營收結果，其中甲代表銷貨收入，乙代表利潤。若後來發現生產成本中少列入一筆設備租金費用，在此筆費用列入計算後，圖中甲、乙最可能出現的情況為下列何者？(A)(B)甲不變，乙不變甲不變，乙下降(C)甲下降，乙不變(D)甲下降，乙下降圖(七),0.5,0.78
108,社會,14,14.()圖八是某商品的廣告情節，廠商藉由甲、乙二人的對話，凸顯該商品量販包的上市，讓大量採購該商品的民眾更加便利。若甲所提及親屬皆是自己的家人，依圖中訊息判斷，則下列關於甲家中五人的敘述何者正確？(A)甲的奶奶與家人間皆沒有姻親關係(B)甲的媽媽與家人間皆沒有配偶關係(C)甲的哥哥與家人間皆沒有直系血親關係(D)甲的爸爸與家人間皆沒有旁系血親關係圖(八),0.47,0.75
108,社會,15,15.()圖九是新聞報導中的標題，若新聞事件中的受害者要尋求權利救濟，下列哪一項法律最能提供他協助？(A)《刑法》(B)《少年事件處理法》(C)《性別工作平等法》(D)《性別平等教育法》圖(九),0.38,0.74
108,社會,16,16.對於具有歷史意義的建築，有些專家會向政府提報列為古蹟，經被列為古蹟後，依法不得擅自裝修，導致部分仍住在古蹟內的居民，可能因建材腐朽影響居住安全而感到不滿。關於上述內容，從我國對於人民權利保障與限制的角度判斷，下列何者最適當？(A)居民認為隱私權受到侵害(B)居民認為遷徙自由受到侵害(C)專家的目的是為了維持社會秩序(D),0.51,0.63
108,社會,17,17.()表一是某一作物三大品種在全球及中國分布的比較。根據表中資訊判斷，該作物最可能為下列何者？()表一品種甲乙丙分布原產地衣索比亞剛果賴比瑞亞28°N～38°S間的海10°N～10°S間的低海宜於低海拔地區種植，全球13001900拔至公尺地拔地區，東南亞、印度僅分布於賴比瑞亞、馬分布區，其中以巴西、哥倫及非洲中部和東部為主來西亞、印度、印尼範圍比亞最多要栽種區等國中國在雲南、廣西、福建、主要在海南島栽種較少產區廣東的南部(A)(B)(C)(D),0.45,0.73
108,社會,18,18.中國某行政區的南部位於農牧過渡地帶，因氣候乾燥少雨、生態環境脆弱、水土流失嚴重及自然災害頻繁，被聯合國認為是最不適宜人類生存的2011地區之一，因此年當地政府對人民實施搬遷()計畫。上述行政區應是圖十中何者？(A)(B)甲乙(C)(D),0.47,0.64
108,社會,19,19.()2010圖十一為年世界各國都市化程度示意圖，圖中圓圈大小代表該國的都市人口數，圓圈顏色深淺代表該國的都市化程度。其中都市化程度最高的圖例應為下列何者？()圖十一(A)(B)(C)(D),0.3,0.44
108,社會,20,20.()圖十二為小芬在網路上看到的某日下午一點臺灣部分測站的氣溫資料，當時臺灣氣溫空間分布的差異與下列何者關係最為密切？(A)大陸冷氣團逐漸南下(B)蒸發旺盛形成熱對流(C)熱帶低氣壓逐漸增強(D),0.51,0.55
108,社會,21,21.有位中國老農夫回憶：「當時煉鋼要超英趕美，因此人人將鍋、鏟全丟進煉鐵爐燒煉。因為上級交代蓋一條用來運鋼的道路，所以只好將鄭和墓塚的石頭拿去墊路基，但我們一直沒有煉出夠多的數量，讓卡車來載運。」上述情況最可能與下列何者有關？(A)大躍進(B)抗美援朝(C)文化大革命(D),0.55,0.83
108,社會,22,22.()圖十三是政治諷刺漫畫，呈現一帝國在某戰爭結束後，因被迫簽署和約而產生的變化，此戰爭最可能是下列何者？(A)普法戰爭(B)英法百年戰爭(C)第一次世界大戰(D)(),0.52,0.6
108,社會,23,23.表(二)呈現史前人類生活情形的變化，表(二)若要以「舊石器時代新石器時代」甲種植根莖類作物種植稻米的方式，表示舊石器時代至新石器時代乙打製石器磨製石器的文化變遷，表中甲、乙、丙、丁何者丙燒製陶器冶煉鐵器最為適切？丁不知用火用火煮食(A)(B)甲乙(C)(D),0.51,0.69
108,社會,24,24.()圖十四是某時期日本在臺灣發布的告示，此告示最可能與下列何者有關？(A)霧社事件(B)牡丹社事件(C)臺灣民主國(D),0.59,0.64
108,社會,25,25.「這個帝國興盛時期，疆域廣大，橫跨三洲。皇帝在政治上享有至高無上的權力，同時在宗教上也是上帝的代表，可以任命帝國首都主教，主導教會行事，而且也常頒布與基督教教義有關的規定。」此一帝國最可能是下列何者？(A)(B)查理曼帝國拜占庭帝國(C)(D),0.38,0.47
108,社會,26,26.某媒體常在網站上以虛擬動畫呈現新聞內容，但因表現方式有時過於血腥、暴力，引起輿論譴責。民間團體呼籲該媒體應顧及報導對社會可能產生的負面影響，勿以商業利益為優先考量。上述團體的訴求內容，主要凸顯出下列何項議題的重要性？(A)(B)資訊科技的多元發展社會團體的監督力量(C)(D),0.29,0.76
108,社會,27,27.近年來醫療機構中醫護人員遭攻擊的暴力事件頻傳，不但嚴重干擾醫療行為的進行，還危及醫護人員的人身安全，因此醫護團體推動相關修法，將這種暴力行為的追究改為非告訴乃論，以遏止此類事件發生。根據上述內容判斷，下列何者正確？(A)文中團體的類型屬《人民團體法》中的政治團體(B)文中團體若想要達成目的，應向立法院進行訴願(C)修法通過後，相關法律條文將交由行政院院長公布施行(D),0.61,0.62
108,社會,28,28.公民老師在課堂上講述「無罪推定原則」時，請同學舉出例子加以說明，下列何者的舉例最適當？(A)甲：「小偉因闖紅燈遭處罰鍰，所以他是有罪的。」(B)乙：「花花因涉嫌殺人遭警察逮捕，所以她是有罪的。」(C)丙：「大雄雖因恐嚇鄰居遭起訴，但仍不能認定他有罪。」(D),0.55,0.64
108,社會,29,29.花蓮縣境內有許多高山，隨著近年登山活動日益盛行，轄內的登山意外事故也隨之增加，每次搜救工作常須動員大量人力、物力。為因應此情況，該縣已通過自治條例，將對擅入管制區的民眾處以罰鍰，且若發生山難事故，當事人須自行支付搜救費用。根據上述內容判斷，下列敘述何者正確？(A)文中通過規定的機關為立法院(B)文中通過規定的機關為縣議會(C)違規遭處罰者是負起民事責任(D),0.57,0.48
108,社會,30,30.甲、乙、丙、丁四人分別進行了一項投資，其投資報表(三)()酬率如表三所示，若他們各自投資所獲得的利潤皆投資人投資報酬率相同，根據表中內容判斷，何者的投資金額最高？甲10%(A)甲20%乙(B)乙30%丙(C)丙40%丁(D),0.58,0.54
108,社會,31,31.表(四)是1949年至2014年臺灣北、中、南、表(四)東四大區域平均逕流量的相關數據，其中月分114510～月～月何者為南部區域？區域(A)甲甲1814.6615668.50(B)乙乙3405.1711909.67(C)丙4186.2512670.98丙(D),0.54,0.54
108,社會,32,"32.封裝酒瓶的軟木塞是由栓皮櫟的樹皮製()成。根據圖十五栓皮櫟的分布區判斷，其生長環境的氣候特色，主要為下列何者？(A)全年有雨，無明顯乾季(B)250mm乾燥少雨，年降水量以下(C)1,000mm夏雨冬乾，年降水量以上()(D)400800mm圖十五",0.61,0.58
108,社會,33,33.()圖十六為蔣渭水高速公路路線圖，其中甲路段經過的地形主要為下列何者？(A)山地(B)平原(C)丘陵(D),0.47,0.51
108,社會,34,34.我國海軍敦睦艦隊在遠航訓練前，會先繞行表(五)臺灣進行短程的航訓任務，並停靠主要港口港口經度緯度供民眾參觀。表(五)甲至己為2015年該艦隊依甲120.27°E22.62°N序停靠的本島港口，根據各港口位置判斷，120.15E22.99N乙°°該航線應為下列何者？120.52E24.26N丙°°(A)由西南部出發行經臺灣北部至東部沿海121.74E25.13N丁°°(B)由西南部出發行經臺灣南部至東部沿海121.86E24.60N戊°°(C)由東部出發行經臺灣北部至西南部沿海121.62E23.98N(D)己°°,0.52,0.57
108,社會,35,35.()圖十七的處是歷史上某軍事行動後，統治者在征服區所興建的城市。根據分布範圍判斷，此行動最可能是下列何者？(A)十字軍東征(B)拿破崙征俄(C)亞歷山大東征(D),0.53,0.6
108,社會,36,36.()圖十八是中國歷史上某一史事的相關內容，根(cid:4724)(cid:3325)(cid:500)(cid:2131)(cid:5868)(cid:913)(cid:1804)(cid:1800)(cid:1554)(cid:1242)(cid:2828)(cid:1937)(cid:1255)(cid:1302)據內文判斷，該史事最可能是下列何者？(cid:4096)(cid:1295)(cid:1254)(cid:1779)(cid:915)(cid:1639)(cid:1937)(A)齊桓公尊王攘夷(cid:5090)(cid:500)(cid:1018)(cid:5150)(cid:2473)(cid:2531)(cid:2217)(cid:502)(cid:1519)(cid:1068)(cid:2000)(cid:1126)(cid:3311)(cid:915)(B)漢武帝獨尊儒術(cid:2241)(cid:2936)(cid:1276)(cid:500)(cid:5120)(cid:500)(cid:2704)(cid:1220)(cid:4092)(cid:907)(cid:1502)(cid:2856)(C)秦始皇焚書坑儒(D),0.59,0.71
108,社會,37,37.有一本書提到：「啟蒙運動的基礎是科學革命」，下列何項敘述，對這句話的詮釋最為恰當？(A)希臘、羅馬文化再發現，強調古代經典作品以人為本的價值(B)人類社會如同自然世界，可以依循理性尋找普遍的運作原則(C)機器逐漸取代人工生產，實施工廠制度促進物質生活的發展(D),0.51,0.59
108,社會,38,38.()圖十九的四張卡片分別代表清朝曾對臺灣採取的統治措施，若依這些措施最早在臺施行的時間先後順序排列，下列何者正確？(A)甲→丁→乙→丙(B)乙→甲→丙→丁(C)丙→乙→丁→甲(D)丁→丙→甲→乙圖(十九),0.54,0.48
108,社會,39,39.學者對日本統治時期臺灣學生的校外旅行有以下敘述：「臺北因是政治中心，常是外地學校旅行的首選，當時參訪景點包含臺灣神社、臺北市街、總督府等，讓學童藉此感受臺北的文明進步。隨著此一史事的發生，日本展開對外作戰，之後的旅遊行程則以到臺灣神社參拜、為國祈福，並前往醫院慰問戰爭中受傷士兵為主。」文中的「史事」應為下列何者？(A)(B)苗栗事件噍吧哖事件(C)(D),0.56,0.62
108,社會,40,40.新聞報導：新竹縣及縣內的竹北市人口成長快速，若照目前的增長速度推2018估，到了年底舉辦地方選舉時，依據相關法律的規定，竹北市選民所能選出的地方民意代表席次，都各將增加一席。上述報導中所指稱的地方民意代表，應為下列哪一組合？(A)市議員、立法委員(B)縣議員、立法委員(C)市議員、市民代表(D),0.34,0.43
108,社會,41,"41.400小邁家每個月第一天自製罐醬菜販售，且為保持產品品質，當月沒賣完的產品就會銷()毀，絕不在下個月販售。圖二十為上半年消費者對小邁家自製醬菜的需求數量圖。根據圖中資料判斷，小邁家的醬菜上半年銷售總量為多少罐？(A)2,000(B)2,100()圖二十(C)2,300(D)2,400",0.62,0.51
108,社會,42,42.表(六)為某一時期官方所頒行機表(六)關學校放假日期的部分內容，放假日期放假事由及天數根據內容判斷，此一日程最可1/1中華民國開國紀念，放假一天能由下列何者所頒行？1/2-1/3新年，放假二天(A)1895年的清廷3/12孫中山逝世紀念，放假一天(B)1929年的南京國民政府黃花崗七十二烈士殉國紀念，(C)1945年的臺灣總督府3/29放假一天(D)1979,0.61,0.48
108,社會,43,43.()圖二十一為某國以該國著名的景觀為主題所發行的郵票。這些郵票最可能是由下列何國所發行？(A)法國(B)瑞士(C)德國(D),0.45,0.47
108,社會,44,44.王先生計畫在圖(二十二)中的甲、乙、表(七)()丙、丁選擇一地開設工廠，表七呈成本現選擇不同地點設廠的生產成本。若地點()萬元不同設廠地點的成本差異僅來自運輸50甲成本，則相較於原料，該工廠的產品100具有下列何種特性？乙(A)易腐敗丙180()圖二十二(B)易破碎丁200(C)體積變小(D),0.47,0.4
108,社會,45,45.外流就業人口是指不住在戶籍表(八)地縣市，而住在外縣市之就業外流就業外流就業人口占行政區人口，例如某人戶籍地在嘉義人口(千人)該區就業人口比率(%)縣，但因工作而住在臺南市，1230.78甲則計入嘉義縣的外流就業人3129.86乙()2012(口。表八為年桃園縣已8325.06丙)改制為桃園市、雲林縣、臺596.28丁東縣、澎湖縣四個行政區的外流就業人口統計資料，其中何者為桃園縣？(A)(B)甲乙(C)(D),0.35,0.34
108,社會,46,46.十九世紀後期，一位美國學者到臺南考察，當地西拉雅族頭目帶著二十餘份文件讓他瀏覽，這些文件以羅馬字母、漢字拼寫，標注清朝雍正、乾隆及嘉慶的年號和日期，又蓋有印章。他認為這是極有價值的史料，因此便以槍枝換取了這些文件。這些文件的內容最可能包含下列何者？(A)噍吧哖事件始末(B)安平洋行貿易資料(C)臺灣總督府林野調查紀錄(D),0.4,0.56
108,社會,47,47.第二次世界大戰後，許多殖民地脫離原殖民母國獨立而成為新興國家，但由於當初列強占領時未考慮該地區族群、宗教等因素，導致這些新興國家境內常因不同立場、生活方式等而發生衝突。下列何種作法最有助於減緩上述衝突？(A)發揚主流價值，同化少數族群(B)削弱次文化勢力，獨尊強勢文化(C)尊重不同族群，包容多元文化差異(D),0.39,0.93
108,社會,48,48.()圖二十三為日本近年來對於中國和東協國家的投資金額統計，對兩者投資金額差距擴大與下列何者關係最為密切？(A)東南亞天災日益頻繁(B)東協的生產成本較低(C)中國實施全面開放二胎(D),0.5,0.8
108,社會,49,49.全球穆斯林人口成長快速，市場商機相當龐大，資訊科技產業針對該族群的需求，設計相關產品，例如智慧型手機的應用程式可在任何地點指引禮拜方向、提醒禮拜時間、判別經過認證的食物等。下列何者也是針對上述族群所設計？(A)線上拉丁文翻譯字典(B)手機查詢無牛肉料理的餐廳(C)《聖經》閱讀筆及口袋電子書(D),0.59,0.73
108,社會,50,50.宋朝宰相王安石力圖變法，但因個性固執，不接納眾人意見，加上用人不當，導致變法失敗。若某部連續劇讓王安石以穿越時空的方式，意外成為我國最高行政機關首長，然而他的作風依舊不變，引發朝野不滿。根據我國現行憲政體制判斷，下列何者最可能是穿越時空後的王安石將面臨的處境？(A)(B)由憲法法庭審理被監察院提案糾正(C)(D),0.55,0.59
108,社會,51,51.表(九)是一件發生在表(九)中國境內的案件審判審判概況概況，根據內容判審判地點廈門的美國領事法庭斷，此審判最可能出裁決者美國駐廈門領事館總領事現在下列何時？陪審員三人，包括一名美國領事館代表(A)十七世紀前期J.H.Edward被告美國公民(B)十八世紀前期罪名於中國非法徵募及販運勞工至國外(C)十九世紀後期(D)判決依美國法律判決一年監禁、罰款一千美元,0.38,0.54
108,社會,52,52.「這個國家有著多處世界文化遺產，包括馬雅文明的城市遺址、阿茲提克帝國神廟遺跡、西班牙殖民時期重要銀礦區，和多座壯麗的天主教教堂及修道院。」此一國家最可能是下列何者？(A)(B)巴西古巴(C)(D),0.45,0.36
108,社會,53,53.我國總統自直接民選以來，歷表(十)屆總統、副總統選舉的選舉資總人數具投票權具投票權投票率屆數()()()(%)(%)料概況，如表十所示。根據萬人人數萬人人數比例表中資料判斷，可對近年的社92131143167.1676.04會現象做出何項推論？102213154669.8682.69(A)人口結構顯示出少子化現象112257165073.1280.28(B)民眾政治參與意願逐年上升122292173275.5676.33(C)自然增加率大於社會增加率132322180877.8874.38(D),0.41,0.41
108,社會,54,54.上述「統治政權」，曾同時在臺灣設置下列哪一個行政區？(A)(B)淡水廳天興州(C)(D),0.55,0.68
108,社會,55,55.上文中的區公所主要是經由下列何種方式，來達到活絡地方經濟的目的？(A)提高農漁牧業比例(B)興建社區活動中心(C)增加地方賦稅收入(D),0.44,0.89
108,社會,56,56.由文中內容判斷，下列何項作法最有助於解決「籃籗會」活動所產生的問題，且不影響區公所舉辦此活動的目的？(A)調高到訪遊客的入場停車費用(B)調降販售業者的攤位承租費用(C)提供免費公車以減少車輛進出(D),0.41,0.74
108,社會,57,57.文中所指的霧氣最可能來自下列何者？(A)大西洋(B)太平洋(C)印度洋(D),0.54,0.59
108,社會,58,58.根據上文判斷，下列何者最可能是適宜推廣此項設備的地區？(A)亞洲東南部(B)非洲西南部(C)歐洲西北部(D),0.4,0.52
108,社會,59,59.關於文中最初提及的降低農業損失作法及其影響，隱含了下列哪一概念？(A)比較利益(B)供給法則(C)受益原則(D),0.4,0.55
108,社會,60,60.文中林姓農夫的轉變，可用下列何者說明？(A)制度變遷影響生產者行為(B)制度變遷影響消費者行為(C)理念變遷影響生產者行為(D),0.4,0.82
108,社會,61,61.關於文中提及企業主與農夫合作的方式，若雙方在合作內容簽訂生效後，對於內容發生爭議，以下列何種方式處理最為適當？(A)向調解委員會聲請調解(B)向當地警察局提出告訴(C)向地方法院提起刑事訴訟(D),0.48,0.78
108,社會,62,62.根據上文與圖中資訊判斷，上述「歐洲綠化帶」主要路線的形成，最可能與下列何者關係密切？(A)希臘正教與羅馬公教的衝突對立(B)第一次世界大戰時壕溝戰的僵持(C)德蘇互不侵犯條約下的勢力畫分(D),0.63,0.55
108,社會,63,63.根據上文，近年來「歐洲綠化帶」的工作團()隊，應是在圖二十六中甲、乙、丙、丁何處，協助規畫設立生態保護區域？(A)甲(B)乙(C)丙(D),0.63,0.6
109,社會,1,1.小嵐到某國旅遊時，寄明信片回()臺灣，圖一是明信片上具有該國特色的郵戳。根據郵戳上的資訊判斷，小嵐最可能到下列何國旅遊？(A)(B)日本芬蘭(C)(D),0.51,0.76
109,社會,2,2.1987根據中國氣象部門的統計，西北和華北地區沙塵暴發生年均次數，至19995.85201120153.5年期間為次，至年期間則減少為次。下列何者與上述環境問題的改善有密切關連？(A)河西走廊的防護林工程(B)洞庭湖的退田還湖政策(C)三江平原的排水改善計畫(D)藏南縱谷的退牧還林政策藏南縱谷＝藏南谷地,0.49,0.79
109,社會,3,3.104每年月起至翌年月底，捕撈鰻魚魚苗是臺灣沿海漁民傳統產業活動之一，2013更是許多漁民維持生計的重要經濟來源。農委會於年訂定相關捕撈規定，311031其中一項是：每年自月日至月日止，禁止於距岸三浬內海域、潮間帶及河口水域以任何方式捕撈鰻苗。上述規定最可能是為了達成下列何種目的？(A)(B)推廣休閒漁業增加漁業資源(C)(D),0.45,0.73
109,社會,4,4.政府計畫興建一條快速道路，規畫的路線如()圖二所示。道路沿線有山地及河流阻隔，因此經過河谷需興建橋梁，遇到山脊則需開挖()隧道，以求最短距離。根據圖二的等高線判斷，甲、乙、丙三個路段需興建的項目，依序為下列何者？(A)--橋梁隧道橋梁(B)--隧道橋梁隧道()圖二(C)--隧道隧道橋梁(D)--,0.46,0.67
109,社會,5,5.()甲乙圖三為位在臺灣北部的某工業區及其鄰近社區的分布圖，工業區排放廢氣會影響鄰近社區的空氣品工工業業區區質。若僅根據臺灣不同季節的盛行風向判斷，冬季時圖中哪一社區受該工業區廢氣的影響最大？丁丙(A)(B)甲乙(C)丙(D)丁圖(三),0.55,0.63
109,社會,6,6.()圖四為臺灣部分原住民族群的祭典與主矮要分布圖。若按圖片內容判斷，雅美族甲靈()達悟族應為圖中何者？祭豐(A)丁年甲祭(B)乙(C)丙(D)飛,0.35,0.87
109,社會,7,7.()圖五呈現某事件前夕，當地的社會情況。此事件最可能是下列何者？(A)美國獨立(B)法國大革命(C)日本大化革新(D),0.46,0.7
109,社會,8,8.保存古蹟的意義，在於它們能引領後人回到歷史現場，去感受當時的重大變遷或現象。基隆的「海門天險」與臺南的「億載金城」均為國定古蹟，這兩處古蹟的出現，反映當時有何迫切的需要？(A)(B)招撫原住民防止列強入侵(C)(D),0.41,0.76
109,社會,9,9.()上課時老師用圖六到()圖七的變化來說明某位君主的改革，根據內容判斷，此君主最可能是下列何者？(A)(B)齊桓公秦始皇()()圖六圖七(C)(D),0.53,0.71
109,社會,10,10.()表一是不同時期臺灣官方曾經明文規定的節日日期節日。根據內容判斷，其中何者最不可能青年節329是由日本統治時期的政府所指定？甲月日()紀念黃花岡之役(A)甲海軍紀念日527(B)乙月日乙()日俄戰爭勝利紀念(C)丙1028丙臺灣神社祭月日(D),0.53,0.8
109,社會,11,11.近年來由於網路通訊軟體發達，大量訊息在手機()的聯繫群組間快速流傳。圖八是小芳家庭群組裡的對話，根據圖中內容判斷，在網路科技發達的時代，下列何者更應受到重視？(A)媒體識讀的素養(B)醫療技術的提升(C)資訊科技的設備(D),0.43,0.91
109,社會,12,12.表(二)為甲國人口發展趨勢的推估數表(二)據。根據表中內容判斷，政府最可年分人口結構(%)能以下列哪一項政策來面對此種發(年)14歲以下15-64歲65歲以上展趨勢？200021.270.38.5(A)增加多元入學管道200817.072.610.4(B)提高失業給付金額201613.273.413.4(C)保障性別平等權利203610.361.328.4(D),0.41,0.86
109,社會,13,13.我國對於收賄的公務員，可處以十年以上有期徒刑，但民間企業員工出現同樣的行為，卻常以刑罰較輕的背信罪處罰。上述相同的行為，會因犯罪者身分不同而受到不同懲罰的情況，與下列何種原則的關係最密切？(A)(B)(C)(D),0.3,0.84
109,社會,14,14.某工廠擁有三條生產線，分別生產甲、乙、丙三項產品，銷()貨8上半年的銷售成果如圖九所示。近日廠長決定停止生產其丙收6甲中一項產品，並把該生產線轉為生產其他二項產品中的其入4乙中一種，期望增加工廠的利潤。在考量各產線上半年獲利(百萬2的狀況下，根據圖中資訊判斷，下列四個方案中，何者最元能達成廠長的目標？02468)(A)停止生產甲，增加生產乙生產成本(百萬元)(B)停止生產甲，增加生產丙圖(九)(C)停止生產乙，增加生產丙(D),0.46,0.78
109,社會,15,15.新聞報導：日前因人為疏失造成全臺數百萬戶大停電，立法院不分朝野為了追究責任，將請行政院院長提出專案報告。此外，在野黨立委認為近來行政團隊表現不佳，若專案報告無法切中要點、妥善檢討，將對行政院院長提出不信任案。根據我國政府機關間的互動關係判斷，上述內容主要隱含下列何項概念？(A)(B)均權制度分權制衡(C)(D),0.53,0.7
109,社會,16,16.2016年設計的某地理桌遊，遊戲規則為比較各國的人口總數，玩家必須將抽到的卡牌，放入正確的位置，使其由大到小排列。若小屏抽到的是印度，她應該將該()圖十()卡牌放置在圖十中的哪個位置才正確？(A)(B)甲乙()(C)(D)表三,0.37,0.48
109,社會,17,17.()20062015表三為中國至年外商投資(%)(%)前四名後四名總額最多和最少的四個行政區。根西藏18.890.03江蘇省據表中呈現外商投資的空間差異，自治區下列哪一項策略最能夠改善表中所15.640.11廣東省青海省呈現的問題？(A)促進東北老舊工業區轉型寧夏回族13.430.14上海市(B)與東協簽署自由貿易協定自治區(C)取消一胎化的計畫生育政策新疆維吾爾6.920.19浙江省(D),0.53,0.76
109,社會,18,18.小雅在澳洲雪梨(33.9°S，151.2°E)欣賞表(四)完跨年煙火後，想緊接著挑戰利用時差都市經緯度飛行時間前往另一個都市再次跨年。若僅考慮飛36.8S174.7E310甲°，°小時分行時間和時差，則從雪梨搭飛機前往表21.2S159.8W610乙°，°小時分()四中哪個都市，最可能完成此項挑戰？35.7N139.7E935(A)(B)丙°，°小時分甲乙(C)丙(D)丁丁26.2°S，28.0°E14小時0分,0.48,0.54
109,社會,19,19.75%10025%「臺灣某行政區的山地面積比例高於，公尺以下平地面積則不到。該區平原為數條河川共同沖積而成，甲山脈呈東北—西南走向越過平原西北方，平原南方為乙山脈的北端起點，平原東部則有縱向海岸沙丘分布。」上述行政區應為下列何者？(A)(B)南投縣苗栗縣(C)(D),0.41,0.46
109,社會,20,20.()蒙蒙新新高高原原湖湖區區圖十一為中國湖泊分區圖，根據湖水含鹽度可分為淡水湖與鹹水湖，其中鹹水湖主要丁丁分布在圖中何區？乙乙(A)甲丙丙(B)乙(C)丙湖區界(D)丁圖(十一),0.53,0.59
109,社會,21,21.清朝統治時期的臺灣社會族群複雜，一旦發生糾紛，常以祖籍、姓氏等名義聚眾互相敵對，其中規模較大的武力衝突就有數十次之多。造成上述社會衝突的原因很多，下列何者是主要因素之一？(A)要求臺灣建省(B)對抗外來宗教恢自土人行(C)爭奪經濟利益復去恢侵政(D)抵制鐵路建設我年復略臺院,0.53,0.69
109,社會,22,22.()。十具喪原令圖十二是臺灣史上的一份官方文件，此文件發布…五有失是臺的時代背景最可能是下列何者？…日我我我灣(A)起國國國省《馬關條約》簽訂，日本統治臺灣，國國國行(B)日本戰敗，中華民國政府接收臺灣應籍籍民政立之。，長(C)國共內戰失利，中華民國政府遷臺刻人現因官(D)民國六十年，中華民國退出聯合國全民今受公,0.38,0.71
109,社會,23,"23.()15141800表五為至年黑奴被販運到主()表五要三大洲的統計數據。乙最可能是下列洲別甲乙丙哪一洲？時間(A)(B)美洲亞洲1514-160065258,754168年(C)(D)",0.45,0.61
109,社會,24,24.以下是中國某座城市的介紹：「現在城內的『沂水路』全長三百多公尺。之前德國統治這座城市的時候，叫做『迪德里希斯街』；後來日本占領時，叫做『赤羽町』。雖然這是條很短的路，卻記錄了此城市的演變過程。」此一城市最可能是下列何者？(A)(B)瀋陽青島(C)(D),0.45,0.49
109,社會,25,25.()圖十三是玉潔參觀「歷代中國婦女生活文物展」時，在某朝代的展示區內所看到的文物簡介。依內容判斷，此朝代最可能是下列何者？(A)(B)漢代唐代(C)(D),0.49,0.64
109,社會,26,26.右列是某學者對於我國犯罪防治研根據犯罪案件統計顯示，都市地區與究報告的部分內容，根據其內容判鄉村地區的犯罪型態不同，二者在殺斷，若要減少都市地區財產犯罪案人、傷害等暴力犯罪的犯罪率無顯著件發生，下列何項建議最符合文末()差異；但在汽機車竊盜、強盜、搶的論點？奪等財產犯罪，都市地區的犯罪率明(A)增加基層警察人數顯較高。因此，若要減少都市地區財(B)修法加重罰鍰金額產犯罪的案件，可以朝鄉村地區的特(C)協助安裝保全設施性來思考對策。(D),0.45,0.77
109,社會,27,27.我國為防治家庭暴力採行了不少措施，如設置婦幼保護專線、協助安置被害人等。若子女對父母親有言語或肢體等暴力行為，根據我國法律規定，如欲達成法律上的隔離效力，可供受害者尋求協助的機關，及此機關所能採行的因應作為，下列配對組合何者正確？(A)地方法院、核發保護令(B)警察機關、核發保護令(C)地方法院、宣告停止親權(D),0.32,0.68
109,社會,28,28.新聞報導：我國毒品危害的問題，恐有向高中、國中等校園蔓延的跡象，值得政府關注。根據調查發現，觸碰毒品的兒童及少年，多數與其家庭功能不彰，或是成長過程中充滿挫折感有關，加上他們常會仿效同學的行為模式以尋求同儕認同，進而導致毒品在校園內擴散。關於上述內容，下列何項敘述最適當？(A)學生涉毒皆須負完全刑事責任(B)文中內容與需求層次理論相關需求層次理論＝個人需求層次理論(C)學生涉毒主要是受傳播媒體影響(D),0.47,0.81
109,社會,29,29.小姿：「擔任調解委員這麼多年，從沒像今年這麼忙過！」小儀：「今年本區聲請調解的事件比去年增加了五成，大家真是辛苦了！」在上述對話內容中，大幅增加的事件類型最可能為下列何項組合？(A)(B)行政紛爭、告訴乃論的刑事案件民事紛爭、告訴乃論的刑事案件(C)(D),0.51,0.65
109,社會,30,30.()圖十四為我國廣義的法律位階示意圖，圖中灰色區塊位階所代表的法律類型，具有下列何項特色？法律(A)可由行政機關訂定(B)必須經總統公布施行低位階(C)內容多為原則性的規範(D)修改必須經公民投票複決圖(十四),0.6,0.54
109,社會,31,"31.臺灣高鐵於2007年1月通表(六)車後，對其他運輸工具的航線甲乙丙丁營運產生顯著影響。表年分()六為臺北往返四個地點20053,003,1891,161,10577,12764,488的國內空運航線載客人數20062,651,1201,061,38742,21650,570統計，其中一條為離島航20071,335,717511,6703,55945,829線，三條為本島西部航2008341,972107,270-57,762線。依據表中資訊判斷，200922,784--69,121何者最可能是離島航線？-註：表示該航線停飛單位：人(A)(B)甲乙(C)(D)",0.54,0.56
109,社會,32,32.()2011918圖十五顯示年月日發生的強烈地震震央位置，除了建築物倒塌造成的人員傷亡外，由於某些因素影響使得搜救工作不易進行，導致死傷人數持續攀升。根據當地地形、氣候等環境條件判斷，造成上文中搜救困難的因素最可能為下列何者？(A)山區冰河快速消融以致山洪暴發(B)正值沙塵暴盛行時節，能見度低(C)引發大規模海嘯，海水淹沒災區(D)連日降雨，造成土石流掩埋道路圖(十五),0.33,0.5
109,社會,33,"33.表(七)為2014年及預測2050年各洲的人口表(七)數，根據其變化趨勢判斷，丙最可能為下列年分20142050年年何者？洲別(A)歐洲甲1,1362,428(B)非洲乙9721,217(C)美洲741726丙(D)",0.54,0.55
109,社會,34,34.表(八)為北半球四個都市的年平表(八)均降水日數統計，根據表中資月分3-56-89-1112-2合計訊判斷，何者最可能位於熱帶都市莽原氣候區？甲31.024.030.034.0119.0(A)甲19.36.821.426.473.9乙(B)乙22.326.123.720.892.9丙(C)丙10.044.017.00.071.0丁(D),0.53,0.53
109,社會,35,35.以下是關於十七世紀臺灣地震的紀錄：「這年二月十五日發生強烈地震，這是我們入臺統治以來最大的地震，漢人店鋪倒塌二十多間，還有婦人及小孩被壓死，熱蘭遮城也多處龜裂。長官立刻向總部呈報，要求()儘快從暹羅今泰國運木材來進行修復工作。」文中的()「總部」，最可能位於圖十六中甲、乙、丙、丁何處？(A)(B)甲乙(C)(D),0.62,0.56
109,社會,36,36.()表九是四個歐洲國家()表九在第一次世界大戰爆發國家事件後的反應後的反應，根據表中內甲得到德國全力支持，向塞爾維亞宣戰。容判斷，何者屬於「同乙全面動員軍隊，對付奧匈帝國等國。盟國」陣營？(A)丙為支持同一民族，同時向法國和俄國宣戰。甲丙(B)丙丁丁因德軍入侵比利時，向德國宣戰。(C)甲乙(D),0.42,0.62
109,社會,37,37.()圖十七是臺灣某一時期報紙刊載的徵人啟事。根據內容判斷，這最可能是下列何時的報紙？(A)1830年代(B)1860年代(C)1930年代(D)1960,0.48,0.58
109,社會,38,38.()()圖十八與圖十九分別為官方頒發的牌符及當時可通行使用的路線。根據內容判斷，這兩幅圖最適合用來說明下列何者？(A)兩漢時期的對外征伐(B)大唐帝國的統治區域(C)蒙古帝國的勢力範圍(D)圖(十八)圖(十九),0.44,0.48
109,社會,39,39.阿鴻參加大學同學會，同桌有四位任職於我國中央政府機關的同學，分別談論了自己的工作職()權，聊天內容與座位如圖二十所示。若阿鴻兩旁的同學分別任職於行政院與司法院，根據圖中內容判斷，他的座位最可能位於圖中何處？(A)甲(B)乙(C)丙(D)丁圖(二十),0.53,0.65
109,社會,40,40.老師說明需求法則時，列出五組商品的價格表(十)()與數量，如表十，請同學依需求法則，從表()()價量關係價格元數量個中選出三個價量關係，並繪製成需求曲線。10040甲若某位同學的作答結果正確，則下列何者最8030乙可能是他選擇的組合？6050丙(A)甲、乙、丙40130(B)丁甲、乙、丁20110(C)戊乙、丙、戊(D),0.53,0.58
109,社會,41,41.()圖二十一為《民法》中年齡與行為能力程度行為能力程度甲乙丙的示意圖，甲、乙、丙分別代表不同程度的行0為能力。下列何者最可能與圖中的「甲」屬於年齡(歲)相同程度的行為能力？圖(二十一)(A)受到法院監護宣告的大明(B)遭到宣告褫奪公權的阿世(C)8歲因故仍未就學的小龍(D)9,0.59,0.59
109,社會,42,42.小剛買了一些除蚤藥替小貓除蚤，但後來小貓走丟了，於是他將未使用完的除蚤藥放上網路出售，沒想到縣政府以違反《動物用藥品管理法》為由，對小剛開出九萬元的罰單。上述小剛承擔的法律責任，其性質與下列何者相同？(A)網路賣家拒絕退換售出的瑕疵商品(B)曉華屢次虐待動物遭處以有期徒刑(C)快遞公司未依契約規定時間送貨到府(D),0.45,0.55
109,社會,43,43.南美洲南端海運天然限制多，橫越安地斯山脈又常受冬季降雪阻礙交通，因此智利與阿根廷兩國計畫興建打通安地斯山脈的隧道。該隧道不僅可大幅縮短運輸時間，也降低氣候對貨運的影響，有利於大西洋岸國家與太平洋岸國家間的貿易。在上述工程完工後，下列何者的運輸時間可望降低？(A)(B)智利至日本智利至紐西蘭(C)(D),0.46,0.43
109,社會,44,44.小明將臺北捷運路網圖與臺灣北部行政區圖以捷運淡水站為基準點套疊，顯示如圖淡水(二十二)所示的現象：路網圖中各站位置與淡水行政區圖中的實際位置並不一致。造成上臺北述現象的原因最可能為下列何者？車站(A)路網圖為被簡化過的地圖永寧臺北車站(B)路網圖的比例尺較行政區圖大永寧(C)路網圖涵蓋的範圍較行政區圖大(D),0.38,0.5
109,社會,45,45.()圖二十三是某一港口附近的各國商館平面示意圖，根據圖中內容判斷，此一港口最可能是下列何者？(A)十七世紀後期的長崎(B)十八世紀前期的香港(C)十八世紀後期的安平(D)十九世紀前期的廣州廣場官方查驗處,0.5,0.58
109,社會,46,46.()表十一介紹歐洲某一文化潮流的背景與特色，表中的?最適合填入下列何者？(A)方言文學的興起(B)印象畫派的流行(C)浪漫主義的發展(D),0.6,0.43
109,社會,47,47.()表十二為某蛋糕店主打商品於試賣期間的記錄內容，()表十二其中甲、乙、丙、丁、戊分別表示由高到低的五種價當日平均未賣出格。該店販售的商品皆為當日製作，絕不販售隔夜商價格的商品數量品。若表中甲、乙、丙、丁、戊皆非均衡價格，且不考()(/)元個天量其他因素，則此商品的均衡價格最可能介於下列哪二7甲者之間？4(A)乙甲、乙(B)乙、丙丙2(C)丙、丁0丁(D),0.41,0.42
109,社會,48,48.老闆僱用小偉、大智、阿雯為店員，並計畫選出其中表(十三)二人合作製作煎餃與包子，表(十三)為此三人工作成產品包子煎餃效的資訊。老闆發現依比較利益法則分工，小偉不論店員與誰合作，皆是負責製作包子；而大智不論與誰合甲5060作，皆是負責製作煎餃，根據表中資訊判斷，下列對乙5050應關係何者正確？4050丙(A)甲：小偉，乙：大智，丙：阿雯/單位：個小時(B)甲：大智，乙：小偉，丙：阿雯(C)甲：阿雯，乙：小偉，丙：大智(D),0.46,0.35
109,社會,49,49.「哈薩克近來外匯收入大幅萎縮，於是政策規畫出口馬奶的加工乳品，以增加外匯。」上述政策最可能是因應下列何種商品國際市場價格的變動？(A)石油價格慘跌(B)石油價格飆升(C)咖啡價格慘跌(D),0.49,0.7
109,社會,50,50.歡樂國採行與英國相仿的內閣制，表政黨名稱獲得國會議員席次(席)()十四是該國近日的選舉結果。根據表中58甲黨資料判斷，選舉過後，該國新聞媒體刊出47乙黨哪一評論內容最適當？5丙黨(A)籌組聯合政府勢在必行3(B)丁黨選後將邁入多黨制時代(C)甲黨將主導組成新內閣戊黨2(D)甲黨領袖成為國家元首總計115,0.45,0.61
109,社會,51,51.小倫和小真正在討論歷史上某文明所實行的制度，()如圖二十四所示。他們討論的主題最可能是下列何者？(A)印度種姓制度(B)周代宗法制度(C)雅典民主制度(D),0.58,0.68
109,社會,52,52.表(十五)是甲、乙兩國匯率變動的情形，以吸引乙表(十五)國遊客為主的甲國觀光業者，看到此變化後感到時間1甲幣可兌換的乙幣很憂心。根據表中內容判斷，若甲國的物價水準10去年維持不變，下列何者最可能是上述業者的憂慮？20今年(A)甲國觀光業者經營成本提高(B)乙國人的平均薪資所得減少(C)甲國觀光業者數量大幅增加(D),0.53,0.7
109,社會,53,53.阿娟參加旅行團到某城市觀光，拿到了如下的旅遊簡介：「此城市地理位置優越，既連接兩大洲，又位居黑海通往地中海航道的必經之地，曾經先後作為兩個大帝國的首都長達一千六百多年之久。城內有著拜占庭帝國所修築的古城牆、鄂圖曼土耳其帝國華麗的皇宮，以及宏偉的基督教教堂與清真寺等文化遺產，展現了這座城市輝煌悠久的歷史。」根據內容判斷，阿娟到訪的城市最可能是下列何者？(A)羅馬(B)開羅(C)耶路撒冷(D),0.5,0.49
109,社會,54,"54.()表十六表十六為日治後期全臺灣某項土地利用方式的地租調查資料，根據表中資料判面積地租稅務官署別()()斷，該項土地利用方式最可能為下列何甲円者？臺南州稅務課3,9438,138(A)林地2,3065,963嘉義稅務出張所(B)茶園5301,058高雄州稅務課(C)溫泉275247彰化稅務出張所(D)",0.51,0.49
109,社會,55,55.根據酒類的原料來源判斷，蘭姆酒的產地最可能集中在下列何處？(A)(B)北美五大湖區加勒比海地區(C)(D),0.51,0.63
109,社會,56,56.根據上文判斷，下列哪個國家的酒類消費量可能最低？(A)(B)印度加拿大(C)(D),0.54,0.78
109,社會,57,57.文末關於臺灣酒類的販賣規定，最主要是因為下列何項考量？(A)(B)維護兒童及少年的健康提高合法製酒商的利潤(C)(D),0.31,0.79
109,社會,58,58.文中所提及的行政區內，最不可能選出下列何項公職人員？(A)(B)鄉長市議員(C)(D),0.54,0.51
109,社會,59,59.文中政府的作為，其目的最可能為下列何者？(A)(B)投資觀光資源管理經濟秩序(C)(D),0.67,0.6
109,社會,60,60.文中農民的心聲，主要是從下列何種社會規範的角度提出看法？(A)(B)風俗習慣法律規定(C)(D),0.38,0.92
109,社會,61,61.根據上文，美國首次派遣第十五步兵團至中國的原因，最可能是下列何者？(A)鴉片戰爭結束後，要求給予特權(B)趁英法聯軍之際，脅迫開放天津(C)與列強瓜分中國，從中獲得利益(D),0.54,0.66
109,社會,62,62.根據上文，第十五步兵團介入中國內戰，間接保護天津民眾安全，當時中國的主要政治情況為何？(A)立憲派與革命派爭論不休，滿清帝制搖搖欲墜(B)地方軍事強人憑藉武力以奪取地盤，割據一方(C)日本扶植汪精衛政權，對抗在重慶的國民政府汪精衛＝汪兆銘(D),0.38,0.49
109,社會,63,63.根據上文，美國決定撤離第十五步兵團，最可能與下列何者有關？(A)九一八事變(B)一二八事變(C)盧溝橋事變(D),0.41,0.47
110,社會,1,1.()(cid:6332)(cid:1110)(cid:2321)(cid:2541)觀光局推出探索圖一中十個島嶼的活動。(cid:27027)(cid:18749)小蘭的外國朋友想來臺灣進行島嶼旅遊，(cid:6331)(cid:1870)(cid:3269)(cid:2541)她為友人規畫了下列行程：先浮潛、欣賞當地原住民的地下屋及品嘗飛魚料理；接(cid:25016)(cid:25959)(cid:6323)(cid:5370)(cid:973)(cid:2541)(cid:6330)(cid:2665)(cid:5392)著欣賞柱狀玄武岩及石滬景觀；最後欣賞(cid:6329)(cid:1250)(cid:1621)(cid:5392)國家公園內的戰地風光及風獅爺文化。上(cid:6328)(cid:1370)(cid:5392)述行程依序應為右圖中哪些島嶼？(cid:6327)(cid:925)(cid:2332)(cid:5392)(cid:16245)(cid:15933)(A)(cid:6324)(cid:4519)(cid:2541)(B)(cid:6326)(cid:2676)(cid:3177)(cid:5392)(cid:6325)(cid:6093)(cid:5392)(C)()圖一(D),0.38,0.92
110,社會,2,2.()表一為臺灣四家企業為了提升競爭企業採行的方法力而採行的方法，其中何者主要是為甲製鞋廠從中國沿海遷廠到內陸了達到增加產品附加價值的目的？乙紡織廠研發吸溼排汗的機能布料(A)甲丙煉鋼廠設置在高雄臨海工業區內(B)乙丁電子廠自東南亞引進大量外籍勞工(C)丙(D),0.45,0.88
110,社會,3,3.()19461995圖二為年至年臺灣月平均晒鹽產量統計圖，((cid:4068)5其中某些月分的產量明顯較低。根據臺灣晒鹽產區的(cid:998)4(cid:5074)3氣候特性判斷，造成這些月分產量較低的氣候因素最)2可能為下列何者？1(A)(B)0蒸發較弱降雨量較多1357911((cid:1044))(C)(D),0.41,0.79
110,社會,4,4.2018中國某一跨海大橋於年完工，其連結了中國兩個特別行政區及一個經濟特區，可縮短往來三地的距離，及強化三地經濟社會的交流。上述跨海大橋應位於下列哪條河川的出海口？(A)(B)(C)(D),0.5,0.73
110,社會,5,"5.()圖三為某座山山頂附近的等高線地形圖。小明攀登(cid:14883)(cid:24337)至處時，有兩條登頂路線可以選擇，甲路線長度1,1501,300(cid:17392)(cid:17392)公尺、乙路線長度公尺。小明決定選擇乙路(cid:7447)(cid:7447)線登上山頂，他的考量依據最可能為下列何者？(A)(B)乙甲路路線線登起山迄步點道高相度對差較較緩大(cid:22)(cid:26)(cid:19)(cid:22)(cid:19)(cid:25)(cid:19)(cid:19)(cid:22)(cid:24)(cid:19)(cid:22)(cid:19)(cid:23)(cid:19)(cid:19)(cid:22)(cid:19)(cid:19)(cid:19)(cid:19)(cid:80)(C)(cid:19)(cid:24)(cid:19)(cid:19)(cid:80)(cid:22)(cid:21)甲路線位在河谷視野較差(cid:22)()(D)圖三",0.41,0.79
110,社會,6,6.考古學者在臺灣東部發現距今約三萬年前的史前人類生活遺跡，推估當時的人們已經懂得打製粗糙的石器，但還沒有磨製石器的技巧，也不懂如何蓋房子，而是住在天然的洞穴裡。這些史前人類最可能以下列何種方式維持生活？(A)牧養牛羊(B)採集漁獵(C)種植稻米(D),0.33,0.93
110,社會,7,7.()圖四是某一中國現代史攝影專輯的部分內容，圖中所呈現的景象，最可能與下列何者有關？(A)大躍進(cid:10868)(cid:11627)(cid:10532)(cid:10289)(cid:16391)(cid:25331)(B)抗美援朝(cid:23947)(cid:15055)(cid:8902)(cid:7706)(cid:18122)(cid:16391)(cid:25018)(cid:16590)(C)改革開放()圖四(D),0.55,0.81
110,社會,8,8.圖(五)呈現不同年分，二地商人運回歐洲的香料重量(cid:17724)(cid:11)(cid:23)(cid:20071)(cid:10213)(cid:8423)(cid:21279)(cid:21186)(cid:16663)(cid:21226)(cid:22)估計值。圖中的變化，最可能與下列何者有關？(cid:18307)(cid:11)(cid:12)(cid:21279)(A)文藝復興的出現(cid:21)(cid:21186)(cid:16663)(B)工業革命的興起(cid:20)(cid:19)(cid:12)(C)海外新航路的發現(cid:19)(cid:20)(cid:23)(cid:19)(cid:19)(cid:20)(cid:24)(cid:19)(cid:19)(cid:11)(cid:22589)(cid:8193)(cid:11570)(cid:12)(D),0.54,0.78
110,社會,9,9.以下是一位外國記者對臺灣的記錄：「在插滿了新國旗的建築物內，擠入了許多情緒高昂的人們。新國旗以藍色為背景，中間有隻黃色老虎，尾巴翹得半天高；官員與群眾燃放鞭炮互相打氣。……直到日本軍艦在沿岸偵察的消息傳來，群眾像被潑了盆冷水般紛紛走避，官員則退入房內商量對策。這時大家才發現，想要爭取建立新的政權，除了升旗、放鞭炮以外，還有其他更重要的事情要做。」上述內容與下列何者最為相關？(A)中華民國退出聯合國(B)《馬關條約》的簽署(C)臺灣地方自治聯盟的成立(D)(cid:1176)(cid:1176),0.57,0.68
110,社會,10,10.「十七世紀時，臺灣某地區的許多原住民能夠閱讀西班牙(cid:908)文，而在當時的歷史記載中，荷蘭人在此地區探查金礦時，需要會說西班牙話的人才，並且以銀幣作為餽贈原住民的禮(cid:1063)(cid:1063)()物。」此地區最可能位於圖六中何處？(A)甲(B)乙(cid:909)(cid:909)(C)丙(D)丁圖(六),0.53,0.72
110,社會,11,11.在咖啡廳打工的大牛，自從年齡不受《勞動基準法》童工規定的保護後，老闆開始要求他每週五加班到凌晨。某日，大牛與客人發生衝突，因而被移送少年法庭審理。根據上述內容判斷，下列關於大牛的敘述何者最適當？(A)屬於無責任能力人(B)屬於完全行為能力人(C)可能受到保護管束處分(D),0.44,0.81
110,社會,12,12.小皇為了繳交某一主題的課堂報告，蒐集了下列三則新聞報導：根據調查顯示，過半數國政府推動老人安隨著單身及頂客家庭逐漸中、小學生課後會上安親養、長期照護等增加，加上他們常會飼養班或補習班。親子共處時社會福利措施，寵物作伴，使得國內的寵0~6間從事的活動，多數回答減輕有照護需求物數量比歲嬰幼兒總看電視或用手機上網。家庭的負擔。數還多。根據上述內容判斷，這篇報告所要探討的主題與下列何者最相關？(A)(B)家庭功能的變化家庭成員的改變(C)(D),0.41,0.68
110,社會,13,13.我國中央政府基於五權分立、相互制衡的理念而運作，某些職務雖具有其法定職權，但行使職權時經常需要取得其他機關的同意才能完成，例如緊急命令的發布就包含了許多法定程序。下列何者與上述事例的運作流程無關？(A)(B)總統行政院(C)(D),0.5,0.74
110,社會,14,14.近來許多地方政府重新整頓閒置空間，每逢週末舉辦藝文活動，並對外進行攤位招商，有時還搭配煙火秀吸引遊客。由於此舉易造成周邊交通壅塞，加上地方財政困窘，因而輿論對此作法有諸多批評，但不少地方政府仍持續舉辦相關活動。下列何者最可能是上述地方政府作為的目的？(A)(B)籌措地方自治財源提供人民社會福利(C)(D),0.47,0.81
110,社會,15,15.()圖七是某機關發布之管理計畫的部分(cid:3431)(cid:515)(cid:1197)(cid:1952)(cid:520)內容，該機關將據此管制指定觀光地區(cid:2256)(cid:4529)(cid:6103)(cid:4222)(cid:5111)(cid:2083)(cid:4981)(cid:515)(cid:2036)(cid:6103)(cid:2646)(cid:2232)(cid:1186)(cid:4377)(cid:5464)(cid:4331)(cid:1030)(cid:4222)(cid:2123)(cid:1291)(cid:1235)(cid:514)(cid:2861)(cid:4360)(cid:1553)(cid:1057)(cid:1358)(cid:1110)(cid:4726)(cid:2105)(cid:5098)(cid:973)(cid:1870)(cid:3340)(cid:1622)(cid:5392)的活動範圍、時間及遊客行為。下列關(cid:3355)(cid:3328)(cid:2541)(cid:41)(cid:4767)(cid:1370)(cid:1016)(cid:2646)(cid:42)(cid:2915)(cid:2944)(cid:3045)(cid:3301)(cid:991)(cid:4222)(cid:2123)(cid:514)(cid:4355)(cid:2187)於此管理計畫的敘述何者最適當？(cid:3789)(cid:932)(cid:4500)(cid:3178)(cid:3050)(cid:2187)(cid:516)(A)(cid:3760)(cid:515)(cid:4500)(cid:1690)(cid:4360)(cid:3756)(cid:520)限制了觀光遊客的人身自由(cid:41)(cid:922)(cid:42)(cid:1819)(cid:1317)(cid:3789)(cid:932)(cid:1168)(cid:2915)(cid:2944)(cid:991)(cid:4222)(cid:2123)(cid:516)(B)將影響漁撈工作者的財產權(cid:41)(cid:929)(cid:42)(cid:1270)(cid:1269)(cid:1769)(cid:1174)(cid:3012)(cid:1650)(cid:1057)(cid:2995)(cid:4452)(cid:4772)(cid:975)(cid:1393)(cid:1970)(cid:2871)(cid:1141)(cid:516)(C)管制行為有助於維持經濟秩序(cid:524)(D)實施管制是為了增進公共利益圖(七),0.31,0.51
110,社會,16,16.森林的消失受各種不同的自然及人為因素影(cid:14252)(cid:23)(cid:19)(cid:19)(cid:13909)響，大規模種植作物為重要的因素之一。圖(cid:15430)(cid:22)(cid:19)(cid:19)()(cid:10223)八為某國際組織運用衛星影像資料，推算(cid:26144)(cid:21)(cid:19)(cid:19)20012014(cid:18699)非洲三個國家自至年森林消失面積(cid:11)(cid:8705)(cid:20)(cid:19)(cid:19)的統計資料。圖中森林面積的變化最可能反(cid:8234)(cid:26305)映何種作物的大量種植？(cid:19)(cid:12)(cid:21)(cid:19)(cid:19)(cid:20)(cid:21)(cid:19)(cid:20)(cid:23)(cid:11)(cid:11570)(cid:12)(A)(B)小麥可可(cid:23327)(cid:16663)(cid:15413)(cid:11126)(cid:24228)(cid:19403)(cid:23474)(cid:14994)(cid:17180)(cid:7516)(C)(D),0.44,0.72
110,社會,17,17.1942年，中國的對外陸上交通被日軍阻斷，所以(cid:11002)(cid:11002)開闢了一條空中通道，由甲地運送戰略物資至雲(cid:15240)(cid:15240)(cid:16636)(cid:16636)(cid:17392)(cid:17392)()南昆明，如圖九所示。該航線因受限於當時螺(cid:13508)(cid:13508)(cid:13516)(cid:13516)旋槳飛機的性能，僅能順著山峰與谷地飛行，軌(cid:19626)(cid:19626)(cid:17398)(cid:17398)跡高低起伏狀似駝峰而被稱為「駝峰航線」。根(cid:9673)(cid:17418)(cid:15278)(cid:15278)(cid:9673)(cid:9673)據上文，該航線應是越過下列何者？(cid:20712)(cid:19608)(A)天山山脈(B)青藏高原圖(九)(C)(D),0.53,0.64
110,社會,18,18.下列是不同月分到某地旅遊應注意的事項：「一月溫度較低且降雨機率高，記得準備厚外套、手套、圍巾和雨具；四月時山花漸開，下雨的機率漸減；七、八月氣候偏乾且日照強烈，需注意防曬；十月起天氣漸涼，早晚溫差大，且雨水漸多，可帶件薄外套。」該地最可能是下列何種氣候類型？(A)(B)熱帶莽原氣候溫帶大陸性氣候(C)(D),0.53,0.67
110,社會,19,"19.()臺灣目前有四個國家風景區在其範圍內設置有表二北回歸線標誌，包括花東縱谷、東部海岸、澎設置地點經緯度()湖以及雲嘉南濱海國家風景區。表二為上述甲23.45°N,121.50°E四個北回歸線標誌設置地點的經緯度，何者位乙23.45°N,120.14°E在雲嘉南濱海國家風景區範圍內？丙23.47°N,121.36°E(A)(B)甲乙丁23.48°N,119.51°E(C)(D)",0.53,0.58
110,社會,20,20.2015為促進太陽能產業的發展，印度與法國於年宣布推動國際太陽能聯盟，121計畫讓個擁有豐富太陽能資源的國家加入，提供資金協助成員國發展乾淨且負擔得起的太陽能發電。上述121個國家最不可能位於下列何地？(A)阿拉伯半島(B)玻里尼西亞(C)加勒比海地區(D),0.46,0.57
110,社會,21,21.()圖十呈現某一時期東亞部分國家的都城(cid:3955)(cid:3955)規畫，以及交流路線示意圖。根據內容(cid:5875)(cid:5875)(cid:1056)(cid:1056)判斷，圖中的路線最可能是下列何者？(cid:1167)(cid:1167)(cid:25653)(cid:10823)(cid:9868)(A)鄭成功船隊在東亞的貿易路線(B)耶穌會教士在東亞的傳教路線(C)甲午戰爭時日本進攻中國的路線(cid:23725)(cid:19608)(cid:24507)(cid:9868)(cid:9868)(cid:11456)(D)唐朝時日本使者前往中國的路線圖(十),0.62,0.64
110,社會,22,22.()小民蒐集中國近代某一歷史事件的四份相關資料，如表三所示。表中的「資料一」最可能是下列何者？()表三資料一？英國人派來攻打中國的上萬名士兵，在北京天壇紮營。他們的馬，資料二蹂躪著一切。俄國人洗劫北京頤和園的行動已經完成，所有珍貴物品都已經包裝資料三好並貼上標籤。法、德兩國把北京天文台的珍貴儀器據為己有，儀器將被送往巴黎資料四和柏林。(A)太平軍正向北方發展，勢力從南京向首都北京地區蔓延(B)大學生罷課、結隊在全城遊行，並聚集至親日官員住宅抗議(C)義和團燒毀天主教堂、美國傳教團體的房舍，以及海關外國雇員的住所(D),0.49,0.66
110,社會,23,23.下列為兩本不同時代史書對中國長江中下游某地景觀的描述：史書一：「地廣人稀，以稻米為飯，以魚類為菜，採行火耕等原始的耕種方式。人們沒有積蓄，……既無挨餓受凍之人，也無千金富戶。」史書二：「水澤廣闊，良田廣茂，桑樹遍野，田地與溝渠綿延相望，村舍錯落，田間小路交織，好像美麗的刺繡。」上述轉變與下列何者的關係最為密切？(A)張騫通西域(B)「六朝」的開發(C)坊市制度的廢除(D),0.54,0.62
110,社會,24,24.以下是一位西方記者對時事的報導：「過去美歐人士在中國許多城市高高在上，不僅享有領事裁判權保護，更有本國軍隊在中國駐紮。但『戰爭』改變了一切，領事裁判權被取消，美歐人士必須接受中國司法管轄，他們逍遙於中國司法之外的好日子和地位，一去不復返了。」上述「戰爭」最可能是指下列何者？(A)(B)鴉片戰爭國民革命軍北伐(C)(D),0.44,0.42
110,社會,25,25.()圖十一為甲、乙、丙三人在社群網站的留言內容。若三人在這段期間的投資報酬率高低關係為丙＞甲＞乙，下列何者最可能是丙的留言內容？(cid:17392)(cid:12495)(cid:24279)(cid:14963)(cid:13789)(cid:25681)(cid:12627)(cid:23429)(cid:17730)(cid:9967)(cid:24618)(cid:16965)(cid:24386)(cid:7371)(cid:25069)(cid:514)(cid:8473)(cid:10299)(cid:21)(cid:19)(cid:8)(cid:434)(cid:7447)(cid:12495)(cid:17730)(cid:12627)(cid:23429)(cid:24719)(cid:26379)(cid:9034)(cid:17392)(cid:17846)(cid:8906)(cid:514)(cid:7684)(cid:16944)(cid:8423)(cid:24719)(cid:26379)(cid:8872)(cid:13767)(cid:7572)(cid:17730)(cid:7358)(cid:8712)(cid:434)(cid:7383)(cid:34)()圖十一(A)102我的投資金額為萬元，獲利金額為萬元(B)我的投資金額是甲的兩倍，但獲利金額與甲相同(C)我的獲利金額和甲相同，但投資金額只有甲的一半(D),0.5,0.77
110,社會,26,26.甲國為了降低國內吸菸人口，針對每包(cid:3688)30%2017(cid:3636)30菸品課徵售價的菸稅，而自年(cid:1998)25起更提高至50%。圖(十二)是新制上路前(cid:5776)2015後，國內菸稅金額的變化情況，根據圖((cid:4665)10(cid:993)5中資訊判斷，下列何者最適合用來說明)02016年底時所發生的變化？20162016201620172017(cid:1283)(cid:1283)(cid:1283)(cid:1283)(cid:1283)(A)(B)比較利益預期心理8101224(C)(D)(cid:1044)(cid:1044)(cid:1044)(cid:1044)(cid:1044),0.39,0.46
110,社會,27,27.小蔡多次趁消費時詐騙某一店家財物，老闆不甘受騙報警處理。雖然小蔡遭逮後深表懊悔，並賠償店家損失達成和解，老闆也決定不提出告訴，但警方仍依法將他移送法辦，最後小蔡遭法院判處罰金。上述小蔡與老闆達成和解，以及被法院判罰的部分，依序屬於下列何種類型？(A)行政案件、告訴乃論的刑事案件(B)民事事件、告訴乃論的刑事案件(C)行政案件、非告訴乃論的刑事案件(D),0.5,0.64
110,社會,28,28.()金芳工廠評估三種營運策略的收支情況，如表表四()四所示。若僅考量利潤，該工廠的最佳選擇是銷貨生產營運策略「維持現狀」，且此選擇的機會成本是「增產收入成本乙產品」。根據上述內容判斷，表中「☆」處12090增產甲產品的數值，最可能為下列何者？105增產乙產品☆(A)808040維持現狀(B)70/單位：萬元月(C)60(D)50,0.39,0.53
110,社會,29,29.()圖十三中的甲地為美國退役飛機存放的地點之一，以便這些飛機做後續的處置與再利用。根據當地的地理環境特色判斷，選擇該(cid:17392)地點存放與下列何者關係最密切？(A)位於加州矽谷，維修人力充足(B)地處北美大平原上，地廣人稀()圖十三(C)氣候乾燥少雨，避免零件鏽蝕(D),0.5,0.56
110,社會,30,30.()52013圖十四是以每歲為一級距，統計年世界各年齡層人口數的示意圖，其中不同顏色15~64(cid:3971)代表不同洲的資料。圖中丙應為哪一洲？(A)非洲(B)亞洲0~14(cid:3971)(C)歐洲(cid:10213)(cid:15305)(cid:15344)(cid:17392)(cid:7447)(cid:7383)(cid:7359)(cid:8661)(cid:20044)(cid:15344)(D),0.52,0.54
110,社會,31,31.「飛行釀酒師」是一個特別的行業，他們搭乘飛機穿梭在全球各地的葡萄園提供技術指導，尤其是在秋季葡萄採收時最為忙碌。某一釀酒師在澳洲葡萄採收的季節前往該國協助，則他在澳洲停留的月分最可能為下列何者？(A)12(B)34(C)67(D)910,0.42,0.49
110,社會,32,"32.歐洲兩大河流藉由某一運河相互連結，以提表(五)升河流的航運價值。甲港口為該運河上重要國家船舶貨運量(公噸)()2016的轉運樞紐，表五為年兩條河流流域100,488荷蘭內各國與甲港口之間的船舶貨運量。由表中68,520德國資訊判斷，可推論出其中一條河流的貨運量50,813比利時較大，該河流應是注入哪個海域？34,498奧地利(A)(B)北海黑海8,891(C)(D)匈牙利",0.48,0.42
110,社會,33,"33.「早期，臺灣中部山區的原住民開墾坡地時，4,094斯洛伐克會先砍伐樹木，待其充分乾燥後點火焚燒，坡854羅馬尼亞地因此留下不少灰燼，可作為肥料。首年的收273,710總計35穫相當可觀，但通常僅能耕作至年，便須遷註：船舶貨運量為各國以船舶移到其他坡地，再以相同方式開墾。」上述農運抵甲港口及從甲港口運至各墾方式最可能也出現在下列哪一地區？國的貨運量總和。(A)印尼蘇門答臘島(B)埃及尼羅河三角洲(C)加拿大拉布拉多高原(D)",0.35,0.4
110,社會,34,34.「通風廊道」主要由公園與綠地組成，(cid:8661)(cid:20)(cid:13766)(cid:26)(cid:13766)其規畫是為了引導都市外涼爽、乾淨的(cid:22589)(cid:8661)(cid:13871)(cid:8661)(cid:8230)(cid:11570)(cid:11569)(cid:9733)(cid:3727)(cid:506)(cid:2405)(cid:1243)(cid:5326)(cid:3159)(cid:4313)(cid:2178)(cid:1172)(cid:1648)空氣流入都市，以緩解都市中心悶熱、(cid:1988)(cid:3164)(cid:907)(cid:2212)(cid:2580)(cid:3796)(cid:995)(cid:1242)(cid:1041)(cid:1243)汙濁的空氣環境，廊道走向主要與當(cid:22589)(cid:13871)(cid:2405)(cid:1088)(cid:3164)(cid:1937)(cid:5326)(cid:3159)(cid:500)(cid:3911)(cid:5022)(cid:1992)()(cid:973)(cid:1032)(cid:1196)(cid:3950)(cid:5626)(cid:500)(cid:1078)(cid:1988)(cid:5326)(cid:3159)地盛行風向一致。圖十五為中國季風(cid:3911)(cid:1381)(cid:500)(cid:1016)(cid:976)(cid:2046)(cid:3911)(cid:2863)(cid:502)(cid:1647)氣候區內某都市的風向頻率圖，根據(cid:22589)(cid:8725)(cid:13871)(cid:8725)(cid:1269)(cid:1308)(cid:4313)7(cid:1044)(cid:1001)(cid:1855)(cid:2405)(cid:1088)(cid:3164)(cid:8725)(cid:1937)(cid:5326)(cid:3159)(cid:4200)(cid:1355)(cid:2405)(cid:2863)(cid:502)該都市最主要的風向判斷，其通風廊()圖十五道的規畫最可能接近下列何者？(A)(B)(C)(D),0.21,0.23
110,社會,35,35.歷史上某種組織的設立目的，是為了保護城市同業會員的利益，其作法包(1)(2)(3)括：禁止非會員營業；會員間有互助救濟的責任；規定價格、品質、工資、工作條件，以限制競爭。此種組織最可能是下列何者？(A)(B)(cid:34)中共人民公社蒙古帝國的驛站(C)(D),0.53,0.65
110,社會,36,36.()歷史老師上課時，使用圖十六講解某一史事所造成的影(cid:18460)(cid:20244)(cid:20035)(cid:26730)響，圖中的「？」最可能是下列哪一史事？(cid:11483)(cid:9673)(cid:17316)(cid:22689)(A)美國獨立戰爭(B)英國光榮革命(cid:15055)(cid:13453)(cid:12237)(cid:23062)(cid:12679)(cid:7359)(cid:20044)(cid:15344)(cid:8853)(cid:8430)(cid:15998)(cid:17722)(cid:16619)(cid:8852)(cid:16934)(cid:18825)(C)拿破崙向外擴張(D),0.43,0.45
110,社會,37,37.()圖十七是一張戰爭期間發給的通行證部分內(cid:2336)(cid:1892)(cid:2376)(cid:1113)(cid:1079)(cid:506)容，此通行證最可能使用於何時何地？(cid:33)(cid:33)(cid:33)(cid:33)(cid:33)(cid:2157)(cid:1153)(cid:3311)(cid:1353)(cid:5886)(cid:1955)(cid:2241)(cid:2105)(cid:3058)(cid:947)(cid:2861)(cid:2879)(cid:3377)(A)鴉片戰爭期間的打狗(cid:947)(cid:500)(cid:1076)(cid:1478)(cid:3080)(cid:2760)(cid:3774)(cid:917)(cid:3750)(cid:2927)(cid:1101)(cid:4646)(cid:1254)(cid:500)(cid:2152)(B)(cid:3286)(cid:1076)(cid:1804)(cid:6054)(cid:1937)(cid:3058)(cid:3950)(cid:502)(cid:510)(cid:510)(cid:1250)(cid:1308)(cid:1610)(cid:2241)(cid:2350)英法聯軍期間的安平(C)(cid:2927)(cid:4646)(cid:1635)(cid:500)(cid:1255)(cid:1308)(cid:5386)(cid:4942)(cid:4633)(cid:928)(cid:2449)(cid:3290)(cid:2861)(cid:2879)(cid:3774)中法戰爭期間的基隆(cid:917)(cid:500)(cid:1632)(cid:1255)(cid:4029)(cid:1254)(cid:1342)(cid:1175)(cid:1276)(cid:1220)(cid:1937)(cid:3311)(cid:1353)(cid:502)(D),0.41,0.49
110,社會,38,38.小芳撰寫「臺灣糖業發展」的課堂報告，想討論在十九世紀中後期臺灣糖業所發生的變化，下列何者最能夠呈現當時的變化？(A)(B)新式糖廠用縱貫鐵路運送蔗糖興建嘉南大圳使甘蔗產量增加(C)(D),0.24,0.32
110,社會,39,39.「吳生是徽州人，參加科舉考試屢屢失利，但他沒有放棄金榜題名的希望。為了糊口謀生，在這個徽州商人活躍於全國，形成商幫組織的時代，他未從商而選擇行醫。有一年，吳生遠赴省城參加鄉試，卻遇上了身體不適的老友上門求診，結果老友得以痊癒，自己卻又再度名落孫山。終其一生，他雖未能如願中舉，但卻成為一位良醫。」上文中的吳生，最可能是下列何時的讀書人？(A)(B)西漢時期隋唐時期(C)(D),0.41,0.45
110,社會,40,40.()(圖十八是某戰爭中，交戰雙方陣營一、陣營)400(cid:7835)(cid:8542)(cid:8423)(cid:7516)二各成員國的軍隊陣亡人數圖。圖中的甲與乙(cid:20911)(cid:9673)(cid:24512)(cid:20071)最可能分別是哪兩國？300(cid:9684)(cid:10213)(cid:13754)(cid:15251)(cid:9673)(cid:8423)(cid:10277)(cid:8646)(cid:11483)(cid:9673)(A)甲：美國，乙：德國200(cid:9693)(cid:20209)(B)甲：德國，乙：俄國(cid:8244)100(cid:17392)(cid:9673)(cid:7447)(cid:9673)(C)甲：日本，乙：中國0(cid:2852)(cid:5436)(cid:907)(cid:2852)(cid:5436)(cid:914)(D),0.5,0.7
110,社會,41,41.1926有一本年出版的書籍，對於臺北名勝介紹如下：「圓山公園位在距離臺1.8北車站哩之處，隔基隆河與臺灣神社相望，樹木繁盛，滿山翠綠。園內有市立動物園，動物園飼養了來自世界各地的珍禽異獸，遊覽者眾，此動物園被公認是國內的五大動物園之一。」上述內容中「國內的五大動物園」最可能還包括下列何地的動物園？(A)(B)上海馬尼拉(C)()(D)(),0.54,0.34
110,社會,42,42.()圖十九是一則網路新聞報導，根據圖中內容判斷，在此案的處理過程中，最可能(cid:4588)(cid:3628)(cid:998)(cid:1113)(cid:1154)(cid:4086)(cid:1068)(cid:4485)(cid:5138)(cid:5922)(cid:3290)(cid:1105)(cid:500)(cid:1342)(cid:2927)會出現下列何種情況？(cid:1126)(cid:1031)(cid:3774)(cid:5506)(cid:4480)(cid:1664)(cid:1302)(cid:5453)(cid:2575)(cid:1937)(cid:1481)(cid:4318)(cid:3297)(cid:2919)(cid:1323)(A)大法官對案件進行公平審理(cid:1395)(cid:500)(cid:4212)(cid:1016)(cid:544)(cid:5872)(cid:1635)(cid:1892)(cid:545)(cid:3285)(cid:1747)(cid:500)(cid:2284)(cid:5922)(cid:3394)(B)(cid:1359)(cid:3774)(cid:1353)(cid:4947)(cid:2199)(cid:2133)(cid:500)(cid:1548)(cid:1747)(cid:4345)(cid:4160)(cid:998)(cid:1113)(cid:3952)(cid:2893)檢察官主導案件的偵查工作(cid:2372)(cid:3298)(cid:915)(cid:3484)(cid:2822)(cid:998)(cid:3737)(cid:502)(C)消保官追訴負責人的犯罪行為()(D)圖十九,0.42,0.68
110,社會,43,43.阿治在網路上分享自己潛水過程中觸碰綠蠵龜的影片，引發了爭議。由於他隨意觸碰保育類動物的行為，涉嫌違反《野生動物保育法》，一旦確定行為違法，最重將可能面臨有期徒刑的處罰。根據上述內容判斷，若阿治遭罰但不服，他採行下列哪一方式進行權利救濟最適當？(A)向相關單位提出請願(B)向高等法院提起上訴(C)向訴願管轄機關提出訴願(D),0.35,0.39
110,社會,44,44.某機關希望縮短使用者的停車時間，提高表(六)停車場車位的流動率，使車位能讓更多洽停車時間收費金額公民眾使用，因此設計新的停車費率，如20分鐘內離場0元()表六所示。該機關設定表中停車費率所40第一個小時元運用的經濟學概念，與下列何者最相似？100第二個小時起每小時元(A)慶祝擴大營業，全店半價促銷(B)物價持續上漲，貨幣價值降低表(七)(C)提高銷貨收入，增加公司利潤代號情況(D),0.47,0.39
110,社會,45,45.()表七內容為燕玲在日常生活中所碰到對面住家常常在半夜大聲播的四種情況。根據表中內容判斷，哪二乙放音樂，害燕玲都睡不著。種情況隱含「外部成本」的概念？(A)甲、乙隔壁住戶的狼犬警戒心很強，丙(B)讓燕玲也住得安心許多。丙、丁(C)甲、丙樓下熱炒店被檢舉後油煙味丁(D),0.39,0.59
110,社會,46,46.有鑑於以往選舉活動過於密集，除了選務工作須花費大量成本外，也容易造成社會紛擾，於是我國目前採用每隔兩年交錯的原則，分別辦理中央層級與()107地方層級公職人員的選舉。根據表八內容判斷，以民國年九合一地方公職人員選舉為例，「」代表可領取該項選舉選票，若小華具有此次選舉的投票權，下列何者是他依法可能領取的選票組合之一？()表八選市縣山地山地里票直轄市直轄市縣縣轄市民議原住民區原住民區(村)組市長市議員長市長代員區長區民代表長合表甲乙丙丁(A)(B)(C)(D),0.34,0.4
110,社會,47,47.小毛：「老師，為什麼每年學校都要送應屆考生包子、蛋糕和粽子的餐盒？」老師：「因為包子、蛋糕和粽子的諧音為『包高中』，寓有對考生祝福吉利的意思。」上述學校作為所隱含的社會規範，其性質與下列何者最類似？(A)(B)除夕當晚家家戶戶團圓圍爐遛狗時隨手清理愛犬的糞便(C)(D),0.35,0.9
110,社會,48,48.()表九是我國某一項公職人員59○○市第二選區第號投開票所開票結果選舉的開票結果。根據表中內候選人得票數容判斷，此項選舉所選出的公候選人王大銘趙小虹康自強職人員應具有下列何項職權？2031046344得票數票票票(A)依法公布法律、命令政黨得票數(B)編列中央政府的預算(C)政黨甲黨乙黨丙黨丁黨質詢地方政府的行政官員103989326159(D)得票數票票票票,0.41,0.28
110,社會,49,49.()20082014圖二十顯示至年臺灣不同規模(cid:21)(cid:24)(cid:19)(cid:19)的國小校數變化，此種變化趨勢與下列哪(cid:14047)(cid:21)(cid:19)(cid:19)(cid:19)(cid:13366)一臺灣社會現象的關係最密切？(cid:11)(cid:20)(cid:24)(cid:19)(cid:19)(cid:10806)(cid:14047)(cid:22605)(cid:14559)(cid:25681)(cid:28)(cid:19)(cid:19)(cid:7544)(cid:7587)(cid:7369)(A)國內的生育率下降(cid:12)(cid:20)(cid:19)(cid:19)(cid:19)(cid:28)(cid:19)(cid:20)(cid:7544)(cid:7587)(cid:7368)(B)(cid:24)(cid:19)(cid:19)外籍配偶人數增加(C)(cid:19)國民義務教育延長(cid:21)(cid:19)(cid:19)(cid:27)(cid:21)(cid:19)(cid:20)(cid:19)(cid:21)(cid:19)(cid:20)(cid:21)(cid:21)(cid:19)(cid:20)(cid:23)(cid:11)(cid:11570)(cid:12)(D)隔代教養家庭增加圖(二十),0.39,0.92
110,社會,50,50.某內閣制國家在國會大選結束後，該國最大黨因與其他政黨在移民、環保政策等問題上難以達成共識，導致遲遲無法組成聯合政府。根據上述內容判斷，下列何者最可能為該國的選舉結果？(cid:9970)100(cid:9970)100(cid:9970)75(cid:9970)50(cid:14058)80(cid:14058)80(cid:14058)60(cid:14058)40(cid:11796)(cid:11796)(cid:11796)(cid:11796)60604530(cid:15112)(cid:15112)(cid:15112)(cid:15112)(cid:15291)40(cid:15291)40(cid:15291)30(cid:15291)20(cid:8050)20(cid:8050)20(cid:8050)15(cid:8050)10(cid:11)(cid:8)(cid:12)(cid:11)(cid:8)(cid:12)(cid:11)(cid:8)(cid:12)(cid:11)(cid:8)(cid:12)0000(cid:17689)(cid:7744)(cid:7680)(cid:7656)(cid:12785)(cid:17689)(cid:7744)(cid:7680)(cid:7656)(cid:12785)(cid:17689)(cid:7744)(cid:7680)(cid:7656)(cid:12785)(cid:17689)(cid:7744)(cid:7680)(cid:7656)(cid:12785)(cid:28367)(cid:28367)(cid:28367)(cid:28367)(cid:28367)(cid:28367)(cid:28367)(cid:28367)(cid:28367)(cid:28367)(cid:28367)(cid:28367)(cid:28367)(cid:28367)(cid:28367)(cid:28367)(cid:28367)(cid:28367)(cid:28367)(cid:28367)51.2018@年的「世界音樂節臺灣」邀請了世界各地的音樂團體來臺演出，其中來自厄瓜多的樂團帶來安地斯山風情的音樂，讓我們可以藉此欣賞該國的文化特色。上述文化特色最可能為下列何者？(A)(B)(C)(D),0.54,0.73
110,社會,51,51.2018@年的「世界音樂節臺灣」邀請了世界各地的音樂團體來臺演出，其中來自厄瓜多的樂團帶來安地斯山風情的音樂，讓我們可以藉此欣賞該國的文化特色。上述文化特色最可能為下列何者？(A)(B)(C)(D),0.48,0.7
110,社會,52,52.()圖二十一甲處自西元前四世紀至西元七世紀，官方使用的文字因外來統治者改變而有所不同，這些官方文字使用時間的先後順序最可能地中海是下列何者？(A)(cid:17392)希臘文→拉丁文→阿拉伯文(B)希臘文→阿拉伯文→拉丁文(C)阿拉伯文→拉丁文→希臘文()圖二十一(D),0.43,0.54
110,社會,53,53.以下是一位學者對於歷史上某次政治改革所做的評論：「憲法由資政院起草議決，皇帝頒布；修正權屬於國會；皇帝權力以憲法規定者為限。上述這些規定雖限制了部分皇權，卻仍然強調皇帝神聖不可侵犯，對於人民的民主權利隻字未提。」根據內容判斷，推行上述政治改革的最可能是下列何者？(A)1860(B)1911年的太平天國年的清朝政府(C)1947(D)1949,0.5,0.53
110,社會,54,54.106()(cid:20)(cid:19)(cid:24)某年世界新生兒性別比為，圖二十二是同年甲、乙、丙三個國家新生兒性別比的數據。根據圖中資料判(cid:1796)斷，下列何者最可能是甲國社會現況的敘述？(cid:1393)(A)戰亂頻仍，社會環境不夠穩定(cid:1050)(B)重男輕女，性別刻板印象普遍(C)思想觀念開放，尊重多元性別發展(cid:1176)(cid:908)(cid:1063)(D),0.46,0.62
110,社會,55,55.表(十)是臺灣農工業產品，在外銷貿易額中表(十)所占的比例。根據該表數據判斷，造成此變時間19621973年年化的原因最可能與下列哪一經濟措施有關？產品(A)推動耕者有其田農業產品49%17%(B)加入世界貿易組織工業產品51%83%(C)實施出口導向政策&出口導向：又稱出口擴張；(D),0.38,0.41
110,社會,56,56.上文提及馬歇爾被派遣到的「殖民地」，最可能是下列何地？(A)(B)(C)(D),0.51,0.79
110,社會,57,57.文中雙底線處的遺址已被列入世界文化遺產，它被指定為世界遺產最可能與下列何者有關？(A)(B)彰顯伊斯蘭文化的擴張與融合展現早期佛教建築藝術的特色(C)(D),0.49,0.85
110,社會,58,58.根據上文判斷，臺灣雲豹原始的棲息環境主要為下列何種天然植被？(A)紅樹林(B)針葉林(C)闊葉林(D),0.42,0.66
110,社會,59,59.文中多數受訪者目擊雲豹的地點為下列哪兩個原住民族的主要分布地區？(A)布農族、鄒族(B)魯凱族、排灣族(C)泰雅族、賽夏族(D),0.38,0.43
110,社會,60,60.根據文中研究員繪製雲豹可能棲地的原則與流程，其分布圖最接近下列何者？(A)(B)(C)(D),0.46,0.61
110,社會,61,61.文中國際組織的分布區域及成員性質，與下列何者最類似？(A)歐洲聯盟(B)世界展望會(C)世界貿易組織(D),0.53,0.56
110,社會,62,62.根據上述內容判斷，下列何者最符合文中提及的觀點？(A)推動國際貿易可減少食物浪費數量(B)國內第一級產業就業人口逐年增加(C)推動理念層次變遷有助改善糧食問題(D),0.45,0.82
110,社會,63,63.若小名要響應文中提及的主題日，下列何種作法最適當？(A)擔任社區老人共餐志工，從事公益服務活動(B)珍惜有限資源，落實廢棄物資源回收再利用(C)購買珍珠奶茶時，自備可以重複使用的環保吸管(D),0.47,0.87
