年度,科目,題號,題目
110,國文,1,1.「大地是我的□，以軟軟的稻草為蓆，早出的月亮，是天花板上的□□。天色漸暗，一匹黑紗帳自動掛下，那是天底下唯一的一件蚊子進得來出不去的蚊帳，於是，翻身隨手拖一束酥酥鬆鬆的稻草當毯子。竹篁裡正播送著田園交響的最後一個樂章――□□□。」這段文字的空格處，依序應填入下列何者最恰當？(A)床／吊燈／催眠曲(B)家／浮雕／起床號(C)夢／掛鐘／安魂曲(D)
110,國文,2,2.根據右圖，下列說明何者最恰當？(A)A點反映現在科技發展的速率(B)B點反映現在人類適應變化的速率(C)人類未來的適應力終將追上科技發展的速率(D)
110,國文,3,3.根據這份簡介，可以明確得知下列何者？(A)翠山步道可看見最多種類的林木(B)五月花季時可在山林步道觀賞油桐花(C)從登峰步道攀上最高處後只能原路折返(D)
110,國文,4,4.下列選項「」中的文字，何組讀音相同？(A)「潰」不成軍／回「饋」鄉里(B)險要關「隘」／滿而不「溢」(C)雀「屏」中選／「摒」除陋習(D)
110,國文,5,5.下列文句，何者有語病？(A)在午後沉悶的公寓裡，嚮往海邊戲水的心情忽然澎湃起來(B)老家的庭園很寬闊，井然有序的種了滿園玫瑰，十分荒蕪(C)如果無法克服最艱難的險阻，至少也要勇於嘗試，而非澈底放棄(D)
110,國文,6,6.「神話是民族的夢。遠古的神話，出自先民的集體創作，由口頭傳說到文字記載。神話雖然是虛構的，卻植根於現實生活的基礎上，反映了先民對於自然現象的解釋和想像，同時又顯現了先民對抗大自然的搏鬥精神、對幸福自由的渴望和追尋，以及偉大愛情的歌頌等。神話不僅為後世的文學藝術提供豐富的美麗題材，更是民族文化的寶藏。」根據這段文字，下列關於神話的敘述何者最恰當？(A)神話呈現先民面對大自然的種種心態與想望(B)文學藝術作品為神話提供了豐富的靈感與素材(C)神話的可貴在於它如實保存了先民生活的樣貌(D)
110,國文,7,7.「海上垃圾桶的概念始於兩位衝浪者，他們在世界各地目睹聚集在碼頭的大量汙染物，故而想改善這個現象。海上垃圾桶是由大型纖維網製成，架設於2mm碼頭附近且漂在海面上，以收集不同尺寸的汙染物，最小可攔住直徑的浮動碎屑，當發生溢油事件時，也能派上極大的用場。」依據這段文字，下列關於海上垃圾桶的作用何者正確？(A)收集海底的垃圾(B)預防溢油事件發生(C)攔截沿海的汙染物(D)
110,國文,8,8.以下是職棒本季最新戰況報導：「在參賽的四支隊伍中，一路墊底的鹿隊在下半季戰績扶搖直上，先趕上已無緣晉級的猴隊，再追過原本排名第二的鯊隊，甚至準備一舉超越豹隊。」根據報導，下列關於四隊目前戰績的敘述，何者最恰當？(A)(B)鹿隊獨占鰲頭猴隊敬陪末座(C)(D)
110,國文,9,9.「名利竟如何？歲月蹉跎，幾番風雨幾晴和。愁水愁風愁不盡，總是南柯。」這段文字是鄭板橋經過多年的宦海浮沉，有所感悟而寫下。其中的心境與體會和下列何者最相近？(A)悔嘆少年不努力，臨老徒傷懷(B)體悟官場雖險惡，仍應潔身自持(C)看透世情，視榮祿富貴如夢一場(D)
110,國文,10,10.小拓讀到一首詩〈宿山房即事〉：「一個孤僧獨自歸，關門閉戶掩柴扉。三更半夜子時分，杜鵑謝豹子規啼。」他覺得詩中意思相同的語詞重複出1現，於是改寫如下：「孤僧獨自回，閉戶掩柴扉。半夜子時分，杜鵑喚子歸。」小拓修改後的詩，哪一句沒有重複使用意思相同的語詞？(A)孤僧獨自回(B)閉戶掩柴扉1.謝豹：鳥名，即杜鵑(C)半夜子時分(D)
110,國文,11,11.「當我們談論一個人的『能力』時，一般人通常認為這是指個人在某一領域的專業知識而言。因此，在追求能力的成長時，也只專注於專業知識的不斷提升。但是，我們常會發現，兩個專業知識水平相當的人處理相同的事物，產生的結果與成效卻往往並不一樣，甚至有些專業知識相對較低的人，處理起事物來反而得到較好的結果。」下列何者最接近這段文字的觀點？(A)號稱專業的人未必具有專業的知識(B)人應廣博涉獵各類知識以免視野受限(C)專業知識較低者往往具有較高的協調能力(D)
110,國文,12,12.「王翁廢其左足，苦臭蟲穴榻延幔連移，夏夜莫得即枕。晨見僵蟲於地，蟻聚嘬之，乃大喜，將求蟻以嘬其蟲。揚糖屑於地，引及其臥處，大饗蟻，蟻果1大至。沿鬚循髮皆蟻也，而翁之擾彌甚，將力起以清其榻，遽撲地死。」下列何者最適合描述故事中王翁的行為？(A)只顧自身安危，以致傷及無辜1.嘬：音ㄔㄨㄞˋ，咬(B)因為尊重生命，反而傷及自身(C)本想消弭禍害，反使禍害擴大(D)
110,國文,13,13.孟浩然少隱鹿門山，四十乃遊京師。後得見玄宗，帝命吟近作，誦至「不才明主棄，多病故人疏」之句，帝慨然曰：「卿不求仕，朕何嘗棄卿，奈何誣我！」因命放歸山中。根據這則故事，下列關於孟浩然與玄宗的敘述，何者最恰當？(A)孟浩然選拔賢才的諫言，讓玄宗感慨(B)孟浩然久隱而後出仕，玄宗不以為然(C)玄宗認為孟浩然詩中之怨無理，因而不悅(D)
110,國文,14,14.「山翠繞湖，容態百逞，獨春朝最佳。或霧截山腰，或霞橫樹梢。或淡煙隱隱，搖盪晴暉；或巒氣浮浮，掩映曙色。峰含旭日，明媚高張；風散溪雲，林皋爽朗。更見遙岑迥抹柔藍，遠岫忽生濕翠，變幻天呈，1234頃刻萬狀。奈此景時值酣夢，恐市門未易知也。」關於這段文字的分析，下列敘述何者最恰當？(A)以從早至晚的時間為軸1.皋：水邊的低地(B)空間的描述自遠方拉近2.岑：小而高的山(C)以山景為重心鋪展全文3.迥：遠(D)通篇寫景不帶主觀判斷4.岫：峰巒
110,國文,15,15.「真宗時，京師民家子有與人鬥者，其母追而呼之不止，母顛躓死。法官處其罪，當笞。上曰：『母呼不止，違犯教令，當徒二年，何為笞也。』群臣無不驚服。」下列關於故事中人物的敘述，何者最恰當？(A)(B)群臣不贊成真宗的判決民家子與人相鬥時錯殺其母(C)(D)
110,國文,16,16.「天色逐漸轉淡轉灰，你的前額繼續泛發著感動的微汗，臉上輝映著夕照。一時之間，你懷疑自己所見並不是真實的。或許那只是現實下想像的夢境，_____________又或許，你正是那萬中選定的一個，，望見梅里褪去雪霧和雲翳的嵯峨表情。」根據文意脈絡，畫線處最適合填入下列何者？(A)(B)沐浴在熹微的晨光中有幸在日夜更迭之前(C)(D)
110,國文,17,17.「我曾住一民宿，老闆夫婦整地花了兩年，蓋木屋又花兩年，我坐在他們的海畔露臺發呆，見兩人不住手地洗曬、打掃、烹煮、修繕……。晚餐過後，終於得空歇手，他們拿來滷菜與我們飲食閒聊，屈指數算每日固定的勞務，就算沒有房客也不可思議地多。大破大立都容易，維持最難；人尋死覓活都容易，賴活最難。」這段文字的意涵與下列何者最接近？(A)真實的生活一直都是件辛苦的事(B)保持悠閒的心情才能愉悅的生活(C)小人物就算辛勤工作，也不容易翻身(D)
110,國文,18,18.「量詞」是用以表示人、事、物或動作的單位詞，例如「一個」的「個」。下列〈空城計〉中的文句，何者「」內不是「量詞」？(A)引二小童，攜琴一「張」(B)忽然十餘「次」飛馬報到(C)大開四門，每一「門」上用二十軍士(D)
110,國文,19,19.關於本詩詩意的解說，下列敘述何者最恰當？(A)人們通過抱怨、傾訴、引吭，得以釋放情緒(B)老闆的臉色，因為夜晚遊人湧至而轉憂為喜(C)乘船夜遊的人們，通宵達旦飲酒划拳以取樂(D)
110,國文,20,20.「道地的麻婆豆腐，應該腴澤濃滋，麻、辣、燙、香、酥、鮮、嫩等七味俱全，然而一般館子做出來的，通常是一盤汪著紅油的豆腐羹，勉強有兩三味，但辣而無香、燙而不鮮，缺麻少酥更不在話下。嫩倒是嫩，因為用的是方便的盒裝豆腐，然而平板厚鈍如洋菜凍，既無豆香亦吸不進肉味，和油醬肉末貌合神離，即使以厚芡收攏兜搭，依然老死不相往來，滋味遂渙散失魂、元神出竅浮在表面。」關於這段文字的寫作手法，下列敘述何者最恰當？(A)以層遞手法指出麻婆豆腐的烹調祕訣(B)以洋菜凍比喻道地麻婆豆腐彈性十足(C)以擬人方式形容一般餐館麻婆豆腐不入味(D)
110,國文,21,21.【甲】不喜秦淮水，生憎江上船。載兒夫婿去，經歲又經年。【乙】那年離別日，只道住桐廬。桐廬人不見，今得廣州書。這兩首以商旅人家為題材的歌謠，假設都採用同一個角色的觀點來敘述，這個角色最可能是下列何者？(A)商人(B)商人婦(C)轉述他人故事的第三者(D)
110,國文,22,22.「外國知名樂團來臺灣開演唱會，掀起『登臺』旋風。」句中「登臺」的「臺」含有「臺灣」及「舞臺」的雙重意思。下列文句「」中的詞語，何者也使用了相同的修辭方法？(A)能通德義「日英」語，接待遠近中外人(B)千古英雄浪淘盡，天下「名山」僧占多(C)綠水「青山」，常在眼目；清風明月，不須錢財(D)
110,國文,23,23.【甲】觀其交遊，則其賢、不肖可察也。【乙】貴視其所舉，富視其所與，貧視其所不取，窮視其所不為。這兩句話主要是在說明下列何者？(A)修身的原則(B)做事的態度(C)識人的方法(D)
110,國文,24,24.某學者舉辦學術論文發表會，友人致贈花籃，卡片上的題辭最適合填入下列何者？(A)聲重士林(B)商賈輻輳(C)師表千古(D)
110,國文,25,25.「研究者寫文獻回顧不能像在做剪貼簿，不要讓引文孤伶伶地站在那裡。最好在1引文前說明你對它的評價，在後面說明它的深刻含意，這樣雙管齊下夾注中間的引文，一方面確認讀者會讀到與你相同的意思，一方面顯示你能夠駕馭文獻的能力。」根據這段文字，下列關於文獻回顧的敘述，何者最恰當？(A)應有研究者自己的看法與解讀(B)宜多方援引，不能只獨引一項1.引文：引用的文獻(C)引文之後須以夾注方式深入解說(D)
110,國文,26,26.「懷才就像懷孕一樣，只要有了，時間一久就會被發現。」這句話的涵義與下列何者最接近？(A)欲知人者必先自知(B)賢愚在心，不在貴賤(C)君子疾沒世而名不稱焉(D)
110,國文,27,27.下列何者最可能是唐代書法家張旭最具代表性的書體作品？(A)(B)(C)(D)
110,國文,28,28.下列文句「」中的語詞，何者使用最恰當？(A)別人的意見當成參考即可，凡事「毋庸」堅持己見(B)試鞋時不煩穿脫，須多方「揣測」，以免將來不合腳(C)他囿於「門戶」之見，對其他管道推薦的人才深感疑慮(D)
110,國文,29,29.下列文句，何者用字完全正確？(A)小松家境清寒，因而輟學打工，這樣的選擇時在是出於無奈(B)人人提高警覺，杜絕貪念，狡猾的詐騙集團就只能白費心機(C)小穎個性溫和，與他人發生衝突時，總是採取習事寧人的態度(D)
110,國文,30,30.曾作霖〈珠潭浮嶼〉：「山中有水水中山，山自凌空水自閒。誰劃玻璃分色界，倒垂金碧浸煙鬟。蓬萊可許乘風到，艋舺知為舉火還。別有洞天123開海外，人家雞犬絕塵寰。」下列關於詩句的分析，何者最恰當？4(A)「倒垂金碧浸煙鬟」――描述水中倒影(B)「蓬萊可許乘風到」――形容遙遠難至1.煙鬟：雲霧繚繞的山峰(C)「別有洞天開海外」――強調海景壯麗2.蓬萊：傳說中的仙山(D)
110,國文,31,31.「『紫禁城』是皇族居住的內城。『紫』是指紫微星垣，星座名，天上三垣之一。紫微星垣居中央，太微、天市居兩旁，故用以代稱皇帝。而皇帝居住的內城嚴禁百姓靠近，所以稱為紫禁城。如唐代王維〈敕賜百官櫻桃〉詩即有『芙蓉闕下會千官，紫禁朱櫻出上闌』之句。」根據這段文字，下列敘述何者最恰當？(A)「紫禁」原指紫微星垣(B)王維曾奉敕入住紫禁城(C)太微、天市二城分居紫禁城兩側(D)
110,國文,32,32.下列關於球賽的報導，何者句意通暢、用語最為恰當？(A)在無人防守之下，他一意孤行，很快將球帶過中場(B)雙方球員皆一時之選，在激烈的競爭中形成拉鋸戰(C)他仗著身高輕鬆扣籃，正所謂先天優勢不及後天努力(D)
110,國文,33,33.《論語》：「子路有聞，未之能行，唯恐有聞。」說明子路是一位即知即行的人，深怕無法立即實踐所聽到的道理。這句話中「有」與「聞」二字的音義說明，下列何者最恰當？(A)「子路有聞」的「有」字，音ㄧㄡˇ，多(B)「子路有聞」的「聞」字，音ㄨㄣˊ，名氣(C)「唯恐有聞」的「有」字，音ㄧㄡˋ，通「又」(D)
110,國文,34,34.根據這則說明，下列四位具行為能力與還款財源的本國國民，何者最可能申請到留學貸款？(A)100小方：以百萬名車為擔保品，替妻子貸款萬元到日本讀大學(B)小葉：以土地和房子為擔保，讓年邁的父親到夏威夷一圓博士夢(C)240小蔡：有透天厝作為擔保品，為自己申請萬元到國外唸碩士(D)
110,國文,35,35.根據本文，所謂閱讀的「電腦化」，其特性最不可能包含下列何者？(A)以「掃瞄」方式閱讀，獲得大量資訊(B)透過他人的摘要與引介，能快速吸收(C)閱讀時淺嘗輒止，以求提高閱讀數量(D)
110,國文,36,36.根據本文，下列何者最符合作者的觀點？(A)讀者無法透過經典獲得結論或答案(B)電腦化的閱讀有助提升處理資訊的能力(C)快速而大量的閱讀有助於開啟人心思維(D)
110,國文,37,37.阿康出海捕到一隻生物，身體呈長筒狀，鰭約等同於體長，八腕，另有一對觸腕，剖開後發現內有白色厚殼。根據此表判斷，這隻生物最可能是下列何者？(A)(B)(C)(D)
110,國文,38,38.根據這張圖表，下列敘述何者最恰當？(A)透抽的眼球外露，有透明薄內殼(B)軟絲身體長，有白色厚內殼，鰭橢圓(C)烏賊和墨斗仔的區別在於有無一對觸腕(D)
110,國文,39,39.本文畫線處的文句，何者運用了與「人生總是有意外，也像玻璃般易碎」這句話相同的修辭技巧？(A)(B)(C)(D)
110,國文,40,40.作者在最後一段說明的道理，最可能是下列何者？(A)面對事情的態度會影響事情的結果(B)最可貴的收穫來自於過程而不是結果(C)真金不怕火煉，有實力的人終會綻放光芒(D)
110,國文,41,41.1994根據本文，越南咖啡市占率在年躍升，其最關鍵的因素應是下列何者？(A)臺商大量投資栽種優良品種的咖啡(B)出口貿易順暢加上巴西咖啡大歉收(C)越南咖啡品質優於哥倫比亞與印尼(D)
110,國文,42,42.在越南，臺商種植的阿拉比卡豆價格能高於當地農民種植的咖啡豆，其原因不包含下列何者？(A)製作過程繁複(B)施肥次數頻繁(C)品種嬌弱量少(D)
110,國文,43,43.根據畫線處文意，領導者的「原本設想」最可能是指下列何者？(A)要建立員工對他的信任非常困難(B)向員工請教應該會失去他們的信任(C)向員工尋求協助往往能得到員工的信任(D)
110,國文,44,44.根據本文，公司應如何提高員工的信任度？(A)讓員工對自己負責(B)讓同事之間更加親近(C)減輕員工的工作負擔(D)
110,國文,45,45.根據本文，下列何者最不符合作者的觀點？(A)松濤若天籟，可悅耳慰心(B)松樹品種越珍奇則越長壽(C)松樹四時常青，各有風采(D)
110,國文,46,46.關於本文寫作手法的分析，下列何者最恰當？(A)以擬人手法形容松樹無畏風雨的精神(B)以箏、笛、鼓等樂器比喻松樹的形貌(C)藉牡丹、菊花的妍麗貶抑松樹無花可賞(D)
110,國文,47,47.根據本文，下列「」中的詞語，何者解釋最不恰當？(A)「望風」不敢問：觀望情勢1.逋負：拖欠賦稅(B)追逮「囚繫」：囚禁於監牢(C)賦入「不時」：不按時(D)
110,國文,48,48.根據本文，下列敘述何者最恰當？(A)劉丞相譴責廬陵縣尉程珦執法不公(B)族人的欠款最終由劉丞相代為償還(C)官吏多畏於劉丞相權勢，而不追查欠稅案情(D)
110,英語,1,"1.  (In the police station)A B C DWhen the police ask Chris who took his wallet on the bus, he points to the person who has long hair and is wearing a hat, a vest, and pants.  Look at the picture.  Who is the person Chris points to?(A) A.        (B) B.  (C) C.        (D) D."
110,英語,2,"2.  The       snow last weekend stopped us from going out, so we just watched TV at home.(A) common  (B) enough  (C) full  (D) heavy "
110,英語,3,"3.  When Cindy       cleaning her room, she looked around and felt proud of herself. (A) finished   (B) liked   (C) minded   (D) missed   "
110,英語,4,"4.  Every time my family goes out, my brother is always the last one to      .  We often have to wait for him for a long time.(A) cheer up   (B) get ready   (C) give up   (D) slow down"
110,英語,5,5.  Lisa is happy that she got a good       on her history test.  She prepared for it for days.(A) grade  (B) idea  (C) lesson  (D) question 
110,英語,6,6.  The famous writer likes to write at this coffee shop.  He comes in the early morning and stays here writing       it is closed.(A) after     (B) because  (C) until  (D) when
110,英語,7,7.  The little boy often asks his father       candies and cookies for him.(A) buy  (B) buys  (C) buying  (D) to buy
110,英語,8,8.  Kyle’s so       that he always thinks he’s right.  That’s why he never says sorry even when he does something wrong.(A) lazy  (B) proud  (C) quiet  (D) serious
110,英語,9,9.  The cellphones that       in that country are good but expensive.(A) make  (B) are making  (C) have made  (D) are made
110,英語,10,"10.        the map that Ryan had drawn for us, we were able to find this beautiful old church.(A) About  (B) Beside    (C) Under  (D) With"
110,英語,11,"11.  During the race yesterday, Julie       got to the finish line first.  However, she fell at the last second and only came in third in the end.(A) almost  (B) already  (C) finally  (D) quickly"
110,英語,12,"12.  After the fire, everyone in the apartment was       when they cooked.  They did not want any people to be hurt again.(A) more carefully  (B) more careful  (C) the most careful  (D) the most carefully"
110,英語,13,13.  Tom: I need an eraser.  Can I use yours?Judy: Sure.  I’m not using       now.(A) another  (B) each  (C) it  (D) yours
110,英語,14,14.  Ms. Lee:       did you get this beautiful card?Mr. Wang: One of my students made it for me.  She sends me a card every year.(A) Who        (B) Where       (C) When      (D) What 
110,英語,15,"15.  John: Will you be at Linda’s party this Sunday?  I’d like you to meet my girlfriend.Tony: Sure, if Linda       me.  But I haven’t got any call yet.(A) will invite     (B) had invited   (C) has invited     (D) invites"
110,英語,16,16.  Here is the road sign Peyton saw when she was riding a bike to the train station.  Where did she most likely see it?  (A) A. Train Station  likely 可能(B)  B. Gray Road(C) C. Orange Road(D) D.     
110,英語,17,"17.   Aprille was going home after buying some bread.  Out of the bakery, she turned left, went straight, and then turned right on White Street.  She walked down one block and then turned left on Gray Road.  At the end of Gray Road, she turned right and walked until she saw the theater.  She turned at the corner across from the theater and got to her apartment in a few minutes.  Where did Aprille NOT pass by on her way home?(A) The café.     (B) The CD shop.   (C) The bookstore.   (D) The post office."
110,英語,18,18.  What does Swan City want people to paint?(A) Places in the city that children love.(B) What the city will be like in the future.(C) Places in the city that few people know.(D) What the city was like in their grandparents’ time.
110,英語,19,19.  What can we learn from the reading?(A) The paintings cannot be made on the computer.(B) The winners cannot sell the paintings to any newspapers.(C) The winning paintings will be collected in a picture book.(D) Colby Lane will help the city choose the ten best paintings.
110,英語,20,20.  What do we know about Dora?(A) She went to France with Jason.(B) She visited the Louvre in Lens.(C) She is not good at taking pictures.(D) She had trouble deciding which photo to choose.
110,英語,21,21.  Which is most likely said in the book that Jason read? likely 可能(A) Our faces work to show how we feel.(B) We need a good camera to take nice pictures.(C) It is good for your health to sleep on your side.(D) It takes practice to paint like Leonardo da Vinci.
110,英語,22,22.  What does this one most likely look like?   (A)   (B)    (C)     (D)
110,英語,23,"23.  From the reading, what are   about?(A) Problems Fresh Start needs to fix.   (B) Questions about Fresh Start’s prices. (C) Words from Fresh Start’s best workers.  (D) People’s good experiences with Fresh Start."
110,英語,24,24.  What can we know about Fresh Start from the reading?(A) It helps people move abroad.     (B) It does not help with packing.(C) Its office is in the south of Taiwan.   (D) It charges half price for moving a second time.
110,英語,25,25.  What does it mean in the reading?(A) Paying a little more for moving in a short time. (B) Moving across the country in a day.     (C) Being serious about phone calls.       (D) Being the best on the market.
110,英語,26,26.  What is the reading for? (A) Selling movie tickets to fans of a famous castle.(B) Getting people to visit a castle that appears in a movie.(C) Finding actors for a movie that will be made in a castle.(D) Inviting people to watch a movie that will play in a castle. 
110,英語,27,27.   What can we learn from the reading? (A) Lady Mary died in the castle.  (B) Sir William and Sir Anthony were family. (C) Sir Anthony was killed in a fire.   (D) Lady Helen first met Sir Anthony at the castle.
110,英語,28,28.  What does the reading say about Highland Castle? (A) It does not belong to the Airyman family now.   (B) It was a gift from Sir Anthony to Lady Helen.  (C) It was not opened for visits until 1801. (D) It has been kept as it was in 1625.
110,英語,29,29.  What do Sophia’s book and the letter she found have in common? have...in common(A) Both tell the sad stories of the writers’ families.        有……共同點(B) Both tell people to forget about the past and move on. (C) Both show how much the writers want to find somebody.(D) Both show why the writers care about a stranger they once met.
110,英語,30,"30.  Many people called soon after Sophia’s book came out.  Which call is most likely true?(A) “I’m Judy, Mason’s aunt.  Sorry to tell you that Noah, Mason’s father, died yesterday.  As a father who had lost his son for over twenty years, Noah wanted to thank you for making sure that Mason was not forgotten . . . .”(B) “I’m Mason’s father.  Thanks to your book, Mason finally came home.  He has grown into a teenager.  I can’t believe I can have Mason back after years of . . . .” (C) “This is Mason calling.  Thanks for everything.  A bad guy took me away from our house fifteen years ago.  A nice woman saved me, but I was too little to tell her where my home was . . . .”(D) “I’m Adam, Mason’s best friend.  We both celebrated our fiftieth birthday this week.  I "
110,英語,31,31.  What is the reading mostly about?(A) Why people have synesthesia.   (B) What it is like to have synesthesia.(C) What kinds of synesthesia there are.  (D) How to help people with synesthesia.
110,英語,32,32.  What does it mean when someone has their individual experience? (A) Their experience is helpful to them.(B) Their experience is different from others’. (C) Their experience stays in their mind for a long time.(D) Their experience changes their way of seeing the world.
110,英語,33,"33.  What do we know about people with synesthesia from the reading?(A) There are no more than 2,000 of them in the world. (B) Few of them have more than one kind of synesthesia. (C) Their experience of synesthesia does not change with time.(D) They can choose when to have the experience of synesthesia."
110,英語,34,34.  Which sentence may Meggie say when she tells you about her experience of synesthesia? (A) “The name Laura is in bright purple.” (B) “The sound of drums touches my back.”(C) “The word zero tastes like a green apple.”(D) “The taste of fish appears as a green cloud.”
110,英語,35,35.  (A) get      (B) will get      (C) got     (D) would get
110,英語,36,36.  (A) would be    (B) will be      (C) has been    (D) is 
110,英語,37,37.  (A) is      (B) has been      (C) will be    (D) would be
110,英語,38,38.  (A) I’ll tell     (B) I told       (C) I’ve told     (D) I’m telling
110,英語,39,39.  (A) how many greenhouse gases there are  (B) how long greenhouses have been used  (C) what a greenhouse is and how it works  (D) what greenhouse gases are and where they come from
110,英語,40,40.  (A) there are many kinds of greenhouse gases  (B) greenhouse gases are dangerous for our earth  (C) the atmosphere around our earth is getting thinner  (D) our earth would be too cold for life without greenhouse gases
110,英語,41,41.  (A) At last  (B) Even so  (C) For example  (D) What’s worse
110,數學,1,"1.圖(一)的坐標平面上有一點(3,3)與另外四點A、B、yCD、，根據圖中各點的位置判斷，下列哪一點的坐標A(1,2)最可能為？(3,3)(A)ABD(B)BC(C)CxO(D)D"
110,數學,2,2.2021÷+2021算式5×5之值與下列哪一個式子的值相等？58(A)2021(+)×8588(B)2021(+)×5558(C)2021÷(+)8588(D)2021÷(+)
110,數學,3,3.(3x−2)(x+1)計算的結果，與下列哪一個式子相同？(A)3x2+x−1(B)3x2+x−2(C)3x2−2x+1(D)3x2−2x−2
110,數學,4,4.()下列哪一個一元二次方程式有重根兩根相等？(A)x2+4x+1=0(B)x2+4x+2=0(C)x2+4x+3=0(D)x2+4x+4=0
110,數學,5,5.()ABCDabcdbd圖二數線上的、、、四點所表示的數分別為、、、。若、互為相反數，則根據圖中各點位置，判斷下列敘述何者正確？(A)a<cABCD(B)a<dabcd(C)a+c<0()圖二(D)a+d>0
110,數學,6,6.5+25+45算式之值為何？(A)53(B)155(C)5+45(D)5+105
110,數學,7,7.下列選項中的數列，哪一個不是等差數列？1111(A)1234，，，77771234(B)1234，，，77773456(C)1245，，，77772461(D)1235
110,數學,8,8.()OO如圖三，平面上圓與圓相交於兩點，且兩圓12O將平面分成甲、乙、丙、丁四個互不重疊的區域，其中2O(cid:908)圓O、圓O的半徑分別為8、5。若有一點A與O點、1(cid:1063)121O76A2點的距離分別為、，則點的位置在下列哪一個(cid:1176)(cid:909)區域？(A)甲圖(三)(B)乙(C)丙(D)
110,數學,9,9.41234()已知甲、乙兩袋皆裝有顆分別標記數字、、、的球，如圖四所示，且小祥打算從兩袋中各抽出一顆球。若甲袋中的每顆球被抽出的機會相等，乙袋中的每顆球被抽出的機會相等，則小祥從兩袋各抽出一球後，甲袋中33剩餘顆球的數字和會小於乙袋中剩餘顆球的數字和的機率為何？1(A)(cid:1176)(cid:908)4111(B)32343243(C)圖(四)85(D)
110,數學,10,10.A=(3x2+10x−8)(3x2+4x−4)A若多項式，則下列何者為的因式？(A)(x+2)2(B)(x+4)2(C)(3x−2)2(D)(3x−4)2
110,數學,11,11.某網購平臺的統計顯示，消費者在該平臺一年內購買的抽取式衛生紙，堆疊2101101起來的高度大約為萬座臺北大樓的高度。已知臺北大樓的高度約509為公尺，則在該網購平臺上，消費者一年內購買的抽取式衛生紙堆疊起來的高度大約為多少公尺？(A)106(B)107(C)108(D)109
110,數學,12,12.()圖五是阿梅與肉粽店老闆的對話情形。33(cid:1332)(cid:5605)(cid:500)(cid:1498)(cid:3907)(cid:3751)(cid:1379)(cid:3751)(cid:1357)(cid:1937)(cid:4169)(cid:500)(cid:1538)(cid:907)(cid:3208)(cid:3309)(cid:4780)(cid:3751)(cid:1357)(cid:1338)(cid:4497)(cid:1937)(cid:4669)(cid:5298)212(cid:1357)(cid:1338)(cid:4497)(cid:502)(cid:1338)(cid:4497)(cid:1498)(cid:3327)(cid:1023)(cid:1295)(cid:1379)(cid:993)(cid:502)(cid:1050)(cid:3751)(cid:1357)(cid:1338)(cid:4497)(cid:1937)(cid:4669)(cid:5298)(cid:1261)224(cid:993)(cid:502)777(cid:907)(cid:1357)(cid:3208)(cid:907)(cid:1357)(cid:3208)(cid:907)(cid:1357)(cid:3208)()圖五若每顆肉粽折扣前的價錢均相同，則根據圖中的內容，判斷每顆肉粽折扣前的價錢為多少元？(A)32(B)33(C)34(D)35
110,數學,13,13.()ABCDEFGHEPQRSTG如圖六，正八邊形、正六邊形ALDETL分別在直線的兩側，其中、、三點在直線上。FL以下是甲、乙兩人提出的看法：BTSE()AHQR甲直線與直線相交於一點CDR()HGPQ乙直線與直線相交於一點PQ對於兩人的看法，下列判斷何者正確？()圖六(A)兩人皆正確(B)兩人皆錯誤(C)甲正確，乙錯誤(D)
110,數學,14,14.()EABCDAD=BCD如圖七，為四邊形內部一點。若，則根據圖中標示的角與角度，求∠1與∠2的度數和30°為多少？A50°(A)80E(B)901(C)100B50°30°2(D)110
110,數學,15,15.下列四個盒狀圖分別呈現出四組資料的分布情形。根據四分位距判斷，哪一組資料的中間百分之五十的資料最分散？(A)(B)010203040010203040(C)(D)
110,數學,16,16.媽媽準備了紅茶、鮮奶及若干個完全相同的杯子，並將所有的紅茶及一部分3:16的鮮奶以的體積比混合成鮮奶茶。若鮮奶茶剛好倒滿個杯子，而剩下4的鮮奶剛好倒滿個杯子，則媽媽準備的紅茶與鮮奶的體積比為何？(A)1:1(B)3:5(C)6:4(D)9:11
110,數學,17,"17.(4,a)(12,a)a已知坐標平面上有一拋物線通過、兩點，其中為一數。若下列選項的二次函數中，其中一個的函數圖形為此拋物線，則此二次函數為何？(A)y=x2−16x+40(B)y=x2+16x+40(C)y=2x2−16x+40(D)y=2x2+16x+40"
110,數學,18,18.()G∆ABCAGBCA如圖八，為的重心，直線與相交DECDGEBCBE=5於點，點在上且⊥。若，CE=3GE=2AG，，則的長度為多少？(A)13G(B)29(C)23BDEC(D)25圖(八)
110,數學,19,19.AB10有一以、兩地為端點的直線道路，其路邊每隔公里便設置一個告示牌，A()告示牌上標示了該告示牌位置與地之間的距離，如圖九所示。今有AB一輛車在此道路上從地往地行駛，且行駛過程中，該車的速率均介於92989:0030每小時到公里之間。若該車於時遇到標示公里的告示牌，11:00時遇到另一個告示牌，則此告示牌上標示的距離為何？(A)190公里1020(B)200公里(cid:998)(cid:998)(cid:47)(cid:47)(cid:47)(cid:47)(cid:47)(cid:47)(cid:47)(cid:1626)(cid:1626)(C)210公里AB(D)220
110,數學,20,20.如圖(十)，P點在∆ABC外部，且AP、CP分別將∆ABC中∠A的外角、∠C的外角平分。若CP>AP>AC，則關於∆ABC三邊長的大小關係，下列何者正確？A(A)AB>AC>BCP(B)AC>AB>BC(C)BC>AC>ABBC(D)AC>BC>AB
110,數學,21,21.甲、乙兩班學生一起上體育課時分成籃球與排球兩組，每位學生須選擇其中一組32參加。若籃球組總人數為甲班學生人數的倍再多人，排球組總人數為乙班213學生人數的倍再多人，則下列關於甲班、乙班學生人數的敘述，何者正確？43(A)10甲班學生人數是乙班學生人數的2倍再多人3(B)10甲班學生人數是乙班學生人數的2倍再少人2(C)10甲班學生人數是乙班學生人數的3倍再多人2(D)10
110,數學,22,22.()∆ABC∆DBE∆FECDEFAB如圖十一，、、中，點、點、點分別在、BC、AC上，∠A=∠BDE=∠FEC=90°，∠B=∠C=45°。若DE=EF，BC=22CEA，則的長度為何？F(A)22−1D(B)22−2(C)4−2BC(D)4−22E
110,數學,24,24.a12183344a若為一正整數，、、、四個數中恰有三個為的因數，則這四個數a中何者不是的因數？(A)12(B)18(C)33(D)44
110,數學,25,25.()ABCAB=AC<BCA如圖十三，等腰三角形中，，DBCABD且為中點。已知有一圓過、、三點，且EACEAEDEBD與相交於點，關於、、的度數大小，下列敘述何者正確？(A)DE=BD>AEBDC(B)AE=BD>DE()圖十三(C)DE>AE=BD(D)AE>DE=BD
110,數學,26,26.()ABCD∆AEBAEAD如圖十四，正方形與中，的中垂線與BC的中垂線相交於P點。若∠AEB=130°，∠EBA=30°，則∠EPD的度數為何？(A)110EP(B)130BC(C)140()(D)145圖十四
110,社會,1,1.1971年在伊朗拉姆薩簽署的《拉姆薩公約》，其宗旨是透過國家行動和國際合作來保護與合理利用濕地，特別是候鳥遷徙時賴以為生的濕地。臺灣哪一國家公園的主要地理景觀，與該公約的保護對象最相符？(A)玉山國家公園(B)台江國家公園(C)太魯閣國家公園(D)
110,社會,2,2.()圖一為亞洲小爪水獺棲息地的分布圖。近年來因某國電視節目的介紹，進口該種野生水獺當寵物一時蔚為風潮，使得該物種滅絕的危機升高。()根據圖一，下列何地不是上述水獺的棲息地？(A)日本群島(B)中南半島(C)南洋群島(cid:14256)(cid:12077)(cid:9710)(D)印度半島圖(一)
110,社會,3,3.一艘從挪威北方港口出發的貨船，選擇經北極海的新航道，沿俄羅斯的海岸，航向中國青島。此一新航線比起過去經地中海航向亞洲的傳統路線，具有下列何種優勢？(A)省下經巴拿馬運河的通行費用(B)順著盛行西風航行可節省燃料(C)縮短大西洋東岸至東亞的距離(D)
110,社會,4,4.大雄來到澳洲某地旅行，發現當地氣候非常乾燥，(cid:17392)遍布著沙丘或礫石，且幾乎看不到植物生長。他所(cid:7359)()旅行的地方最可能位於圖二中何處？(cid:7383)(A)甲(cid:7447)(B)乙(C)丙(D)丁圖(二)
110,社會,5,5.小坡想說明中國「都市化程度」的變化趨勢，他選用下列哪一張統計圖最恰當？(A)(B)(C)(D)
110,社會,6,6.同學們輪流上臺介紹臺灣各原住民族。玉華上臺時說道：「他們人數較多，主要分布在花蓮、臺東兩地的海岸平原與縱谷平原。為了慶祝豐收，他們每年都會舉辦盛大的豐年祭感謝神靈庇佑，吸引許多人的參與……。」她最可能是介紹下列哪一原住民族？(A)(B)賽夏族阿美族(C)(D)
110,社會,7,7.以下是某人的演講部分內容：「我提出不合作主義，是為了正義和信仰上的緣故，因為這是每一個人與生俱來的權利，也完全符合憲法。……假使我向英國政府說，我拒絕為他們服務，算是違憲嗎？為人父母的，從政府的學校領回孩子，也算是違憲嗎？一個警察或一位軍人，當他知道他是被政府徵召去壓制自己的同胞時，辭職不幹，這也算是違憲嗎？我敢保證，沒有一樣是違憲的。」此人最可能是下列何者？(A)甘地(B)列寧(C)林肯()表一(D)
110,社會,8,8.表(一)介紹中國某一朝代道教受到皇帝支持，蓬勃發展，信仰者眾。宗教信仰的概況，此一朝佛教積極翻譯佛經，並有禪宗等數個宗派。代最可能是下列何者？在長安設有寺院，並有「大秦景教流景教(A)漢朝行中國碑」傳世。(B)唐朝摩尼教此時期傳入，主要信仰者為西域商人。(C)元朝此時期傳入，主要信仰者為居住在廣伊斯蘭教(D)清朝州等地的阿拉伯商人。
110,社會,9,9.十七世紀時，在臺灣的歐洲傳教士，以羅馬字拼寫原住民語的方式傳教，但隨著政權轉變，傳教事業逐漸式微。後來，因為某一「史事」的發生，傳教士獲得官方允許，又開始在臺灣傳教，也使用羅馬字拼寫本地語言，編寫傳教文書。此「史事」最可能是下列何者？(A)(B)中英鴉片戰爭臺灣開港通商(C)(D)
110,社會,10,10.某時期臺灣官方公布彩票發行辦法，彩票採公開搖獎，開獎次日將中獎號碼刊登於報紙上，中獎者持票向臺灣銀行兌換彩金。此一彩票制度專為殖民地設計，銷售對象以臺灣民眾為主，也企圖吸收中國華南地區的資金。當時公布發行辦法的官方機構，應是下列何者？(A)(B)臺灣總督府臺灣省政府(C)(D)
110,社會,11,11.百川參加一場演講，右列是該場演講曾有語言學家估計，約每兩週就有一中的相關內容。根據內容判斷，該主種語言死亡。還有學者悲觀的認為，講者是在強調下列何者的重要性？五十年後，約有三千種語言或方言消(A)終身學習失，他感嘆的說：當語言死亡以後，(B)全球關連那個群體的特有知識就此喪失，也關(C)文化傳承上了一扇可以觀察世界的獨特窗戶。(D)
110,社會,12,12.新聞報導：近來跨國犯罪案件頻傳，而我國籍嫌犯夥同東南亞犯罪集團詐騙民眾的消息也時有所聞，日前泰國與我國警方聯手破獲跨國詐騙集團，其犯罪所得估計約新臺幣數千萬元，對此泰國感謝我國政府協助偵辦，避免更多泰國民眾受害。根據上述案例推論，未來各國應更加重視下列何者？(A)參與國際社會救助受害國家(B)透過國際合作打擊違法行為(C)加強國際分工以降低生產成本(D)
110,社會,13,13.某大學邀請四位名人蒞校演演講者演講內容()講，表二為此四場演講的錄在院長提請總統任命後，我正式接音檔案片段。根據表中內容判甲任此工作，準備面對挑戰……。斷，下列何者最可能曾任我國在許多案件中，握有審判權的我們乙地方政府公職人員？也常常陷入兩難的局面……。(A)甲質詢經濟部部長的那次經驗，是我丙(B)乙最難忘的回憶……。(C)丙我任職的機關遭到糾正，縣議員也丁(D)丁多次對此提出質詢……。
110,社會,14,14.右列是阿韓說明網路購物的部分內容，根據商家能夠在網際網路上架設內容判斷，此種交易方式最可能降低商家的銷售商品的「虛擬商店」，哪一種生產成本？僅由文字、圖像、影片等訊(A)加工製造息介紹商品，顧客不需出門(B)交通運輸就可滿足消費需求。(C)店面裝潢(D)
110,社會,15,15.考選部提醒，若考生在公務人員考試時舞弊，不僅五年內不能再報名考試，最重還可能被處一年有期徒刑，希望民眾不要以身試法。針對上述違法行為，下列何者屬於國家為了處罰違法者所限制的基本權利？(A)(B)生存權工作權(C)(D)&表現自由＝意見自由
110,社會,16,16.()圖三為臺灣某段時期的人口變化(cid:11)(cid:8)(cid:12)(cid:11578)(cid:11570)(cid:7544)(cid:8865)(cid:14994)(cid:7753)(cid:21)(cid:24)(cid:20159)(cid:11570)(cid:7544)(cid:8865)(cid:14994)(cid:7753)圖，政府針對該變化趨勢可能引發的(cid:21)(cid:19)問題提出許多方案，下列何者最可能(cid:20)(cid:24)為政府提出的方案之一？(cid:20)(cid:19)(A)強化家庭暴力防治(cid:24)(B)推行節制生育政策(cid:19)(cid:20)(cid:28)(cid:28)(cid:26)(cid:21)(cid:19)(cid:19)(cid:26)(cid:21)(cid:19)(cid:20)(cid:26)(cid:11)(cid:11570)(cid:12)(C)增加大學院校校數()圖三(D)
110,社會,17,17.濁水溪近年來因中、下游河床裸露地面積增加，加上許多自然及人為因素的影響，使得沿岸居民飽受河床揚塵風沙之苦，特別是在每年枯水期時更為嚴重。文中揚塵更為嚴重時期常見的氣候特徵為何？(A)(B)東北季風盛行西南季風吹襲(C)(D)
110,社會,18,18.島嶼依形成原因可分為大陸島、火山島與珊瑚礁島，根據上述()的分類，下列何者與圖四中島嶼的類型相同？(A)(B)琉球嶼龜山島(cid:9207)(cid:17613)(cid:27478)(C)(D)
110,社會,19,19.2017年美國總統強調美國優先的政策，要求部分企業回美國設廠。美國某汽車公司在勞力成本的考量下，原本要在同屬《北美自由貿易協定》成員國的甲國設置新廠，卻在此政策下取消原定的設廠計畫，對甲國的汽車產業造成影響。上文中的甲國最可能是指下列何者？(A)(B)中國巴西(C)(D)
110,社會,20,20.「水都」威尼斯位於義大利北部的潟湖區，為著名的觀光勝地，可見到遊客悠閒的漫步在廣場與巷道間。但近年來該地區經常發生淹水，特別在冬季時，遊客必須穿著簡易鞋套走在架高的木棧走道上，形成特殊的景象。上述淹水的情況受自然環境及人為活動的影響日益嚴重，此人為活動最可能包含下列何者？(cid:17392)(A)(B)抽地下水修築堤防(C)(D)
110,社會,21,21.臺灣地形多山，鐵路路線常需興建隧道，才能克服地形障()礙。圖五為臺灣鐵路路線分布圖，若依照臺灣的地形分(cid:7383)布判斷，哪一路段沒有穿越山地或丘陵的隧道？(A)甲(cid:7359)(B)乙(C)丙()圖五(D)
110,社會,22,22.二十世紀初期，一位名叫林謀昌的臺灣人，在福建因為商業訴訟糾紛遭到清朝官吏逮捕、監禁。此事引起日本政府的抗議，並依據與清朝簽訂的條約規定：「日本臣民在中國境內的訴訟，皆由日本派官吏調查、審理，與中國官員無關。」要求釋放林謀昌。上述日本政府援引的條約內容，顯示日本擁有下列哪一特殊待遇？(A)(B)協定關稅設立租界(cid:7383)(C)(D)
110,社會,23,23.(cid:17392)某國的勢力在臺灣依時序先後占領甲、乙、丙三處，如()圖六所示。此國最可能是下列何者？(A)法國(cid:7447)(B)荷蘭(C)日本(D)
110,社會,24,24.()(cid:17392)圖七為十六至十八世紀的世界貿易關係示意圖。甲、乙、丙、丁四洲依序為下列何者？(A)歐洲、非洲、美洲、亞洲(B)歐洲、美洲、非洲、亞洲(cid:7359)(cid:7383)(C)亞洲、美洲、非洲、歐洲(cid:7447)(D)
110,社會,25,25.表(三)是小米複習中國史後所做的表(三)整理，依內容推斷，她是針對下列事件起因結果哪兩個事件進行比較？胡族趁皇帝被俘，南北方形成多(A)甲甲：八王之亂、乙：靖難之變亂起事方另立政權國並立局面(B)甲：永嘉之禍、乙：靖康之禍皇帝被俘，部女真部北方領土落(C)甲：安史之亂、乙：黃巢之亂乙分皇族南下，族南下入女真統治(D)甲：靖康之禍、乙：靖難之變另立政權
110,社會,26,26.()圖八呈現蘇聯、美國、英國、(cid:11570)(cid:8388)(cid:20)(cid:28)(cid:22)(cid:28)(cid:20)(cid:28)(cid:23)(cid:19)(cid:20)(cid:28)(cid:23)(cid:20)(cid:20)(cid:28)(cid:23)(cid:21)(cid:20)(cid:28)(cid:23)(cid:22)(cid:20)(cid:28)(cid:23)(cid:23)(cid:20)(cid:28)(cid:23)(cid:24)(cid:9673)(cid:10868)義大利四個國家參與第二次世(cid:17392)界大戰的時段。根據內容判(cid:7447)斷，圖中甲、乙、丙、丁何者(cid:7383)最可能是英國？(cid:7359)(A)甲(B)乙圖(八)(C)(D)
110,社會,27,27.阿克與小山是同一家小吃店的廚師，表(四)為他們的表(四)工作能力比較表。若老闆依比較利益法則為他們分工阿克小山後，決定由阿克負責熱炒料理，小山負責油炸料理，油炸料理20甲則表中的「甲」與「乙」最可能分別為下列何者？30熱炒料理乙(A)2035(B)1530甲：，乙：甲：，乙：/單位：盤小時(C)1525(D)2020
110,社會,28,28.()圖九是馬斯洛需求層次理論示意圖。某學者指出，60%(cid:1176)未來約有的工作可能會被機器人取代，但需要與人面對面、心靈交流，且能滿足客戶心理需求、協(cid:10952)(cid:24715)(cid:26046)(cid:15104)助改善人際關係的工作，在機器人充斥的時代中更顯(cid:908)得重要，例如：心理諮商師、職場治療師等。根據上(cid:1063)述內容判斷，該學者認為在未來的時代中，工作者具(cid:909)備滿足客戶哪一層次需求的能力將顯得更加重要？()圖九(A)(B)甲乙(C)丙(D)丁&需求層次理論＝個人需求層次理論
110,社會,29,29.15主管機關認為某電視臺播放兒童不宜觀賞的影片，因此對其開罰萬元。但該電視臺表示，兒童不宜觀賞的片段已於播出前經過特殊處理，因此將對上述處分進行權利救濟。下列何者依法所能採取的權利救濟方式與上述電視臺相同？(A)超商的店面遭失控車輛撞毀(B)顧客的訂單遭店家任意取消(C)業者違反食安法規遭勒令歇業(cid:7769)(cid:19492)(cid:24717)(cid:13366)(cid:26046)(cid:15104)(cid:24717)(D)
110,社會,30,30.()圖十是甲產品在固定價格下，於某段期間的供需數(cid:12)量圖。若以粗黑線()表示實際交易數量的曲線，則由(cid:13568)(cid:25681)()圖十圖中內容判斷，下列何者最可能是甲產品的交易情形？(A)(B)(C)(D)
110,社會,31,"31.瑞士透過民眾投票的機制，決定是否訂立全國適用的基本薪資規範，此方案(136,000)若通過，瑞士將擁有全球最高的基本月薪保障約新臺幣元，但勞動市場可能也會因此受到影響，最後投票結果否決了該提案。就我國而言，下列何種情況亦會採行類似的機制做出決定？(A)(B)(C)(D)"
110,社會,32,32.某旅遊節目以介紹各國具代表性的()景點及活動為主，圖十一為某次的外景行程規畫，此趟外景最可能是前往下列何國拍攝？()圖十一(A)(B)巴西印尼(C)(D)
110,社會,33,33.()800圖十二為某觀光景點附近的地形圖，該地區沿著溪流(cid:17392)(cid:17392)有七家民宿，皆汲取溪水使用。圖中甲、乙、丙、丁四600個地點，何者被傾倒廢棄物導致溪水嚴重汙染時，受到(cid:7383)(cid:7383)(cid:7447)(cid:7447)影響的民宿家數最多？400m(A)甲(cid:7359)(cid:7359)(cid:7359)(B)乙(cid:15352)(cid:11174)(cid:15514)(cid:15656)()(C)圖十二丙(D)丁(cid:27)(cid:19)
110,社會,34,34.()圖十三顯示世界各洲十年間平均壽命的變(cid:11569)(cid:26)(cid:19)化情形，造成甲、乙二洲平均壽命有明顯差(cid:9733)(cid:10171)異的原因，與下列何項因素關係最密切？(cid:9019)(A)甲洲都市化程度較高(cid:14896)(cid:11)(cid:25)(cid:19)(cid:12)(B)乙洲死亡率逐年下降(cid:7447)(C)甲洲人口成長接近停滯(cid:24)(cid:19)(D)
110,社會,35,35.()圖十四為印度某天的新聞報導，報導中的現象最可能發生在下列哪個月分？(A)正逢雨季的八月(B)熱季來臨前的二月(C)雨季來臨前的五月(cid:8750)(cid:11620)(cid:13422)(cid:11893)(cid:24714)(cid:24207)(cid:13789)(cid:17722)(cid:17373)(cid:444)(cid:16495)(cid:15400)(cid:445)(cid:500)(cid:8499)(D)涼季來臨前的十月(cid:7369)(cid:13275)(cid:15053)(cid:23)(cid:24)(cid:11620)(cid:27030)(cid:15721)(cid:19390)(cid:25026)(cid:500)(cid:24286)(cid:12494)(cid:13965)(cid:15223)(cid:23725)
110,社會,36,36.表(五)為某個國家的投資環境簡表(五)介，根據表中資訊判斷，該國最時區東2區(慢臺灣6小時)可能位於下列何地？官方語言葡萄牙語(A)非洲乾、溼季分明，北部位處熱(B)氣候概況歐洲帶，南部位處副熱帶(C)大洋洲1.世界主要天然氣儲存國之一特色(D)南美洲2.擁有該洲東岸最大的深水港
110,社會,37,37.()圖十五是日本對於來到長崎貿易的某國船隻數60量統計圖，根據圖中資訊判斷，此國最可能是40下列何者？20(A)(B)英國中國0(C)葡萄牙(D)西班牙16501675170017251750
110,社會,38,"38.以下是某年國外報紙針對臺灣當時情況的專題報導摘錄：()表六1.禁止人民參政，政府的重要職位，被首長的親信占據。政治2.許多新任的官員，與公務上慣用日語的臺灣人無法順利溝通。社會3.社會秩序混亂，兒童綁架案頻傳。1.臺灣物資大量運往中國，造成物資短缺。2.4民生臺灣的物價比第二次世界大戰期間還高出數倍，如：稻米從每斤18~202402,000經濟元漲到每斤元、煤從每噸元漲到元。政府以每擔1303,000元強制收購蔗糖，但民眾卻要以每擔元購買。()根據表六資料，最能夠幫助我們理解下列哪一事件發生的歷史背景？(A)(B)雷震事件西來庵事件(C)美麗島事件(D)二二八事件&雷震事件，又稱為自由中國事件。"
110,社會,39,39.()「因為戰爭的緣故，北平今北京淪陷，清華大學、北京大學以及南開大學共同組成臨時大學，配合政府應戰策略，先南撤到湖南長沙繼續開課。但敵軍的飛機頻繁轟炸，學生大部分時間都在教室和防空洞間來回跑著。隨著戰事吃緊，政府遷往四川，學校也遷徙到雲南。」文中的戰爭最可能是下列何者？(A)八國聯軍(B)武昌起義(C)八年抗戰(D)
110,社會,40,40.()圖十六是某一朝代主要貨幣的轉變示意圖。此情況最早應發生在下列哪一朝代？(A)(B)秦朝漢朝(C)(D)
110,社會,41,41.()圖十七是旭明上課所做的筆記，根據內容判斷，此堂課的主題最可能是下列何者？(A)戰國時期農業生產力提升(B)六朝時期江南土地的開發(C)隋朝年間耕作技術的傳播(D)
110,社會,42,42.()表七為去年度某商品的部分銷售月分(月)1351012資料。根據表中資料判斷，下列何00當月利潤盈餘虧損盈餘者最可能為該商品的銷售紀錄？(A)(B)(cid:24)(cid:19)(cid:24)(cid:19)(cid:22)(cid:19)(cid:22)(cid:19)(cid:19)(cid:19)(cid:20)(cid:22)(cid:24)(cid:26)(cid:28)(cid:20)(cid:20)(cid:11)(cid:13766)(cid:12)(cid:20)(cid:22)(cid:24)(cid:26)(cid:28)(cid:20)(cid:20)(cid:41)(cid:1058)(cid:42)(C)(D)
110,社會,43,43.老師在課堂上進行猜謎遊戲，要同學從圖()十八提示中猜出謎題所指的官員。根據圖中內容判斷，下列何者屬於此官員的職權範圍？(A)代表國家偵查、追訴刑事犯罪(B)提出憲法修正案及領土變更案(C)在法庭上獨立審判各種訴訟案件(D)
110,社會,44,44.()圖十九為甲、乙二家人之間的親屬關係圖，根據(cid:17392)(cid:7447)我國《民法》規定判斷，下列哪一組合的親屬關係屬於姻親？(cid:11608)(cid:11439)(cid:12488)(cid:7359)(cid:7383)(A)甲與乙(B)乙與戊(cid:22310)(cid:18424)(cid:10520)(cid:10425)(cid:25754)(cid:7808)(cid:22310)(cid:18424)(cid:10289)(cid:12005)(cid:22310)(cid:18424)(cid:22270)(cid:22632)(cid:25754)(cid:7808)(cid:22310)(cid:18424)(cid:17397)(cid:12005)(C)(D)
110,社會,45,45.()表八為我國某行政機關公布的統計資料，根據○○區調解委員會表中資料判斷，下列敘述何者正確？辦理民、刑事事件調解情形(A)屬於告訴乃論刑事事件的件數為550件調解成立550刑事(B)700屬於非告訴乃論刑事事件的件數為件事件調解不成立150(C)200調解不成立，可改提和解的件數共為件300調解成立民事(D)350
110,社會,46,46.()圖二十是我國某次選舉的其中一種選票，關於此種選票的敘述，下列何者最適當？()圖二十(A)顯示我國人民享有集會自由(B)得票率最高者將成為執政黨(C)顯示我國落實地方自治精神(D)
110,社會,47,47.()圖二十一是某雜誌的報導，根據圖中內容判斷，政府最可能採取下列何種措施來因應該報導所指的問題？(A)加速國際貿易的發展(B)調整綜合所得稅稅率()圖二十一(C)鼓勵儲蓄增加存款利息(D)
110,社會,48,48.小玲的奶奶看到電視上播出一部描述臺灣女工生活的電視劇，奶奶回想起民50國年代，從家鄉到高雄加工出口區工廠工作的情景，當時廠區的產品主要出口至國外，以賺取外匯，自己也曾是創造「臺灣經濟奇蹟」的一份子。小玲的奶奶當時負責的工作，最可能是下列何者？(A)研發製作晶圓半導體(B)(cid:17392)監控煉製石油的機器(C)清理製糖機器的甘蔗渣(cid:7447)(D)
110,社會,49,49.()圖二十二是小芬蒐集區公所戳章的旅遊路線示意圖，她發現自己在其中一段路線中，沒有蒐集到任何(cid:7359)一個區公所的戳章。根據圖中內容判斷，上述路線最可能是甲、乙、丙、丁中的何者？(A)(B)甲乙(C)(D)
110,社會,50,50.下列資料為《漢摩拉比法典》中部分條文的內容，根據我國的法律類別判斷，何者相當於現行《刑法》的範圍？(A)自由民娶妻時未訂契約，則此婦女並非其妻子(B)自由民竊取神廟或王宮財物者應被處死，而收受贓物者亦應被處死(C)若自由民無法以銀償還債務，只能以穀物來償還，債權人必須接受(D)
110,社會,51,51.在現代民主政治的運作中，政黨具有許多功能，若以英國議會政治的發展為例，在國會選舉中，獲得議員席次最少的政黨，最可能無法發揮下列哪一項功能？(A)教育社會大眾，培養執政人才(B)監督政府施政，確保分權制衡(C)主導組織政府，負起施政責任(D)
110,社會,52,52.()圖二十三是某一帝國的疆域演變圖。甲區成為該帝國領土，與下列何者關係最為密切？(A)蒙古帝國的擴張(B)奧匈帝國的瓦解(cid:18922)(cid:7358)(cid:25932)(cid:14963)(cid:17730)(cid:17476)(cid:9885)(C)(cid:18922)(cid:7498)(cid:25932)(cid:14963)(cid:17730)(cid:17476)(cid:9885)拜占庭帝國的衰亡(cid:13758)(cid:10213)(cid:19503)(cid:15225)(cid:17730)(cid:17476)(cid:9885)(D)亞歷山大帝國的崛起圖(二十三)
110,社會,53,"53.()2013表九為年原油生產量生產量消費量前五大生產國前五大消費國與消費量前五大國排序。根(千桶/天)(千桶/天)據表中資訊判斷，若僅考量美國12,343美國18,961購油成本，下列國家何者在11,70210,303沙烏地阿拉伯中國原油價格下跌時受益較大？10,7644,531俄羅斯日本(A)日本4,4593,515中國俄羅斯(B)加拿大4,0743,509加拿大印度(C)俄羅斯(D)"
110,社會,54,54.(cid:17392)「十八世紀中期至十九世紀中期，來華貿易的西方人，只能居住在這個城的外圍附近，並與本(cid:7447)地商人進行交易。城門警衛森嚴，西方人不得(cid:7383)進入城內，只能在城牆外活動。」文中所述的(cid:7359)()「城」，應位於圖二十四何處？(A)(B)甲乙(C)(D)
110,社會,55,55.根據自然環境的條件判斷，在中國哪一個地區，最容易看到相似的建築物？(A)東北地區(B)華北地區(C)華南地區(D)
110,社會,56,56.()根據上文對圖二十五建築的描述，可以推斷此類建築最常見於下列何時？(A)荷蘭統治時期(B)鄭氏治臺時期(C)清朝統治前期(D)
110,社會,57,57.上述保護當地老街的工作，最有助於達成下列哪一目標？(A)提升社會福利(B)推動社區營造(C)維持經濟秩序(D)
110,社會,58,58.()根據圖二十七中資訊判斷，此種野生大型貓科動物最常出現在非洲哪一類型的棲息地？(A)樹冠茂密的雨林(B)疏林高草的莽原(cid:17392)(cid:7359)(C)苔蘚廣布的苔原(D)
110,社會,59,59.根據文中支持者的說法，籬內狩獵活動()(cid:7447)(cid:7383)是由圖二十八中何處開始影響經濟活動循環？(A)(B)甲乙(C)(D)()
110,社會,60,60.根據文中內容判斷，反對者對「籬內狩獵」的論點包含下列何者？(A)(B)可能會減少南非的出國人數可能會加速疾病的跨國傳播(C)(D)
110,社會,61,61.()()()根據上文及圖二十九資訊，將遺址、現今河道與浮橋沖毀前舊河()道的相對位置繪製成示意圖，最可能為下列何者？(A)(B)(C)(D)
110,社會,62,62.()根據上文及圖二十九資訊，掩蓋該遺址的泥沙主要來源應為下列哪一地形區？(A)東北平原(B)華北平原(C)黃土高原(D)
110,社會,63,63.()根據上文及圖三十資訊，四尊鐵人擺放的相對位置應為下列何者？(A)(B)(C)(D)
110,自然,1,1.關於粒線體與植物細胞間的關係，下列敘述何者正確？(A)粒線體位於細胞質內(B)粒線體位於葉綠體上(C)粒線體位於細胞核內(D)
110,自然,2,2.人體的血糖濃度可受激素調節，在激素甲的作用下血糖濃度可提升，在激素乙的作用下血糖濃度會降低。下列有關激素甲和激素乙的來源，何者最合理？(A)激素甲、激素乙皆只可能由胰臟分泌(B)激素甲、激素乙皆只可能由腎上腺分泌(C)激素甲可能由胰臟分泌，激素乙可能由腎上腺分泌(D)
110,自然,3,3.111關於光年、萬年、萬公里之間的敘述與比較，下列何者正確？(A)11光年為時間單位，且光年比萬年長(B)11光年為時間單位，且光年比萬年短(C)11光年為距離單位，且光年比萬公里長(D)11
110,自然,4,4.2B玉琳設計一個有關鉛筆在白紙上所畫直線長度與電阻值關係的實驗，實驗方2B法為將鉛筆以相同大小的力，在白紙上畫出粗細相同、長度不同的直線，再以儀器測量直線兩端的電阻值。下列選項中，哪一個實驗紀錄表所反映的實驗設計最符合上述的實驗目的？(A)(B)(cid:3220)(cid:1393)(cid:907)(cid:914)(cid:927)(cid:1124)(cid:3220)(cid:1393)(cid:907)(cid:914)(cid:927)(cid:1124)(cid:4233)(cid:3645)(cid:4479)(cid:5930)2B2B2B2B(cid:4233)(cid:3645)(cid:4479)(cid:5930)BBBB(cid:2736)(cid:2989)(cid:2054)(cid:2123)(mm)0.10.10.10.1(cid:2736)(cid:2989)(cid:2054)(cid:2123)(mm)2.01.00.50.1(cid:1940)(cid:4885)(cid:1999)(cid:2123)(cm)1234(cid:1940)(cid:4885)(cid:1999)(cid:2123)(cm)1234(cid:4253)(cid:2004)(cid:2422)(Ω)(cid:4253)(cid:2004)(cid:2422)(Ω)(C)(D)
110,自然,5,5.科學家可利用生物科技複製動物如桃莉羊，在不考慮突變的情況下，桃莉羊與親代之間的基因相似程度與下列何者不同？(A)番薯及其以塊根繁殖產生的子代(B)青蛙及其以體外受精產生的子代(C)變形蟲及其以分裂生殖產生的子代(D)
110,自然,6,6.「民眾舉報黃老闆工廠中有一批盜採的岩塊，稽查人員到達黃老闆宣稱採集岩塊的地點進行了解，發現此地的岩塊外形比較圓滑，體積較小，而工廠中的岩塊有稜有角，體積也較大，且該地點幾乎不見與工廠中外形、大小相似的岩塊，令稽查人員懷疑黃老闆謊報其採集地點……」根據上述資訊，關於黃老闆實際盜採岩塊的地點與說明，最可能為下列何者？(A)河川上游，因上游雨量較豐沛，岩塊體積普遍較大(B)河川上游，因岩塊被搬運距離短，形狀普遍有稜有角(C)河川下游，因下游河水流量大，岩塊體積普遍較大(D)
110,自然,7,7.()圖一為某地的地質剖面示意圖，其中岩層甲、乙均為沉積(cid:1254)(cid:1988)岩，丙為一岩漿冷卻後的岩脈。若此地地層均未經過倒轉，關於甲、乙、丙形成的先後順序關係，下列推論何者最(cid:1176)(cid:1176)(cid:1063)合理？(cid:908)(cid:908)(A)甲在最上層，故甲最早形成(B)甲在最上層，故甲最晚形成(C)丙切穿甲、乙，故丙最晚形成()圖一(D)
110,自然,8,8.不鏽鋼皂是一種具有肥皂外型的不鏽鋼。業者宣稱當手上沾滿大蒜、洋蔥等傳統肥皂不易去除的味道時，一邊將手與不鏽鋼皂摩擦一邊以流水沖洗，可以消()除部分氣味。小芸設計實驗驗證「不鏽鋼皂能否去除異味」，如表一中的組別一和組別二所示。另外她還設計了組別三的實驗，關於組別三的說明，下列何者合理？表(一)(cid:3220)(cid:1393)(cid:907)(cid:914)(cid:927)(cid:4340)(cid:6221)(cid:1922)(cid:2068)(cid:3834)(cid:3213)(cid:1957)(cid:1580)(cid:972)(cid:6028)(cid:5299)(cid:1580)(cid:972)(cid:6028)(cid:5299)(cid:3567)(cid:2898)(cid:1888)(cid:2185)(cid:2619)(cid:1690)(cid:5930)(cid:2080)(cid:949)(cid:4545)(cid:1690)(cid:949)(cid:4545)(cid:1690)(cid:949)(cid:4545)(cid:1690)(cid:4752)(cid:5396)(cid:2580)(cid:3796)30(cid:2302)30(cid:2302)30(cid:2302)(cid:2178)(cid:1409)(cid:1072)(cid:1053)(cid:1553)(cid:2225)(cid:2178)(cid:2178)(cid:2178)(A)組別三作為「不鏽鋼皂能否去除異味」實驗的實驗組(B)實驗想驗證縮短沖洗的時間，去除異味的功效是否相同(C)實驗想驗證其他形狀的不鏽鋼物品，是否也具有去除異味的功效(D)
110,自然,9,9.小茵以一道雷射光入射一個平面鏡，並記錄入射角θ及反射光與平面鏡的夾X()角，如圖二所示。她改變三次入射角，各次的入射角均不相同，則此三次實X驗數據裡，各次實驗數據的θ與應符合下列哪一個關係式？(A)X＝θ(cid:1892)(cid:4885)(B)X90＋θ＝°(cid:917)(cid:2516)(cid:1216)(cid:848)(cid:1016)(cid:2516)(cid:1216)(C)X902＝°－θX(D)X1802
110,自然,10,10.小妮在室溫下將一支金屬湯匙及一支塑膠湯匙同時插入剛買()來的冰淇淋兩側，如圖三所示。經過幾分鐘後，發覺金屬湯匙附近融化的冰淇淋量較塑膠湯匙附近的多，則發生此現象的主要原因最可能是下列何者？(A)因為比熱大小：金屬湯匙＞塑膠湯匙(B)因為比熱大小：金屬湯匙＜塑膠湯匙(C)因為熱的傳導效果：金屬湯匙＞塑膠湯匙(D)
110,自然,11,11.10g100mL取混有鐵粉、活性碳和食鹽三種物質的粉末，加入裝有純水的燒杯中，充分攪拌後依序進行下列實驗步驟：一、以濾紙過濾杯中液體，收集到無色澄清濾液。二、取兩碳棒插入此杯濾液中，接上導線並與燈泡、電池組串聯，發現燈泡明顯發亮。三、以滴管吸取濾液，滴於蒸發皿上。四、加熱使蒸發皿的水蒸發，蒸發皿內殘留白色固體，檢測得知為食鹽。以上實驗無法證明下列哪一項敘述？(A)食鹽的沸點比水的沸點高(B)混合物可嘗試用過濾方法分離(C)此杯無色澄清濾液中含有電解質(D)
110,自然,12,12.X已知物質在生物體內不易被分解或排出，且會透過生物間的捕食關係傳遞。()X圖四為某生態系的食物網，若甲的體內含有物質，則推測下列何者的體內也可能含有此物質？(cid:961)(A)僅丙(B)僅己(cid:1063)(cid:909)(cid:1145)(C)僅丙、己(D)
110,自然,13,13.地球上的空氣會在不同地點間流動，下列有關空氣在對流層中的流動方式，何者正確？(A)會在相同海拔高度之間流動，但不會在不同海拔高度之間流動(B)會在地表附近有水平方向的流動，也會在地表與高空間上下流動(C)會在地表附近有水平方向的流動，但不會在地表與高空間上下流動(D)
110,自然,14,14.小育在吃某道料理時，突然覺得有苦味，於是立刻吐出查看，才知道食物中混有苦瓜。根據上述，下列敘述何者最合理？(A)立刻吐出是一種反射作用(B)苦味的感覺受器位於大腦中(C)突然覺得有苦味是一種反射作用(D)
110,自然,15,15.(R)(r)豌豆的花色由一對等位基因所控制，紫花為顯性，白花為隱性。以一紫花121119植株與一白花植株雜交，產生的第一子代為棵紫花植株和棵白花植株，在不考慮突變的情況下，下列敘述何者最合理？(A)Rr親代的基因型皆為(B)RR其中一個親代的基因型為(C)若親代白花植株和第一子代紫花植株雜交，可能產生白花植株(D)
110,自然,16,16.小航將自己的血液分別滴在甲、乙、丙三種不同濃度的食鹽水中，並在顯微鏡()下觀察甲、乙、丙中紅血球的細胞狀態，結果如表二所示。根據此結果，比較三種食鹽水的濃度，下列何者正確？表(二)(A)甲＞乙＞丙(cid:4883)(cid:4134)(cid:3218)(cid:2333)(cid:1923)(cid:4362)(B)乙＞丙＞甲(cid:1176)(cid:3218)(cid:2333)(cid:2695)(cid:3723)(cid:500)(cid:1117)(cid:3373)(cid:3218)(cid:2333)(cid:4055)(cid:1058)(C)丙＞甲＞乙(cid:908)(cid:3218)(cid:2333)(cid:3706)(cid:5485)(D)甲＞丙＞乙(cid:1063)(cid:3218)(cid:2333)(cid:1415)(cid:5768)(cid:1087)(cid:3869)(cid:4844)(cid:1923)
110,自然,17,17.t0st10s一輛汽車行駛於筆直的道路上，在＝時開始由靜止出發，＝時汽車的20m/st1020s0t20s速度大小為，已知汽車在＝～期間所受合力為，則＝時，汽車的速度大小應為多少？(A)0(B)10m/s(C)20m/s(D)40m/s
110,自然,18,18.2kg1kg甲、乙兩木塊的質量分別為、，兩者由同一(cid:1176)(cid:908)水平高度靜止狀態自由落下，分別掉落至不同高度()的水平地板上，如圖五所示。已知當地的重力加速1m度為10m/s2，則兩木塊由靜止狀態自由落下至剛接觸地板時，所減少的重力位能分別為多少？2m(A)1J2J甲：，乙：(B)2J2J甲：，乙：(C)10J20J甲：，乙：(D)20J20J
110,自然,19,19.已知甲、乙、丙為三種不同的純物質，甲與乙反應生成丙的化學反應式為：4+32甲乙→丙30g16g46g取的甲和的乙進行反應後，發現兩者皆會完全反應耗盡，並且生成16g的丙。若改取不同質量的甲和的乙進行數次反應，則甲加入的質量與丙生成的質量關係圖，最可能為下列何者？(A)(B)(C)(D)
110,自然,20,20.XY取硫粉和鎂帶分別在空氣中燃燒，燃燒後的產物依序於、兩瓶密閉容器內XY與水充分混合。在室溫下先以石蕊試紙檢測、兩瓶水溶液，再將兩瓶水溶()液混合並測量溫度變化。已知實驗結果兩瓶的石蕊試紙皆有變色，則表三中哪一個代號最可能是實驗結果的紀錄？()表三(A)甲(cid:1185)(cid:5230)(cid:4162)(cid:2736)(cid:5408)(cid:3571)(cid:3127)(cid:1245)(cid:2133)(B)(cid:1078)(cid:4134)乙X(cid:3167)Y(cid:3167)(cid:1937)(cid:3989)(cid:2123)(cid:6210)(cid:1007)(C)丙(cid:1176)(cid:6210)(cid:2310)(cid:1349)(cid:6210)(cid:5716)(cid:1349)(cid:928)(cid:2398)(D)丁(cid:908)(cid:6210)(cid:2310)(cid:1349)(cid:6210)(cid:5716)(cid:1349)(cid:930)(cid:1010)
110,自然,21,21.媒體報導一間高爾夫球桿製造公司，因不當使用「溴丙烷」清洗桿頭，造成多名員工身體不適。已知丙烷分子中的一個氫原子被一個溴原子所取代，即為溴HCBr11280丙烷，且、和的原子量依序為、和。根據上述說明，溴丙烷的分子量應為多少？(A)95(B)97(C)123(D)155
110,自然,22,22.()圖六為甲、乙兩種細胞所含的染色體示意圖，此兩種細胞都取自同一株開花植物的正常細胞。根據此圖，推測此兩種細胞所屬的構造，下列何者最合理？(A)甲：花粉，乙：花瓣(B)甲：花瓣，乙：種子(C)甲：花托，乙：花粉(D)
110,自然,23,23.()甲、乙為兩種多細胞生物，表四為甲、乙能否進行兩種生理作用的比較。根據此表推測甲、乙在生態系中所扮演的角色，下列敘述何者最合理？()表四(cid:4127)(cid:3707)(cid:5207)+(cid:2620)(cid:2619)→(cid:1053)+(cid:914)(cid:2620)(cid:1007)(cid:4473)(cid:1053)+(cid:914)(cid:2620)(cid:1007)(cid:4473)→(cid:4127)(cid:3707)(cid:5207)+(cid:2620)(cid:2619)+(cid:1053)(cid:1176)(cid:2760)(cid:2760)(cid:908)(cid:2760)(cid:972)(cid:2760)(A)甲可能是分解者(B)甲可能是初級消費者(C)乙可能是生產者(D)
110,自然,24,24.中洋脊與海溝各自代表兩種不同板塊邊界的地形特徵，將最靠近中洋脊以及最()靠近海溝的海洋地殼年齡，以及各自的板塊運動情形整理如表五所示，則下列關於W、X、Y、Z所填入的組合，何者最合理？表(五)(A)WX填入較老，填入張裂(cid:1254)(cid:1486)(cid:2653)(cid:4731)(cid:973)(cid:2217)(cid:2761)(cid:2631)(cid:3982)(B)WX填入較年輕，填入聚合(cid:2631)(cid:2217)(cid:1254)(cid:3544)(cid:1283)(cid:6047)(C)YZWY填入較老，填入聚合(cid:1050)(cid:4200)(D)YZ
110,自然,25,25.以下是阿文和阿武對於臺灣常見降雨成因的說明：阿文：臺灣北部冬季主要的降雨成因包括了冷鋒通過與東北季風的影響。阿武：鋒面會因西南季風吹動而由南向北移動，通過臺灣並帶來降雨。關於阿文和阿武的說明，下列何者正確？(A)僅阿文正確(B)僅阿武正確(C)兩位皆正確(cm)(D)
110,自然,26,26.以繩波產生器分別在甲、乙兩繩上製造不同的繩波，甲()(10_1s)繩上某點振動位移與時間的關係如圖七所示。已知甲繩(cid:46)10510的振動頻率大於乙繩，則下列各選項中的圖形，何者最()可能表示乙繩上某點的振動情形？圖七(A)(B)(C)(D)
110,自然,27,27.()XYSSS如圖八所示，圖上點到點有1、2兩條路徑可1XYY以選擇，小志與阿耀同時由點出發向點移動，且途中無折返，抵達Y點後計算出兩人的平均速度大S2小與平均速率，如表(六)所示。有關誰先抵達Y點及X()他們選擇的路徑，下列敘述何者正確？圖八(A)小志先抵達，且兩人選擇相同的路徑()表六(B)阿耀先抵達，且兩人選擇不同的路徑(cid:955)(cid:1491)(cid:2003)(cid:5996)(C)兩人同時抵達，且兩人選擇相同的路徑(cid:1139)(cid:1441)(cid:3314)(cid:2123)(cid:949)(cid:955)(km/h)4040(D)兩人同時抵達，且兩人選擇不同的路徑(cid:1139)(cid:1441)(cid:3314)(cid:3159)(km/h)6040
110,自然,28,28.()阿彥將氣體分類如圖九所示，並在每一分類各舉出一個例子。關於其中甲、乙、丙、丁所填入的內容，下列何者合理？(A)(cid:993)(cid:2728)(cid:33)(cid:500)(cid:1647)(cid:506)(cid:1063)甲是雙原子，丙是臭氧(cid:1176)(B)甲是多原子，丙是甲烷(cid:908)(cid:33)(cid:500)(cid:1647)(cid:506)(cid:909)(cid:2730)(cid:1922)(cid:4966)(C)乙是混合物，丁是空氣(cid:3394)(cid:2458)(cid:951)(cid:500)(cid:1647)(cid:506)(cid:33)(cid:3548)(cid:2619)(D)
110,自然,29,29.已知烴類化合物在空氣中完全燃燒，會產生二氧化碳和水，關於烴類發生燃燒反應的敘述，下列何者正確？(A)為還原劑，進行氧化反應(B)為還原劑，進行還原反應(C)為氧化劑，進行氧化反應(D)
110,自然,30,30.4X10X40X某複式顯微鏡上具有、及三種不同倍率的物鏡，已知阿潘利用此臺10X顯微鏡的物鏡觀察洋蔥表皮細胞，當他做了某項操作後，發現視野明顯變暗且細胞變得模糊，則下列何者最可能是阿潘所做的操作？(A)4X將物鏡調整至(B)40X將物鏡調整至(C)轉動調節輪使載物臺向上移動(D)
110,自然,31,31.人體代謝蛋白質後所形成的尿素，經血液循環後，最後會由下列哪一種管道送入腎臟？(A)(B)動脈靜脈(C)(D)
110,自然,32,32.農民從辣椒植株中挑出果實含辣椒素較少的種子，經過多次的雜交培育篩選而得到不含辣椒素的彩色甜椒植株。關於彩色甜椒植株的敘述，下列何者最合理？(A)是一種基因改造生物(B)是經過大自然的篩選(C)其培育過程中需經有性生殖(D)
110,自然,33,33.()圖十是某地的地質剖面示意圖，該地有一斷層經過，依據此斷層在地表的破裂位置，將其劃分為甲、乙二區。若斷層再次活動而產生地震，斷層兩側岩層移動方向如圖中箭號所示，則下列有關此斷層的類型及地震的震央位置之敘述，何者最合理？(cid:908)(cid:2900)(cid:1176)(cid:2900)(A)正斷層，震央可能位於甲區(B)正斷層，震央可能位於乙區(C)(cid:1254)(cid:1988)逆斷層，震央可能位於甲區(D)
110,自然,34,34.某研究單位釋放了一攜帶氣象儀器的氣球，氣球上升時每到固定的高度會以無線電傳回氣球所在海拔高度的溫度與氣壓值，並做成紀錄。在一般標準大氣狀況下，下列高度與氣壓、溫度的關係，何者最合理？(A)(B)(cid:2863)(cid:2123)((cid:998)(cid:1626))(cid:2619)(cid:5368)((cid:1325)(cid:1766))(cid:3989)(cid:2123)(°C)(cid:2863)(cid:2123)((cid:998)(cid:1626))(cid:2619)(cid:5368)((cid:1325)(cid:1766))(cid:3989)(cid:2123)(°C)5521-18.25521-18.210255-50.510255-50.515101-56.315101-79.32052-55.12052-92.1(C)(D)
110,自然,35,35.()圖十一為月球繞地球運行的示意圖，圖中月球的白色部分為受陽光照射的一側，箭頭為月球的公轉方向。當月球位於圖中的甲、乙位置時，若以白色部分表示地球上所見月相的明亮範圍，則這兩天由地球上所見到的月相和方位關係，最有可能是下列何者？(cid:1254)(cid:3162)(cid:1176)()圖十一(A)(B)(cid:1176)(cid:908)(cid:1176)(cid:908)(cid:1855)(cid:1355)(cid:1855)(cid:1355)(cid:1855)(cid:1355)(cid:1855)(cid:1355)(C)(D)
110,自然,36,36.一個基本電荷的電量為1.6×1019庫侖，下列何者的電量相當於一個基本電荷的電量？(A)1個質子(B)1.6個電子(C)1019個質子(D)1.6×1019個電子
110,自然,37,37.()圖十二為甲和乙兩個不同裝置的示意圖，判斷這兩個裝置的能量變化是否為電能轉換成化學能？(cid:5161)(cid:1904)(cid:3623)(cid:2013)(A)兩個都是(B)兩個都不是(cid:4621)(cid:1058)(cid:5003)(cid:1058)(C)只有甲裝置是(D)
110,自然,38,38.將500cm3的液體X倒入燒杯中，再將質量為40g，體積為100cm3的正立方體XX木塊，置入液體中，已知液體不與木塊發生反應，且靜止平衡後此木塊正X好有一半的體積沒入液面之下，則燒杯內的液體質量為多少？(A)100g(B)200g(C)400g(D)500g
110,自然,39,39.()1cm2cm如圖十三所示，甲、乙兩正立方體金屬塊，邊長分別為、，靜止堆()疊於水平桌面上。甲金屬塊作用於乙金屬塊上表面灰色部分的平均壓力大小為PPPP，金屬塊作用於桌面的平均壓力大小為，已知＝，且甲金屬塊的質量121210g為，則乙金屬塊的質量為多少？ᵬ(A)20g(B)30g(C)40gʬ☢(D)80g
110,自然,40,40.()HClNaHCO如圖十四所示，室溫下有水溶液和水溶液，在這兩杯水溶液中分3HClNaHCO別加入適量的鋅粉和鹽酸，均會使水溶液冒泡。若改變和的濃度，3pH使這兩杯水溶液的值都增加，但其他實驗條件皆不變，則分別加入鋅粉和鹽酸後，這兩杯水溶液冒泡速率的改變情形，最可能為下列何者？(A)兩杯水溶液都變快(cid:5003)(cid:2723)(cid:6262)(cid:4616)(B)兩杯水溶液都變慢(C)實驗一：變快，實驗二：變慢(D)實驗一：變慢，實驗二：變快pH=2pH=9
110,自然,41,41.1kg一塊質量為的木塊分別在甲、乙兩水平桌面上所測量的最大靜摩擦力如()1.0N表七所示。將此木塊靜置於桌面甲上，施予大小為的水平力，另將此木0.5N塊靜置於桌面乙上，施予大小為的水平力，則關於此木塊在兩桌面上的運動狀態及所受摩擦力大小，下列敘述何者正確？表(七)(A)1.0N在桌面甲上會移動，摩擦力大小為(cid:2603)(cid:2399)(cid:3368)(cid:949)(cid:5321)(cid:4752)(cid:5396)(cid:922)(N)(B)1.0N在桌面甲上不移動，摩擦力大小為(cid:1176)0.5(C)0.5N在桌面乙上會移動，摩擦力大小為(D)0.5N(cid:908)1.0
110,自然,42,42.()如圖十五所示，將兩個相同的電池串聯後再並聯兩個電阻器，此時兩個電阻器100W的電功率皆為。移除電路中一個電池與一個電阻器，重新連接電路，如()圖十六所示。已知兩電阻器皆符合歐姆定律，且每個電池的電壓不變，若忽略()導線電阻及電池的內電阻，則圖十六中電阻器的電功率應為多少？(A)25W(B)50W100W(C)100W(D)200W
110,自然,43,43.下列為網路上大家關心的一則問與答：問：外帶咖啡的塑膠杯蓋會釋出致癌物質，是真的嗎？(PS)(CH)答：過去咖啡杯蓋的材質多為聚苯乙烯簡稱，由苯乙烯聚合而88成，相關單位已對此材質訂出使用規範，以確保安全。為免疑慮，市面(PP)(CH)咖啡杯蓋材質已逐漸改成聚丙烯簡稱，聚丙烯是由丙烯聚合36PSPP而成。和都屬於熱塑性聚合物，只要符合規定，消費者正常使用下，尚無安全疑慮。PSPP關於或的敘述，下列何者正確？(A)PSPP和都屬於網狀聚合物(B)PP是由碳水化合物聚合而成(C)PP是由十多個丙烯分子所組成(D)PS
110,自然,44,44.()XY表八為兩種離子的質子數和電子數，已知此兩種離子可結合形成化合物，2學名是氯化鈣，關於甲、乙、丙、丁的關係式，下列何者正確？(A)甲＝乙－2表(八)(B)2甲＝乙＋(cid:4966)(cid:951)(cid:4775)(cid:4253)(cid:951)(cid:4775)(C)丙＝丁－2X(cid:5766)(cid:951)(cid:1176)(cid:908)(D)丙＝丁＋2Y(cid:5766)(cid:951)(cid:1063)(cid:909)
110,自然,45,45.()表九為甲、乙、丙、丁四種金屬原子或離子分別含有的電子數。某一化學電池放電時的反應式為：甲＋乙→丙＋丁已知甲反應後形成丙，乙反應後形成丁，關於乙的敘述，下列何者正確？(A)乙在正極發生還原反應()表九(B)乙在正極發生氧化反應(cid:1998)(cid:6054)(cid:2458)(cid:951)(cid:1800)(cid:5766)(cid:951)(cid:4253)(cid:951)(cid:4775)(C)乙在負極發生還原反應(cid:1176)27(D)乙在負極發生氧化反應(cid:908)30
110,自然,46,46.若鐵製支架圓孔與木棒只有一個接觸點，以此接觸點為支點，則關於木棒所受力矩的情形，下列敘述何者正確？(A)只有順時鐘力矩，逆時鐘力矩為零(B)只有逆時鐘力矩，順時鐘力矩為零(C)順時鐘力矩大於逆時鐘力矩，且均不為零(D)
110,自然,47,47.()若點亮了燈泡，阿斌看到燈泡所造成木棒的影子會落在圖十八中甲、乙、丙、丁哪一個區域？(A)甲(B)乙(C)丙(D)
110,自然,48,48.WXYZ12關於、、、四地在此圖所呈現的時刻，何者最接近當地的正午時？(A)W(B)X(C)Y(D)Z
110,自然,49,49.WXYZ關於、、、在當日的白天與黑夜時間長度關係，下列敘述何者最合理？(A)W地的黑夜時間長度較其它三地長(B)X地的黑夜時間長度較白天時間長(C)YZ、二地的白天時間長度大致相同(D)WXY
110,自然,50,50.根據本文，若以示意圖的灰色部位代表木質部、白色部位代表韌皮部，則推論玫瑰的分類及其嫩莖內維管束之排列，下列配對何者最合理？(A)(B)(C)(D)
110,自然,51,51.根據本文，推論色素可經由下列何種生理作用及部位運送至花？(A)(B)蒸散作用，木質部蒸散作用，韌皮部(C)(D)
110,自然,1,1.50g50g450g各組取大小相近的綠豆、糖、純水進行實驗。2.綠豆的前處理分為：80「泡水」指綠豆清洗後，在室溫下泡水分鐘，使綠豆膨脹後才開始加熱。「不泡水」指綠豆清洗後，加入水中直接開始加熱。3.60加入糖的時間點分為「加熱前」和「加熱分鐘後」，且糖均完全溶解。4.65依照不同條件，四組綠豆湯各加熱分鐘，觀察結果。()實驗結果如表十所示。()表十(cid:3220)(cid:1393)(cid:1176)(cid:908)(cid:1063)(cid:909)(cid:4504)(cid:1604)(cid:1937)(cid:2043)(cid:3264)(cid:3163)(cid:1904)(cid:1053)(cid:1904)(cid:1053)(cid:972)(cid:1904)(cid:1053)(cid:972)(cid:1904)(cid:1053)(cid:1091)(cid:917)(cid:5207)(cid:1937)(cid:2580)(cid:3796)(cid:5626)(cid:1091)(cid:4823)(cid:2043)(cid:1091)(cid:4823)60(cid:1001)(cid:6026)(cid:2133)(cid:1091)(cid:4823)(cid:2043)(cid:1091)(cid:4823)60(cid:1001)(cid:6026)(cid:2133)(cid:1894)(cid:6036)(cid:1804)(cid:4641)(cid:2580)(cid:3796)(cid:2314)25(cid:1001)(cid:2314)23(cid:1001)(cid:2314)27(cid:1001)(cid:2314)25(cid:1001)(cid:1091)(cid:4823)65(cid:1001)(cid:6026)(cid:2133)(cid:1937)(cid:4504)(cid:1604)20%(cid:3237)(cid:3544)(cid:4504)(cid:1604)40%(cid:3237)(cid:3544)(cid:4504)(cid:1604)40%(cid:3237)(cid:3544)(cid:4504)(cid:1604)95%(cid:3237)(cid:3544)(cid:3656)(cid:1856)(cid:1752)(cid:1154)(cid:1220)(cid:3325)(cid:3590)(cid:3308)(cid:1220)(cid:3325)(cid:3590)(cid:3308)(cid:1752)(cid:1154)(cid:1220)(cid:3325)(cid:3590)(cid:3308)(cid:1220)(cid:3325)(cid:3590)(cid:3308)52.1根據說明第點，若丙組綠豆放入水中加熱前，先加入糖，則此時糖水溶液的重量百分濃度，最接近下列何者？(A)9%(B)10%(C)11%(D)12%
110,自然,3,3.60加入糖的時間點分為「加熱前」和「加熱分鐘後」，且糖均完全溶解。4.65依照不同條件，四組綠豆湯各加熱分鐘，觀察結果。()實驗結果如表十所示。()表十(cid:3220)(cid:1393)(cid:1176)(cid:908)(cid:1063)(cid:909)(cid:4504)(cid:1604)(cid:1937)(cid:2043)(cid:3264)(cid:3163)(cid:1904)(cid:1053)(cid:1904)(cid:1053)(cid:972)(cid:1904)(cid:1053)(cid:972)(cid:1904)(cid:1053)(cid:1091)(cid:917)(cid:5207)(cid:1937)(cid:2580)(cid:3796)(cid:5626)(cid:1091)(cid:4823)(cid:2043)(cid:1091)(cid:4823)60(cid:1001)(cid:6026)(cid:2133)(cid:1091)(cid:4823)(cid:2043)(cid:1091)(cid:4823)60(cid:1001)(cid:6026)(cid:2133)(cid:1894)(cid:6036)(cid:1804)(cid:4641)(cid:2580)(cid:3796)(cid:2314)25(cid:1001)(cid:2314)23(cid:1001)(cid:2314)27(cid:1001)(cid:2314)25(cid:1001)(cid:1091)(cid:4823)65(cid:1001)(cid:6026)(cid:2133)(cid:1937)(cid:4504)(cid:1604)20%(cid:3237)(cid:3544)(cid:4504)(cid:1604)40%(cid:3237)(cid:3544)(cid:4504)(cid:1604)40%(cid:3237)(cid:3544)(cid:4504)(cid:1604)95%(cid:3237)(cid:3544)(cid:3656)(cid:1856)(cid:1752)(cid:1154)(cid:1220)(cid:3325)(cid:3590)(cid:3308)(cid:1220)(cid:3325)(cid:3590)(cid:3308)(cid:1752)(cid:1154)(cid:1220)(cid:3325)(cid:3590)(cid:3308)(cid:1220)(cid:3325)(cid:3590)(cid:3308)52.1根據說明第點，若丙組綠豆放入水中加熱前，先加入糖，則此時糖水溶液的重量百分濃度，最接近下列何者？(A)9%(B)10%(C)11%(D)12%
110,自然,4,4.65依照不同條件，四組綠豆湯各加熱分鐘，觀察結果。()實驗結果如表十所示。()表十(cid:3220)(cid:1393)(cid:1176)(cid:908)(cid:1063)(cid:909)(cid:4504)(cid:1604)(cid:1937)(cid:2043)(cid:3264)(cid:3163)(cid:1904)(cid:1053)(cid:1904)(cid:1053)(cid:972)(cid:1904)(cid:1053)(cid:972)(cid:1904)(cid:1053)(cid:1091)(cid:917)(cid:5207)(cid:1937)(cid:2580)(cid:3796)(cid:5626)(cid:1091)(cid:4823)(cid:2043)(cid:1091)(cid:4823)60(cid:1001)(cid:6026)(cid:2133)(cid:1091)(cid:4823)(cid:2043)(cid:1091)(cid:4823)60(cid:1001)(cid:6026)(cid:2133)(cid:1894)(cid:6036)(cid:1804)(cid:4641)(cid:2580)(cid:3796)(cid:2314)25(cid:1001)(cid:2314)23(cid:1001)(cid:2314)27(cid:1001)(cid:2314)25(cid:1001)(cid:1091)(cid:4823)65(cid:1001)(cid:6026)(cid:2133)(cid:1937)(cid:4504)(cid:1604)20%(cid:3237)(cid:3544)(cid:4504)(cid:1604)40%(cid:3237)(cid:3544)(cid:4504)(cid:1604)40%(cid:3237)(cid:3544)(cid:4504)(cid:1604)95%(cid:3237)(cid:3544)(cid:3656)(cid:1856)(cid:1752)(cid:1154)(cid:1220)(cid:3325)(cid:3590)(cid:3308)(cid:1220)(cid:3325)(cid:3590)(cid:3308)(cid:1752)(cid:1154)(cid:1220)(cid:3325)(cid:3590)(cid:3308)(cid:1220)(cid:3325)(cid:3590)(cid:3308)52.1根據說明第點，若丙組綠豆放入水中加熱前，先加入糖，則此時糖水溶液的重量百分濃度，最接近下列何者？(A)9%(B)10%(C)11%(D)12%
110,自然,52,52.1根據說明第點，若丙組綠豆放入水中加熱前，先加入糖，則此時糖水溶液的重量百分濃度，最接近下列何者？(A)9%(B)10%(C)11%(D)12%
110,自然,53,53.比較加熱前乙和丁兩組不同的前處理對於綠豆的影響，最主要是因為下列何種作用？(A)協調作用(B)滲透作用(C)光合作用(D)
110,自然,54,54.根據本文，若小明認為理想綠豆湯的主要條件是綠豆需全部煮軟，綠豆外觀多數完整且脫殼數量少，則煮出理想的綠豆湯最適合使用下列何種方法？(A)綠豆先泡水，加入糖後在水中加熱至沸騰(B)綠豆先泡水，在水中加熱至沸騰後再加入糖(C)綠豆不泡水，加入糖後在水中加熱至沸騰(D)
