年度,類別,科目,題號,數值
110,通過率,國文,1,0.93
110,通過率,國文,2,0.88
110,通過率,國文,3,0.82
110,通過率,國文,4,0.81
110,通過率,國文,5,0.84
110,通過率,國文,6,0.89
110,通過率,國文,7,0.69
110,通過率,國文,8,0.77
110,通過率,國文,9,0.78
110,通過率,國文,10,0.75
110,通過率,國文,11,0.64
110,通過率,國文,12,0.66
110,通過率,國文,13,0.75
110,通過率,國文,14,0.72
110,通過率,國文,15,0.66
110,通過率,國文,16,0.68
110,通過率,國文,17,0.62
110,通過率,國文,18,0.65
110,通過率,國文,19,0.62
110,通過率,國文,20,0.79
110,通過率,國文,21,0.49
110,通過率,國文,22,0.71
110,通過率,國文,23,0.41
110,通過率,國文,24,0.66
110,通過率,國文,25,0.49
110,通過率,國文,26,0.59
110,通過率,國文,27,0.42
110,通過率,國文,28,0.47
110,通過率,國文,29,0.45
110,通過率,國文,30,0.48
110,通過率,國文,31,0.45
110,通過率,國文,32,0.48
110,通過率,國文,33,0.91
110,通過率,國文,34,0.81
110,通過率,國文,35,0.77
110,通過率,國文,36,0.73
110,通過率,國文,37,0.86
110,通過率,國文,38,0.71
110,通過率,國文,39,0.66
110,通過率,國文,40,0.85
110,通過率,國文,41,0.64
110,通過率,國文,42,0.71
110,通過率,國文,43,0.65
110,通過率,國文,44,0.42
110,通過率,國文,45,0.64
110,通過率,國文,46,0.35
110,通過率,國文,47,0.49
110,通過率,國文,48,0.43
110,通過率,英語聽力,1,0.94
110,通過率,英語聽力,2,0.86
110,通過率,英語聽力,3,0.84
110,通過率,英語聽力,4,0.87
110,通過率,英語聽力,5,0.79
110,通過率,英語聽力,6,0.8
110,通過率,英語聽力,7,0.69
110,通過率,英語聽力,8,0.68
110,通過率,英語聽力,9,0.67
110,通過率,英語聽力,10,0.65
110,通過率,英語聽力,11,0.85
110,通過率,英語聽力,12,0.81
110,通過率,英語聽力,13,0.82
110,通過率,英語聽力,14,0.8
110,通過率,英語聽力,15,0.8
110,通過率,英語聽力,16,0.7
110,通過率,英語聽力,17,0.72
110,通過率,英語聽力,18,0.63
110,通過率,英語聽力,19,0.54
110,通過率,英語聽力,20,0.61
110,通過率,英語聽力,21,0.41
110,通過率,英語,1,0.77
110,通過率,英語,2,0.84
110,通過率,英語,3,0.75
110,通過率,英語,4,0.86
110,通過率,英語,5,0.67
110,通過率,英語,6,0.73
110,通過率,英語,7,0.7
110,通過率,英語,8,0.64
110,通過率,英語,9,0.62
110,通過率,英語,10,0.47
110,通過率,英語,11,0.54
110,通過率,英語,12,0.43
110,通過率,英語,13,0.38
110,通過率,英語,14,0.41
110,通過率,英語,15,0.6
110,通過率,英語,16,0.64
110,通過率,英語,17,0.73
110,通過率,英語,18,0.69
110,通過率,英語,19,0.55
110,通過率,英語,20,0.52
110,通過率,英語,21,0.76
110,通過率,英語,22,0.57
110,通過率,英語,23,0.58
110,通過率,英語,24,0.62
110,通過率,英語,25,0.65
110,通過率,英語,26,0.54
110,通過率,英語,27,0.37
110,通過率,英語,28,0.67
110,通過率,英語,29,0.65
110,通過率,英語,30,0.45
110,通過率,英語,31,0.46
110,通過率,英語,32,0.48
110,通過率,英語,33,0.69
110,通過率,英語,34,0.61
110,通過率,英語,35,0.48
110,通過率,英語,36,0.65
110,通過率,英語,37,0.73
110,通過率,英語,38,0.57
110,通過率,英語,39,0.47
110,通過率,英語,40,0.54
110,通過率,英語,41,0.51
110,通過率,數學,1,0.88
110,通過率,數學,2,0.83
110,通過率,數學,3,0.79
110,通過率,數學,4,0.82
110,通過率,數學,5,0.8
110,通過率,數學,6,0.71
110,通過率,數學,7,0.86
110,通過率,數學,8,0.76
110,通過率,數學,9,0.77
110,通過率,數學,10,0.61
110,通過率,數學,11,0.64
110,通過率,數學,12,0.69
110,通過率,數學,13,0.65
110,通過率,數學,14,0.6
110,通過率,數學,15,0.5
110,通過率,數學,16,0.58
110,通過率,數學,17,0.48
110,通過率,數學,18,0.44
110,通過率,數學,19,0.53
110,通過率,數學,20,0.45
110,通過率,數學,21,0.47
110,通過率,數學,22,0.44
110,通過率,數學,23,0.35
110,通過率,數學,24,0.45
110,通過率,數學,25,0.27
110,通過率,數學,26,0.43
110,通過率,社會,1,0.92
110,通過率,社會,2,0.88
110,通過率,社會,3,0.79
110,通過率,社會,4,0.73
110,通過率,社會,5,0.79
110,通過率,社會,6,0.93
110,通過率,社會,7,0.81
110,通過率,社會,8,0.78
110,通過率,社會,9,0.68
110,通過率,社會,10,0.72
110,通過率,社會,11,0.81
110,通過率,社會,12,0.68
110,通過率,社會,13,0.74
110,通過率,社會,14,0.81
110,通過率,社會,15,0.51
110,通過率,社會,16,0.72
110,通過率,社會,17,0.64
110,通過率,社會,18,0.67
110,通過率,社會,19,0.58
110,通過率,社會,20,0.57
110,通過率,社會,21,0.64
110,通過率,社會,22,0.66
110,通過率,社會,23,0.62
110,通過率,社會,24,0.42
110,通過率,社會,25,0.77
110,通過率,社會,26,0.46
110,通過率,社會,27,0.64
110,通過率,社會,28,0.53
110,通過率,社會,29,0.56
110,通過率,社會,30,0.54
110,通過率,社會,31,0.49
110,通過率,社會,32,0.42
110,通過率,社會,33,0.4
110,通過率,社會,34,0.23
110,通過率,社會,35,0.65
110,通過率,社會,36,0.45
110,通過率,社會,37,0.49
110,通過率,社會,38,0.32
110,通過率,社會,39,0.45
110,通過率,社會,40,0.7
110,通過率,社會,41,0.34
110,通過率,社會,42,0.68
110,通過率,社會,43,0.39
110,通過率,社會,44,0.39
110,通過率,社會,45,0.59
110,通過率,社會,46,0.4
110,通過率,社會,47,0.9
110,通過率,社會,48,0.28
110,通過率,社會,49,0.92
110,通過率,社會,50,0.73
110,通過率,社會,51,0.7
110,通過率,社會,52,0.54
110,通過率,社會,53,0.53
110,通過率,社會,54,0.62
110,通過率,社會,55,0.41
110,通過率,社會,56,0.79
110,通過率,社會,57,0.85
110,通過率,社會,58,0.66
110,通過率,社會,59,0.43
110,通過率,社會,60,0.61
110,通過率,社會,61,0.56
110,通過率,社會,62,0.82
110,通過率,社會,63,0.87
110,通過率,自然,1,0.81
110,通過率,自然,2,0.77
110,通過率,自然,3,0.71
110,通過率,自然,4,0.81
110,通過率,自然,5,0.73
110,通過率,自然,6,0.73
110,通過率,自然,7,0.65
110,通過率,自然,8,0.78
110,通過率,自然,9,0.69
110,通過率,自然,10,0.63
110,通過率,自然,11,0.6
110,通過率,自然,12,0.62
110,通過率,自然,13,0.6
110,通過率,自然,14,0.68
110,通過率,自然,15,0.67
110,通過率,自然,16,0.65
110,通過率,自然,17,0.57
110,通過率,自然,18,0.59
110,通過率,自然,19,0.64
110,通過率,自然,20,0.56
110,通過率,自然,21,0.69
110,通過率,自然,22,0.54
110,通過率,自然,23,0.54
110,通過率,自然,24,0.47
110,通過率,自然,25,0.58
110,通過率,自然,26,0.63
110,通過率,自然,27,0.51
110,通過率,自然,28,0.7
110,通過率,自然,29,0.46
110,通過率,自然,30,0.5
110,通過率,自然,31,0.54
110,通過率,自然,32,0.48
110,通過率,自然,33,0.48
110,通過率,自然,34,0.5
110,通過率,自然,35,0.47
110,通過率,自然,36,0.52
110,通過率,自然,37,0.31
110,通過率,自然,38,0.5
110,通過率,自然,39,0.46
110,通過率,自然,40,0.42
110,通過率,自然,41,0.3
110,通過率,自然,42,0.33
110,通過率,自然,43,0.29
110,通過率,自然,44,0.36
110,通過率,自然,45,0.37
110,通過率,自然,46,0.84
110,通過率,自然,47,0.64
110,通過率,自然,48,0.74
110,通過率,自然,49,0.53
110,通過率,自然,50,0.68
110,通過率,自然,51,0.79
110,通過率,自然,52,0.64
110,通過率,自然,53,0.81
110,通過率,自然,54,0.78
110,鑑別度,國文,1,0.41
110,鑑別度,國文,2,0.44
110,鑑別度,國文,3,0.46
110,鑑別度,國文,4,0.41
110,鑑別度,國文,5,0.47
110,鑑別度,國文,6,0.41
110,鑑別度,國文,7,0.48
110,鑑別度,國文,8,0.58
110,鑑別度,國文,9,0.51
110,鑑別度,國文,10,0.52
110,鑑別度,國文,11,0.52
110,鑑別度,國文,12,0.57
110,鑑別度,國文,13,0.49
110,鑑別度,國文,14,0.55
110,鑑別度,國文,15,0.46
110,鑑別度,國文,16,0.43
110,鑑別度,國文,17,0.53
110,鑑別度,國文,18,0.54
110,鑑別度,國文,19,0.51
110,鑑別度,國文,20,0.5
110,鑑別度,國文,21,0.35
110,鑑別度,國文,22,0.49
110,鑑別度,國文,23,0.41
110,鑑別度,國文,24,0.55
110,鑑別度,國文,25,0.43
110,鑑別度,國文,26,0.52
110,鑑別度,國文,27,0.28
110,鑑別度,國文,28,0.52
110,鑑別度,國文,29,0.45
110,鑑別度,國文,30,0.49
110,鑑別度,國文,31,0.43
110,鑑別度,國文,32,0.57
110,鑑別度,國文,33,0.47
110,鑑別度,國文,34,0.45
110,鑑別度,國文,35,0.44
110,鑑別度,國文,36,0.45
110,鑑別度,國文,37,0.48
110,鑑別度,國文,38,0.53
110,鑑別度,國文,39,0.51
110,鑑別度,國文,40,0.47
110,鑑別度,國文,41,0.39
110,鑑別度,國文,42,0.54
110,鑑別度,國文,43,0.49
110,鑑別度,國文,44,0.4
110,鑑別度,國文,45,0.59
110,鑑別度,國文,46,0.47
110,鑑別度,國文,47,0.39
110,鑑別度,國文,48,0.42
110,鑑別度,英語聽力,1,0.36
110,鑑別度,英語聽力,2,0.54
110,鑑別度,英語聽力,3,0.57
110,鑑別度,英語聽力,4,0.56
110,鑑別度,英語聽力,5,0.64
110,鑑別度,英語聽力,6,0.67
110,鑑別度,英語聽力,7,0.63
110,鑑別度,英語聽力,8,0.7
110,鑑別度,英語聽力,9,0.65
110,鑑別度,英語聽力,10,0.64
110,鑑別度,英語聽力,11,0.63
110,鑑別度,英語聽力,12,0.63
110,鑑別度,英語聽力,13,0.49
110,鑑別度,英語聽力,14,0.68
110,鑑別度,英語聽力,15,0.64
110,鑑別度,英語聽力,16,0.63
110,鑑別度,英語聽力,17,0.64
110,鑑別度,英語聽力,18,0.6
110,鑑別度,英語聽力,19,0.49
110,鑑別度,英語聽力,20,0.51
110,鑑別度,英語聽力,21,0.46
110,鑑別度,英語,1,0.61
110,鑑別度,英語,2,0.5
110,鑑別度,英語,3,0.65
110,鑑別度,英語,4,0.5
110,鑑別度,英語,5,0.61
110,鑑別度,英語,6,0.63
110,鑑別度,英語,7,0.62
110,鑑別度,英語,8,0.61
110,鑑別度,英語,9,0.61
110,鑑別度,英語,10,0.59
110,鑑別度,英語,11,0.56
110,鑑別度,英語,12,0.46
110,鑑別度,英語,13,0.47
110,鑑別度,英語,14,0.49
110,鑑別度,英語,15,0.61
110,鑑別度,英語,16,0.61
110,鑑別度,英語,17,0.61
110,鑑別度,英語,18,0.64
110,鑑別度,英語,19,0.71
110,鑑別度,英語,20,0.63
110,鑑別度,英語,21,0.63
110,鑑別度,英語,22,0.65
110,鑑別度,英語,23,0.66
110,鑑別度,英語,24,0.63
110,鑑別度,英語,25,0.58
110,鑑別度,英語,26,0.67
110,鑑別度,英語,27,0.4
110,鑑別度,英語,28,0.59
110,鑑別度,英語,29,0.66
110,鑑別度,英語,30,0.54
110,鑑別度,英語,31,0.48
110,鑑別度,英語,32,0.52
110,鑑別度,英語,33,0.65
110,鑑別度,英語,34,0.65
110,鑑別度,英語,35,0.61
110,鑑別度,英語,36,0.69
110,鑑別度,英語,37,0.58
110,鑑別度,英語,38,0.51
110,鑑別度,英語,39,0.42
110,鑑別度,英語,40,0.53
110,鑑別度,英語,41,0.33
110,鑑別度,數學,1,0.46
110,鑑別度,數學,2,0.52
110,鑑別度,數學,3,0.6
110,鑑別度,數學,4,0.49
110,鑑別度,數學,5,0.52
110,鑑別度,數學,6,0.6
110,鑑別度,數學,7,0.44
110,鑑別度,數學,8,0.55
110,鑑別度,數學,9,0.53
110,鑑別度,數學,10,0.7
110,鑑別度,數學,11,0.58
110,鑑別度,數學,12,0.49
110,鑑別度,數學,13,0.57
110,鑑別度,數學,14,0.55
110,鑑別度,數學,15,0.34
110,鑑別度,數學,16,0.57
110,鑑別度,數學,17,0.54
110,鑑別度,數學,18,0.58
110,鑑別度,數學,19,0.57
110,鑑別度,數學,20,0.36
110,鑑別度,數學,21,0.57
110,鑑別度,數學,22,0.55
110,鑑別度,數學,23,0.5
110,鑑別度,數學,24,0.53
110,鑑別度,數學,25,0.31
110,鑑別度,數學,26,0.43
110,鑑別度,社會,1,0.38
110,鑑別度,社會,2,0.45
110,鑑別度,社會,3,0.41
110,鑑別度,社會,4,0.5
110,鑑別度,社會,5,0.41
110,鑑別度,社會,6,0.33
110,鑑別度,社會,7,0.55
110,鑑別度,社會,8,0.54
110,鑑別度,社會,9,0.57
110,鑑別度,社會,10,0.53
110,鑑別度,社會,11,0.44
110,鑑別度,社會,12,0.41
110,鑑別度,社會,13,0.5
110,鑑別度,社會,14,0.47
110,鑑別度,社會,15,0.31
110,鑑別度,社會,16,0.44
110,鑑別度,社會,17,0.53
110,鑑別度,社會,18,0.53
110,鑑別度,社會,19,0.53
110,鑑別度,社會,20,0.46
110,鑑別度,社會,21,0.62
110,鑑別度,社會,22,0.49
110,鑑別度,社會,23,0.54
110,鑑別度,社會,24,0.44
110,鑑別度,社會,25,0.5
110,鑑別度,社會,26,0.39
110,鑑別度,社會,27,0.5
110,鑑別度,社會,28,0.39
110,鑑別度,社會,29,0.5
110,鑑別度,社會,30,0.52
110,鑑別度,社會,31,0.42
110,鑑別度,社會,32,0.48
110,鑑別度,社會,33,0.35
110,鑑別度,社會,34,0.21
110,鑑別度,社會,35,0.53
110,鑑別度,社會,36,0.43
110,鑑別度,社會,37,0.41
110,鑑別度,社會,38,0.24
110,鑑別度,社會,39,0.41
110,鑑別度,社會,40,0.5
110,鑑別度,社會,41,0.54
110,鑑別度,社會,42,0.42
110,鑑別度,社會,43,0.35
110,鑑別度,社會,44,0.47
110,鑑別度,社會,45,0.39
110,鑑別度,社會,46,0.34
110,鑑別度,社會,47,0.35
110,鑑別度,社會,48,0.41
110,鑑別度,社會,49,0.39
110,鑑別度,社會,50,0.54
110,鑑別度,社會,51,0.48
110,鑑別度,社會,52,0.43
110,鑑別度,社會,53,0.5
110,鑑別度,社會,54,0.46
110,鑑別度,社會,55,0.38
110,鑑別度,社會,56,0.51
110,鑑別度,社會,57,0.49
110,鑑別度,社會,58,0.42
110,鑑別度,社會,59,0.38
110,鑑別度,社會,60,0.46
110,鑑別度,社會,61,0.53
110,鑑別度,社會,62,0.45
110,鑑別度,社會,63,0.47
110,鑑別度,自然,1,0.33
110,鑑別度,自然,2,0.4
110,鑑別度,自然,3,0.58
110,鑑別度,自然,4,0.48
110,鑑別度,自然,5,0.54
110,鑑別度,自然,6,0.53
110,鑑別度,自然,7,0.55
110,鑑別度,自然,8,0.53
110,鑑別度,自然,9,0.52
110,鑑別度,自然,10,0.43
110,鑑別度,自然,11,0.51
110,鑑別度,自然,12,0.48
110,鑑別度,自然,13,0.65
110,鑑別度,自然,14,0.5
110,鑑別度,自然,15,0.64
110,鑑別度,自然,16,0.36
110,鑑別度,自然,17,0.51
110,鑑別度,自然,18,0.52
110,鑑別度,自然,19,0.61
110,鑑別度,自然,20,0.58
110,鑑別度,自然,21,0.6
110,鑑別度,自然,22,0.44
110,鑑別度,自然,23,0.41
110,鑑別度,自然,24,0.59
110,鑑別度,自然,25,0.37
110,鑑別度,自然,26,0.62
110,鑑別度,自然,27,0.6
110,鑑別度,自然,28,0.52
110,鑑別度,自然,29,0.48
110,鑑別度,自然,30,0.62
110,鑑別度,自然,31,0.55
110,鑑別度,自然,32,0.58
110,鑑別度,自然,33,0.44
110,鑑別度,自然,34,0.52
110,鑑別度,自然,35,0.54
110,鑑別度,自然,36,0.6
110,鑑別度,自然,37,0.36
110,鑑別度,自然,38,0.53
110,鑑別度,自然,39,0.5
110,鑑別度,自然,40,0.56
110,鑑別度,自然,41,0.42
110,鑑別度,自然,42,0.38
110,鑑別度,自然,43,0.41
110,鑑別度,自然,44,0.41
110,鑑別度,自然,45,0.45
110,鑑別度,自然,46,0.39
110,鑑別度,自然,47,0.57
110,鑑別度,自然,48,0.48
110,鑑別度,自然,49,0.56
110,鑑別度,自然,50,0.61
110,鑑別度,自然,51,0.55
110,鑑別度,自然,52,0.57
110,鑑別度,自然,53,0.53
110,鑑別度,自然,54,0.49
109,通過率,國文,1,0.92
109,通過率,國文,2,0.91
109,通過率,國文,3,0.95
109,通過率,國文,4,0.91
109,通過率,國文,5,0.9
109,通過率,國文,6,0.87
109,通過率,國文,7,0.75
109,通過率,國文,8,0.73
109,通過率,國文,9,0.81
109,通過率,國文,10,0.7
109,通過率,國文,11,0.74
109,通過率,國文,12,0.74
109,通過率,國文,13,0.65
109,通過率,國文,14,0.74
109,通過率,國文,15,0.71
109,通過率,國文,16,0.68
109,通過率,國文,17,0.7
109,通過率,國文,18,0.65
109,通過率,國文,19,0.69
109,通過率,國文,20,0.6
109,通過率,國文,21,0.57
109,通過率,國文,22,0.49
109,通過率,國文,23,0.63
109,通過率,國文,24,0.5
109,通過率,國文,25,0.45
109,通過率,國文,26,0.55
109,通過率,國文,27,0.62
109,通過率,國文,28,0.5
109,通過率,國文,29,0.5
109,通過率,國文,30,0.48
109,通過率,國文,31,0.5
109,通過率,國文,32,0.47
109,通過率,國文,33,0.52
109,通過率,國文,34,0.25
109,通過率,國文,35,0.89
109,通過率,國文,36,0.77
109,通過率,國文,37,0.72
109,通過率,國文,38,0.78
109,通過率,國文,39,0.69
109,通過率,國文,40,0.72
109,通過率,國文,41,0.48
109,通過率,國文,42,0.54
109,通過率,國文,43,0.52
109,通過率,國文,44,0.6
109,通過率,國文,45,0.38
109,通過率,國文,46,0.64
109,通過率,國文,47,0.33
109,通過率,國文,48,0.47
109,通過率,英語,1,0.82
109,通過率,英語,2,0.69
109,通過率,英語,3,0.62
109,通過率,英語,4,0.75
109,通過率,英語,5,0.71
109,通過率,英語,6,0.83
109,通過率,英語,7,0.61
109,通過率,英語,8,0.63
109,通過率,英語,9,0.58
109,通過率,英語,10,0.6
109,通過率,英語,11,0.42
109,通過率,英語,12,0.34
109,通過率,英語,13,0.4
109,通過率,英語,14,0.43
109,通過率,英語,15,0.37
109,通過率,英語,16,0.62
109,通過率,英語,17,0.65
109,通過率,英語,18,0.58
109,通過率,英語,19,0.61
109,通過率,英語,20,0.58
109,通過率,英語,21,0.74
109,通過率,英語,22,0.76
109,通過率,英語,23,0.69
109,通過率,英語,24,0.65
109,通過率,英語,25,0.55
109,通過率,英語,26,0.63
109,通過率,英語,27,0.62
109,通過率,英語,28,0.72
109,通過率,英語,29,0.51
109,通過率,英語,30,0.46
109,通過率,英語,31,0.53
109,通過率,英語,32,0.7
109,通過率,英語,33,0.54
109,通過率,英語,34,0.54
109,通過率,英語,35,0.5
109,通過率,英語,36,0.68
109,通過率,英語,37,0.56
109,通過率,英語,38,0.49
109,通過率,英語,39,0.52
109,通過率,英語,40,0.5
109,通過率,英語,41,0.49
109,通過率,數學,1,0.9
109,通過率,數學,2,0.9
109,通過率,數學,3,0.87
109,通過率,數學,4,0.74
109,通過率,數學,5,0.76
109,通過率,數學,6,0.78
109,通過率,數學,7,0.73
109,通過率,數學,8,0.59
109,通過率,數學,9,0.78
109,通過率,數學,10,0.68
109,通過率,數學,11,0.64
109,通過率,數學,12,0.65
109,通過率,數學,13,0.65
109,通過率,數學,14,0.54
109,通過率,數學,15,0.52
109,通過率,數學,16,0.49
109,通過率,數學,17,0.47
109,通過率,數學,18,0.46
109,通過率,數學,19,0.42
109,通過率,數學,20,0.44
109,通過率,數學,21,0.33
109,通過率,數學,22,0.47
109,通過率,數學,23,0.39
109,通過率,數學,24,0.38
109,通過率,數學,25,0.45
109,通過率,數學,26,0.43
109,通過率,社會,1,0.76
109,通過率,社會,2,0.79
109,通過率,社會,3,0.73
109,通過率,社會,4,0.67
109,通過率,社會,5,0.63
109,通過率,社會,6,0.87
109,通過率,社會,7,0.7
109,通過率,社會,8,0.76
109,通過率,社會,9,0.71
109,通過率,社會,10,0.8
109,通過率,社會,11,0.91
109,通過率,社會,12,0.86
109,通過率,社會,13,0.84
109,通過率,社會,14,0.78
109,通過率,社會,15,0.7
109,通過率,社會,16,0.48
109,通過率,社會,17,0.76
109,通過率,社會,18,0.54
109,通過率,社會,19,0.46
109,通過率,社會,20,0.59
109,通過率,社會,21,0.69
109,通過率,社會,22,0.71
109,通過率,社會,23,0.61
109,通過率,社會,24,0.49
109,通過率,社會,25,0.64
109,通過率,社會,26,0.77
109,通過率,社會,27,0.68
109,通過率,社會,28,0.81
109,通過率,社會,29,0.65
109,通過率,社會,30,0.54
109,通過率,社會,31,0.56
109,通過率,社會,32,0.5
109,通過率,社會,33,0.55
109,通過率,社會,34,0.53
109,通過率,社會,35,0.56
109,通過率,社會,36,0.62
109,通過率,社會,37,0.58
109,通過率,社會,38,0.48
109,通過率,社會,39,0.65
109,通過率,社會,40,0.58
109,通過率,社會,41,0.59
109,通過率,社會,42,0.55
109,通過率,社會,43,0.43
109,通過率,社會,44,0.5
109,通過率,社會,45,0.58
109,通過率,社會,46,0.43
109,通過率,社會,47,0.42
109,通過率,社會,48,0.35
109,通過率,社會,49,0.7
109,通過率,社會,50,0.61
109,通過率,社會,51,0.68
109,通過率,社會,52,0.7
109,通過率,社會,53,0.49
109,通過率,社會,54,0.49
109,通過率,社會,55,0.63
109,通過率,社會,56,0.78
109,通過率,社會,57,0.79
109,通過率,社會,58,0.51
109,通過率,社會,59,0.6
109,通過率,社會,60,0.92
109,通過率,社會,61,0.66
109,通過率,社會,62,0.49
109,通過率,社會,63,0.47
109,通過率,自然,1,0.88
109,通過率,自然,2,0.94
109,通過率,自然,3,0.78
109,通過率,自然,4,0.71
109,通過率,自然,5,0.78
109,通過率,自然,6,0.74
109,通過率,自然,7,0.81
109,通過率,自然,8,0.77
109,通過率,自然,9,0.7
109,通過率,自然,10,0.77
109,通過率,自然,11,0.64
109,通過率,自然,12,0.65
109,通過率,自然,13,0.66
109,通過率,自然,14,0.58
109,通過率,自然,15,0.53
109,通過率,自然,16,0.69
109,通過率,自然,17,0.51
109,通過率,自然,18,0.52
109,通過率,自然,19,0.71
109,通過率,自然,20,0.65
109,通過率,自然,21,0.63
109,通過率,自然,22,0.66
109,通過率,自然,23,0.64
109,通過率,自然,24,0.54
109,通過率,自然,25,0.54
109,通過率,自然,26,0.55
109,通過率,自然,27,0.56
109,通過率,自然,28,0.6
109,通過率,自然,29,0.51
109,通過率,自然,30,0.4
109,通過率,自然,31,0.52
109,通過率,自然,32,0.45
109,通過率,自然,33,0.43
109,通過率,自然,34,0.34
109,通過率,自然,35,0.5
109,通過率,自然,36,0.43
109,通過率,自然,37,0.48
109,通過率,自然,38,0.37
109,通過率,自然,39,0.29
109,通過率,自然,40,0.44
109,通過率,自然,41,0.41
109,通過率,自然,42,0.4
109,通過率,自然,43,0.37
109,通過率,自然,44,0.29
109,通過率,自然,45,0.31
109,通過率,自然,46,0.62
109,通過率,自然,47,0.84
109,通過率,自然,48,0.53
109,通過率,自然,49,0.65
109,通過率,自然,50,0.47
109,通過率,自然,51,0.56
109,通過率,自然,52,0.38
109,通過率,自然,53,0.69
109,通過率,自然,54,0.7
109,鑑別度,國文,1,0.36
109,鑑別度,國文,2,0.32
109,鑑別度,國文,3,0.33
109,鑑別度,國文,4,0.41
109,鑑別度,國文,5,0.41
109,鑑別度,國文,6,0.49
109,鑑別度,國文,7,0.43
109,鑑別度,國文,8,0.43
109,鑑別度,國文,9,0.35
109,鑑別度,國文,10,0.43
109,鑑別度,國文,11,0.47
109,鑑別度,國文,12,0.52
109,鑑別度,國文,13,0.34
109,鑑別度,國文,14,0.51
109,鑑別度,國文,15,0.46
109,鑑別度,國文,16,0.56
109,鑑別度,國文,17,0.53
109,鑑別度,國文,18,0.49
109,鑑別度,國文,19,0.49
109,鑑別度,國文,20,0.41
109,鑑別度,國文,21,0.46
109,鑑別度,國文,22,0.42
109,鑑別度,國文,23,0.48
109,鑑別度,國文,24,0.38
109,鑑別度,國文,25,0.46
109,鑑別度,國文,26,0.35
109,鑑別度,國文,27,0.44
109,鑑別度,國文,28,0.42
109,鑑別度,國文,29,0.5
109,鑑別度,國文,30,0.36
109,鑑別度,國文,31,0.42
109,鑑別度,國文,32,0.46
109,鑑別度,國文,33,0.5
109,鑑別度,國文,34,0.15
109,鑑別度,國文,35,0.39
109,鑑別度,國文,36,0.34
109,鑑別度,國文,37,0.57
109,鑑別度,國文,38,0.52
109,鑑別度,國文,39,0.43
109,鑑別度,國文,40,0.48
109,鑑別度,國文,41,0.35
109,鑑別度,國文,42,0.46
109,鑑別度,國文,43,0.45
109,鑑別度,國文,44,0.47
109,鑑別度,國文,45,0.39
109,鑑別度,國文,46,0.39
109,鑑別度,國文,47,0.31
109,鑑別度,國文,48,0.43
109,鑑別度,英語,1,0.52
109,鑑別度,英語,2,0.59
109,鑑別度,英語,3,0.67
109,鑑別度,英語,4,0.6
109,鑑別度,英語,5,0.66
109,鑑別度,英語,6,0.53
109,鑑別度,英語,7,0.46
109,鑑別度,英語,8,0.65
109,鑑別度,英語,9,0.64
109,鑑別度,英語,10,0.65
109,鑑別度,英語,11,0.62
109,鑑別度,英語,12,0.34
109,鑑別度,英語,13,0.36
109,鑑別度,英語,14,0.56
109,鑑別度,英語,15,0.45
109,鑑別度,英語,16,0.59
109,鑑別度,英語,17,0.62
109,鑑別度,英語,18,0.69
109,鑑別度,英語,19,0.63
109,鑑別度,英語,20,0.71
109,鑑別度,英語,21,0.61
109,鑑別度,英語,22,0.58
109,鑑別度,英語,23,0.62
109,鑑別度,英語,24,0.6
109,鑑別度,英語,25,0.69
109,鑑別度,英語,26,0.73
109,鑑別度,英語,27,0.59
109,鑑別度,英語,28,0.64
109,鑑別度,英語,29,0.6
109,鑑別度,英語,30,0.49
109,鑑別度,英語,31,0.52
109,鑑別度,英語,32,0.67
109,鑑別度,英語,33,0.58
109,鑑別度,英語,34,0.54
109,鑑別度,英語,35,0.56
109,鑑別度,英語,36,0.67
109,鑑別度,英語,37,0.58
109,鑑別度,英語,38,0.58
109,鑑別度,英語,39,0.62
109,鑑別度,英語,40,0.57
109,鑑別度,英語,41,0.45
109,鑑別度,數學,1,0.41
109,鑑別度,數學,2,0.42
109,鑑別度,數學,3,0.48
109,鑑別度,數學,4,0.56
109,鑑別度,數學,5,0.61
109,鑑別度,數學,6,0.48
109,鑑別度,數學,7,0.58
109,鑑別度,數學,8,0.57
109,鑑別度,數學,9,0.53
109,鑑別度,數學,10,0.63
109,鑑別度,數學,11,0.54
109,鑑別度,數學,12,0.54
109,鑑別度,數學,13,0.5
109,鑑別度,數學,14,0.65
109,鑑別度,數學,15,0.51
109,鑑別度,數學,16,0.53
109,鑑別度,數學,17,0.59
109,鑑別度,數學,18,0.58
109,鑑別度,數學,19,0.39
109,鑑別度,數學,20,0.5
109,鑑別度,數學,21,0.31
109,鑑別度,數學,22,0.5
109,鑑別度,數學,23,0.58
109,鑑別度,數學,24,0.4
109,鑑別度,數學,25,0.51
109,鑑別度,數學,26,0.54
109,鑑別度,社會,1,0.51
109,鑑別度,社會,2,0.49
109,鑑別度,社會,3,0.45
109,鑑別度,社會,4,0.46
109,鑑別度,社會,5,0.55
109,鑑別度,社會,6,0.35
109,鑑別度,社會,7,0.46
109,鑑別度,社會,8,0.41
109,鑑別度,社會,9,0.53
109,鑑別度,社會,10,0.53
109,鑑別度,社會,11,0.43
109,鑑別度,社會,12,0.41
109,鑑別度,社會,13,0.3
109,鑑別度,社會,14,0.46
109,鑑別度,社會,15,0.53
109,鑑別度,社會,16,0.37
109,鑑別度,社會,17,0.53
109,鑑別度,社會,18,0.48
109,鑑別度,社會,19,0.41
109,鑑別度,社會,20,0.53
109,鑑別度,社會,21,0.53
109,鑑別度,社會,22,0.38
109,鑑別度,社會,23,0.45
109,鑑別度,社會,24,0.45
109,鑑別度,社會,25,0.49
109,鑑別度,社會,26,0.45
109,鑑別度,社會,27,0.32
109,鑑別度,社會,28,0.47
109,鑑別度,社會,29,0.51
109,鑑別度,社會,30,0.6
109,鑑別度,社會,31,0.54
109,鑑別度,社會,32,0.33
109,鑑別度,社會,33,0.54
109,鑑別度,社會,34,0.53
109,鑑別度,社會,35,0.62
109,鑑別度,社會,36,0.42
109,鑑別度,社會,37,0.48
109,鑑別度,社會,38,0.44
109,鑑別度,社會,39,0.53
109,鑑別度,社會,40,0.53
109,鑑別度,社會,41,0.59
109,鑑別度,社會,42,0.45
109,鑑別度,社會,43,0.46
109,鑑別度,社會,44,0.38
109,鑑別度,社會,45,0.5
109,鑑別度,社會,46,0.6
109,鑑別度,社會,47,0.41
109,鑑別度,社會,48,0.46
109,鑑別度,社會,49,0.49
109,鑑別度,社會,50,0.45
109,鑑別度,社會,51,0.58
109,鑑別度,社會,52,0.53
109,鑑別度,社會,53,0.5
109,鑑別度,社會,54,0.51
109,鑑別度,社會,55,0.51
109,鑑別度,社會,56,0.54
109,鑑別度,社會,57,0.31
109,鑑別度,社會,58,0.54
109,鑑別度,社會,59,0.67
109,鑑別度,社會,60,0.38
109,鑑別度,社會,61,0.54
109,鑑別度,社會,62,0.38
109,鑑別度,社會,63,0.41
109,鑑別度,自然,1,0.37
109,鑑別度,自然,2,0.27
109,鑑別度,自然,3,0.4
109,鑑別度,自然,4,0.5
109,鑑別度,自然,5,0.38
109,鑑別度,自然,6,0.54
109,鑑別度,自然,7,0.49
109,鑑別度,自然,8,0.45
109,鑑別度,自然,9,0.56
109,鑑別度,自然,10,0.5
109,鑑別度,自然,11,0.38
109,鑑別度,自然,12,0.43
109,鑑別度,自然,13,0.48
109,鑑別度,自然,14,0.59
109,鑑別度,自然,15,0.48
109,鑑別度,自然,16,0.59
109,鑑別度,自然,17,0.49
109,鑑別度,自然,18,0.49
109,鑑別度,自然,19,0.45
109,鑑別度,自然,20,0.55
109,鑑別度,自然,21,0.55
109,鑑別度,自然,22,0.63
109,鑑別度,自然,23,0.59
109,鑑別度,自然,24,0.37
109,鑑別度,自然,25,0.57
109,鑑別度,自然,26,0.55
109,鑑別度,自然,27,0.55
109,鑑別度,自然,28,0.62
109,鑑別度,自然,29,0.62
109,鑑別度,自然,30,0.48
109,鑑別度,自然,31,0.45
109,鑑別度,自然,32,0.56
109,鑑別度,自然,33,0.49
109,鑑別度,自然,34,0.52
109,鑑別度,自然,35,0.61
109,鑑別度,自然,36,0.5
109,鑑別度,自然,37,0.58
109,鑑別度,自然,38,0.32
109,鑑別度,自然,39,0.43
109,鑑別度,自然,40,0.54
109,鑑別度,自然,41,0.67
109,鑑別度,自然,42,0.43
109,鑑別度,自然,43,0.57
109,鑑別度,自然,44,0.29
109,鑑別度,自然,45,0.32
109,鑑別度,自然,46,0.47
109,鑑別度,自然,47,0.44
109,鑑別度,自然,48,0.47
109,鑑別度,自然,49,0.56
109,鑑別度,自然,50,0.52
109,鑑別度,自然,51,0.51
109,鑑別度,自然,52,0.18
109,鑑別度,自然,53,0.41
109,鑑別度,自然,54,0.52
108,通過率,國文,1,0.92
108,通過率,國文,2,0.88
108,通過率,國文,3,0.77
108,通過率,國文,4,0.9
108,通過率,國文,5,0.79
108,通過率,國文,6,0.79
108,通過率,國文,7,0.73
108,通過率,國文,8,0.76
108,通過率,國文,9,0.8
108,通過率,國文,10,0.64
108,通過率,國文,11,0.75
108,通過率,國文,12,0.78
108,通過率,國文,13,0.7
108,通過率,國文,14,0.82
108,通過率,國文,15,0.67
108,通過率,國文,16,0.61
108,通過率,國文,17,0.68
108,通過率,國文,18,0.74
108,通過率,國文,19,0.68
108,通過率,國文,20,0.69
108,通過率,國文,21,0.53
108,通過率,國文,22,0.57
108,通過率,國文,23,0.53
108,通過率,國文,24,0.57
108,通過率,國文,25,0.46
108,通過率,國文,26,0.55
108,通過率,國文,27,0.41
108,通過率,國文,28,0.55
108,通過率,國文,29,0.56
108,通過率,國文,30,0.43
108,通過率,國文,31,0.54
108,通過率,國文,32,0.5
108,通過率,國文,33,0.41
108,通過率,國文,34,0.32
108,通過率,國文,35,0.68
108,通過率,國文,36,0.5
108,通過率,國文,37,0.71
108,通過率,國文,38,0.66
108,通過率,國文,39,0.52
108,通過率,國文,40,0.72
108,通過率,國文,41,0.64
108,通過率,國文,42,0.69
108,通過率,國文,43,0.61
108,通過率,國文,44,0.58
108,通過率,國文,45,0.62
108,通過率,國文,46,0.64
108,通過率,國文,47,0.39
108,通過率,國文,48,0.39
108,通過率,英語聽力,1,0.86
108,通過率,英語聽力,2,0.89
108,通過率,英語聽力,3,0.73
108,通過率,英語聽力,4,0.84
108,通過率,英語聽力,5,0.78
108,通過率,英語聽力,6,0.73
108,通過率,英語聽力,7,0.76
108,通過率,英語聽力,8,0.79
108,通過率,英語聽力,9,0.82
108,通過率,英語聽力,10,0.72
108,通過率,英語聽力,11,0.88
108,通過率,英語聽力,12,0.85
108,通過率,英語聽力,13,0.78
108,通過率,英語聽力,14,0.72
108,通過率,英語聽力,15,0.62
108,通過率,英語聽力,16,0.67
108,通過率,英語聽力,17,0.68
108,通過率,英語聽力,18,0.63
108,通過率,英語聽力,19,0.62
108,通過率,英語聽力,20,0.53
108,通過率,英語聽力,21,0.46
108,通過率,英語,1,0.72
108,通過率,英語,2,0.82
108,通過率,英語,3,0.62
108,通過率,英語,4,0.6
108,通過率,英語,5,0.78
108,通過率,英語,6,0.76
108,通過率,英語,7,0.74
108,通過率,英語,8,0.68
108,通過率,英語,9,0.52
108,通過率,英語,10,0.56
108,通過率,英語,11,0.42
108,通過率,英語,12,0.69
108,通過率,英語,13,0.44
108,通過率,英語,14,0.53
108,通過率,英語,15,0.3
108,通過率,英語,16,0.71
108,通過率,英語,17,0.68
108,通過率,英語,18,0.66
108,通過率,英語,19,0.77
108,通過率,英語,20,0.56
108,通過率,英語,21,0.68
108,通過率,英語,22,0.65
108,通過率,英語,23,0.61
108,通過率,英語,24,0.49
108,通過率,英語,25,0.58
108,通過率,英語,26,0.52
108,通過率,英語,27,0.63
108,通過率,英語,28,0.43
108,通過率,英語,29,0.62
108,通過率,英語,30,0.61
108,通過率,英語,31,0.58
108,通過率,英語,32,0.61
108,通過率,英語,33,0.5
108,通過率,英語,34,0.35
108,通過率,英語,35,0.44
108,通過率,英語,36,0.55
108,通過率,英語,37,0.64
108,通過率,英語,38,0.55
108,通過率,英語,39,0.59
108,通過率,英語,40,0.56
108,通過率,英語,41,0.53
108,通過率,數學,1,0.83
108,通過率,數學,2,0.78
108,通過率,數學,3,0.81
108,通過率,數學,4,0.81
108,通過率,數學,5,0.82
108,通過率,數學,6,0.71
108,通過率,數學,7,0.74
108,通過率,數學,8,0.69
108,通過率,數學,9,0.71
108,通過率,數學,10,0.65
108,通過率,數學,11,0.68
108,通過率,數學,12,0.65
108,通過率,數學,13,0.57
108,通過率,數學,14,0.63
108,通過率,數學,15,0.57
108,通過率,數學,16,0.61
108,通過率,數學,17,0.41
108,通過率,數學,18,0.55
108,通過率,數學,19,0.43
108,通過率,數學,20,0.45
108,通過率,數學,21,0.42
108,通過率,數學,22,0.43
108,通過率,數學,23,0.46
108,通過率,數學,24,0.45
108,通過率,數學,25,0.35
108,通過率,數學,26,0.4
108,通過率,社會,1,0.92
108,通過率,社會,2,0.85
108,通過率,社會,3,0.79
108,通過率,社會,4,0.64
108,通過率,社會,5,0.65
108,通過率,社會,6,0.7
108,通過率,社會,7,0.76
108,通過率,社會,8,0.69
108,通過率,社會,9,0.77
108,通過率,社會,10,0.83
108,通過率,社會,11,0.69
108,通過率,社會,12,0.82
108,通過率,社會,13,0.78
108,通過率,社會,14,0.75
108,通過率,社會,15,0.74
108,通過率,社會,16,0.63
108,通過率,社會,17,0.73
108,通過率,社會,18,0.64
108,通過率,社會,19,0.44
108,通過率,社會,20,0.55
108,通過率,社會,21,0.83
108,通過率,社會,22,0.6
108,通過率,社會,23,0.69
108,通過率,社會,24,0.64
108,通過率,社會,25,0.47
108,通過率,社會,26,0.76
108,通過率,社會,27,0.62
108,通過率,社會,28,0.64
108,通過率,社會,29,0.48
108,通過率,社會,30,0.54
108,通過率,社會,31,0.54
108,通過率,社會,32,0.58
108,通過率,社會,33,0.51
108,通過率,社會,34,0.57
108,通過率,社會,35,0.6
108,通過率,社會,36,0.71
108,通過率,社會,37,0.59
108,通過率,社會,38,0.48
108,通過率,社會,39,0.62
108,通過率,社會,40,0.43
108,通過率,社會,41,0.51
108,通過率,社會,42,0.48
108,通過率,社會,43,0.47
108,通過率,社會,44,0.4
108,通過率,社會,45,0.34
108,通過率,社會,46,0.56
108,通過率,社會,47,0.93
108,通過率,社會,48,0.8
108,通過率,社會,49,0.73
108,通過率,社會,50,0.59
108,通過率,社會,51,0.54
108,通過率,社會,52,0.36
108,通過率,社會,53,0.41
108,通過率,社會,54,0.68
108,通過率,社會,55,0.89
108,通過率,社會,56,0.74
108,通過率,社會,57,0.59
108,通過率,社會,58,0.52
108,通過率,社會,59,0.55
108,通過率,社會,60,0.82
108,通過率,社會,61,0.78
108,通過率,社會,62,0.55
108,通過率,社會,63,0.6
108,通過率,自然,1,0.84
108,通過率,自然,2,0.86
108,通過率,自然,3,0.82
108,通過率,自然,4,0.78
108,通過率,自然,5,0.7
108,通過率,自然,6,0.71
108,通過率,自然,7,0.82
108,通過率,自然,8,0.74
108,通過率,自然,9,0.63
108,通過率,自然,10,0.6
108,通過率,自然,11,0.79
108,通過率,自然,12,0.74
108,通過率,自然,13,0.72
108,通過率,自然,14,0.66
108,通過率,自然,15,0.66
108,通過率,自然,16,0.65
108,通過率,自然,17,0.69
108,通過率,自然,18,0.65
108,通過率,自然,19,0.6
108,通過率,自然,20,0.69
108,通過率,自然,21,0.55
108,通過率,自然,22,0.59
108,通過率,自然,23,0.61
108,通過率,自然,24,0.64
108,通過率,自然,25,0.68
108,通過率,自然,26,0.58
108,通過率,自然,27,0.56
108,通過率,自然,28,0.56
108,通過率,自然,29,0.47
108,通過率,自然,30,0.75
108,通過率,自然,31,0.53
108,通過率,自然,32,0.5
108,通過率,自然,33,0.48
108,通過率,自然,34,0.5
108,通過率,自然,35,0.38
108,通過率,自然,36,0.47
108,通過率,自然,37,0.55
108,通過率,自然,38,0.48
108,通過率,自然,39,0.4
108,通過率,自然,40,0.34
108,通過率,自然,41,0.48
108,通過率,自然,42,0.46
108,通過率,自然,43,0.44
108,通過率,自然,44,0.35
108,通過率,自然,45,0.42
108,通過率,自然,46,0.33
108,通過率,自然,47,0.63
108,通過率,自然,48,0.4
108,通過率,自然,49,0.39
108,通過率,自然,50,0.43
108,通過率,自然,51,0.76
108,通過率,自然,52,0.45
108,通過率,自然,53,0.28
108,通過率,自然,54,0.44
108,鑑別度,國文,1,0.38
108,鑑別度,國文,2,0.5
108,鑑別度,國文,3,0.46
108,鑑別度,國文,4,0.43
108,鑑別度,國文,5,0.43
108,鑑別度,國文,6,0.51
108,鑑別度,國文,7,0.38
108,鑑別度,國文,8,0.46
108,鑑別度,國文,9,0.39
108,鑑別度,國文,10,0.54
108,鑑別度,國文,11,0.45
108,鑑別度,國文,12,0.49
108,鑑別度,國文,13,0.48
108,鑑別度,國文,14,0.48
108,鑑別度,國文,15,0.56
108,鑑別度,國文,16,0.53
108,鑑別度,國文,17,0.57
108,鑑別度,國文,18,0.47
108,鑑別度,國文,19,0.51
108,鑑別度,國文,20,0.46
108,鑑別度,國文,21,0.53
108,鑑別度,國文,22,0.5
108,鑑別度,國文,23,0.46
108,鑑別度,國文,24,0.38
108,鑑別度,國文,25,0.41
108,鑑別度,國文,26,0.43
108,鑑別度,國文,27,0.28
108,鑑別度,國文,28,0.57
108,鑑別度,國文,29,0.33
108,鑑別度,國文,30,0.28
108,鑑別度,國文,31,0.47
108,鑑別度,國文,32,0.45
108,鑑別度,國文,33,0.46
108,鑑別度,國文,34,0.38
108,鑑別度,國文,35,0.53
108,鑑別度,國文,36,0.31
108,鑑別度,國文,37,0.57
108,鑑別度,國文,38,0.46
108,鑑別度,國文,39,0.53
108,鑑別度,國文,40,0.55
108,鑑別度,國文,41,0.57
108,鑑別度,國文,42,0.54
108,鑑別度,國文,43,0.43
108,鑑別度,國文,44,0.43
108,鑑別度,國文,45,0.52
108,鑑別度,國文,46,0.51
108,鑑別度,國文,47,0.39
108,鑑別度,國文,48,0.29
108,鑑別度,英語聽力,1,0.56
108,鑑別度,英語聽力,2,0.44
108,鑑別度,英語聽力,3,0.68
108,鑑別度,英語聽力,4,0.58
108,鑑別度,英語聽力,5,0.7
108,鑑別度,英語聽力,6,0.66
108,鑑別度,英語聽力,7,0.68
108,鑑別度,英語聽力,8,0.66
108,鑑別度,英語聽力,9,0.58
108,鑑別度,英語聽力,10,0.69
108,鑑別度,英語聽力,11,0.55
108,鑑別度,英語聽力,12,0.52
108,鑑別度,英語聽力,13,0.64
108,鑑別度,英語聽力,14,0.68
108,鑑別度,英語聽力,15,0.7
108,鑑別度,英語聽力,16,0.53
108,鑑別度,英語聽力,17,0.66
108,鑑別度,英語聽力,18,0.61
108,鑑別度,英語聽力,19,0.56
108,鑑別度,英語聽力,20,0.56
108,鑑別度,英語聽力,21,0.45
108,鑑別度,英語,1,0.52
108,鑑別度,英語,2,0.51
108,鑑別度,英語,3,0.61
108,鑑別度,英語,4,0.53
108,鑑別度,英語,5,0.57
108,鑑別度,英語,6,0.58
108,鑑別度,英語,7,0.54
108,鑑別度,英語,8,0.65
108,鑑別度,英語,9,0.58
108,鑑別度,英語,10,0.52
108,鑑別度,英語,11,0.52
108,鑑別度,英語,12,0.72
108,鑑別度,英語,13,0.52
108,鑑別度,英語,14,0.61
108,鑑別度,英語,15,0.44
108,鑑別度,英語,16,0.64
108,鑑別度,英語,17,0.61
108,鑑別度,英語,18,0.69
108,鑑別度,英語,19,0.59
108,鑑別度,英語,20,0.69
108,鑑別度,英語,21,0.69
108,鑑別度,英語,22,0.65
108,鑑別度,英語,23,0.66
108,鑑別度,英語,24,0.61
108,鑑別度,英語,25,0.63
108,鑑別度,英語,26,0.62
108,鑑別度,英語,27,0.61
108,鑑別度,英語,28,0.44
108,鑑別度,英語,29,0.67
108,鑑別度,英語,30,0.6
108,鑑別度,英語,31,0.7
108,鑑別度,英語,32,0.65
108,鑑別度,英語,33,0.5
108,鑑別度,英語,34,0.33
108,鑑別度,英語,35,0.42
108,鑑別度,英語,36,0.58
108,鑑別度,英語,37,0.62
108,鑑別度,英語,38,0.71
108,鑑別度,英語,39,0.51
108,鑑別度,英語,40,0.58
108,鑑別度,英語,41,0.63
108,鑑別度,數學,1,0.61
108,鑑別度,數學,2,0.53
108,鑑別度,數學,3,0.65
108,鑑別度,數學,4,0.56
108,鑑別度,數學,5,0.61
108,鑑別度,數學,6,0.62
108,鑑別度,數學,7,0.57
108,鑑別度,數學,8,0.7
108,鑑別度,數學,9,0.55
108,鑑別度,數學,10,0.46
108,鑑別度,數學,11,0.53
108,鑑別度,數學,12,0.44
108,鑑別度,數學,13,0.63
108,鑑別度,數學,14,0.53
108,鑑別度,數學,15,0.55
108,鑑別度,數學,16,0.56
108,鑑別度,數學,17,0.52
108,鑑別度,數學,18,0.44
108,鑑別度,數學,19,0.54
108,鑑別度,數學,20,0.33
108,鑑別度,數學,21,0.6
108,鑑別度,數學,22,0.44
108,鑑別度,數學,23,0.36
108,鑑別度,數學,24,0.37
108,鑑別度,數學,25,0.4
108,鑑別度,數學,26,0.32
108,鑑別度,社會,1,0.32
108,鑑別度,社會,2,0.43
108,鑑別度,社會,3,0.49
108,鑑別度,社會,4,0.64
108,鑑別度,社會,5,0.53
108,鑑別度,社會,6,0.47
108,鑑別度,社會,7,0.41
108,鑑別度,社會,8,0.64
108,鑑別度,社會,9,0.54
108,鑑別度,社會,10,0.46
108,鑑別度,社會,11,0.57
108,鑑別度,社會,12,0.4
108,鑑別度,社會,13,0.5
108,鑑別度,社會,14,0.47
108,鑑別度,社會,15,0.38
108,鑑別度,社會,16,0.51
108,鑑別度,社會,17,0.45
108,鑑別度,社會,18,0.47
108,鑑別度,社會,19,0.3
108,鑑別度,社會,20,0.51
108,鑑別度,社會,21,0.55
108,鑑別度,社會,22,0.52
108,鑑別度,社會,23,0.51
108,鑑別度,社會,24,0.59
108,鑑別度,社會,25,0.38
108,鑑別度,社會,26,0.29
108,鑑別度,社會,27,0.61
108,鑑別度,社會,28,0.55
108,鑑別度,社會,29,0.57
108,鑑別度,社會,30,0.58
108,鑑別度,社會,31,0.54
108,鑑別度,社會,32,0.61
108,鑑別度,社會,33,0.47
108,鑑別度,社會,34,0.52
108,鑑別度,社會,35,0.53
108,鑑別度,社會,36,0.59
108,鑑別度,社會,37,0.51
108,鑑別度,社會,38,0.54
108,鑑別度,社會,39,0.56
108,鑑別度,社會,40,0.34
108,鑑別度,社會,41,0.62
108,鑑別度,社會,42,0.61
108,鑑別度,社會,43,0.45
108,鑑別度,社會,44,0.47
108,鑑別度,社會,45,0.35
108,鑑別度,社會,46,0.4
108,鑑別度,社會,47,0.39
108,鑑別度,社會,48,0.5
108,鑑別度,社會,49,0.59
108,鑑別度,社會,50,0.55
108,鑑別度,社會,51,0.38
108,鑑別度,社會,52,0.45
108,鑑別度,社會,53,0.41
108,鑑別度,社會,54,0.55
108,鑑別度,社會,55,0.44
108,鑑別度,社會,56,0.41
108,鑑別度,社會,57,0.54
108,鑑別度,社會,58,0.4
108,鑑別度,社會,59,0.4
108,鑑別度,社會,60,0.4
108,鑑別度,社會,61,0.48
108,鑑別度,社會,62,0.63
108,鑑別度,社會,63,0.63
108,鑑別度,自然,1,0.49
108,鑑別度,自然,2,0.28
108,鑑別度,自然,3,0.4
108,鑑別度,自然,4,0.49
108,鑑別度,自然,5,0.51
108,鑑別度,自然,6,0.52
108,鑑別度,自然,7,0.48
108,鑑別度,自然,8,0.5
108,鑑別度,自然,9,0.5
108,鑑別度,自然,10,0.49
108,鑑別度,自然,11,0.47
108,鑑別度,自然,12,0.47
108,鑑別度,自然,13,0.5
108,鑑別度,自然,14,0.56
108,鑑別度,自然,15,0.61
108,鑑別度,自然,16,0.53
108,鑑別度,自然,17,0.51
108,鑑別度,自然,18,0.54
108,鑑別度,自然,19,0.5
108,鑑別度,自然,20,0.58
108,鑑別度,自然,21,0.51
108,鑑別度,自然,22,0.62
108,鑑別度,自然,23,0.45
108,鑑別度,自然,24,0.49
108,鑑別度,自然,25,0.55
108,鑑別度,自然,26,0.46
108,鑑別度,自然,27,0.33
108,鑑別度,自然,28,0.6
108,鑑別度,自然,29,0.47
108,鑑別度,自然,30,0.55
108,鑑別度,自然,31,0.51
108,鑑別度,自然,32,0.44
108,鑑別度,自然,33,0.51
108,鑑別度,自然,34,0.5
108,鑑別度,自然,35,0.36
108,鑑別度,自然,36,0.6
108,鑑別度,自然,37,0.5
108,鑑別度,自然,38,0.35
108,鑑別度,自然,39,0.35
108,鑑別度,自然,40,0.35
108,鑑別度,自然,41,0.5
108,鑑別度,自然,42,0.5
108,鑑別度,自然,43,0.42
108,鑑別度,自然,44,0.45
108,鑑別度,自然,45,0.53
108,鑑別度,自然,46,0.44
108,鑑別度,自然,47,0.57
108,鑑別度,自然,48,0.27
108,鑑別度,自然,49,0.48
108,鑑別度,自然,50,0.41
108,鑑別度,自然,51,0.49
108,鑑別度,自然,52,0.43
108,鑑別度,自然,53,0.34
108,鑑別度,自然,54,0.36
107,通過率,國文,1,0.9
107,通過率,國文,2,0.83
107,通過率,國文,3,0.7
107,通過率,國文,4,0.9
107,通過率,國文,5,0.8
107,通過率,國文,6,0.66
107,通過率,國文,7,0.72
107,通過率,國文,8,0.71
107,通過率,國文,9,0.73
107,通過率,國文,10,0.75
107,通過率,國文,11,0.66
107,通過率,國文,12,0.77
107,通過率,國文,13,0.66
107,通過率,國文,14,0.69
107,通過率,國文,15,0.55
107,通過率,國文,16,0.66
107,通過率,國文,17,0.59
107,通過率,國文,18,0.65
107,通過率,國文,19,0.69
107,通過率,國文,20,0.7
107,通過率,國文,21,0.51
107,通過率,國文,22,0.54
107,通過率,國文,23,0.47
107,通過率,國文,24,0.45
107,通過率,國文,25,0.43
107,通過率,國文,26,0.35
107,通過率,國文,27,0.44
107,通過率,國文,28,0.49
107,通過率,國文,29,0.46
107,通過率,國文,30,0.49
107,通過率,國文,31,0.51
107,通過率,國文,32,0.39
107,通過率,國文,33,0.24
107,通過率,國文,34,0.69
107,通過率,國文,35,0.89
107,通過率,國文,36,0.69
107,通過率,國文,37,0.85
107,通過率,國文,38,0.67
107,通過率,國文,39,0.67
107,通過率,國文,40,0.87
107,通過率,國文,41,0.51
107,通過率,國文,42,0.84
107,通過率,國文,43,0.68
107,通過率,國文,44,0.67
107,通過率,國文,45,0.42
107,通過率,國文,46,0.53
107,通過率,國文,47,0.47
107,通過率,國文,48,0.68
107,通過率,英語聽力,1,0.84
107,通過率,英語聽力,2,0.8
107,通過率,英語聽力,3,0.76
107,通過率,英語聽力,4,0.81
107,通過率,英語聽力,5,0.73
107,通過率,英語聽力,6,0.73
107,通過率,英語聽力,7,0.74
107,通過率,英語聽力,8,0.85
107,通過率,英語聽力,9,0.68
107,通過率,英語聽力,10,0.67
107,通過率,英語聽力,11,0.77
107,通過率,英語聽力,12,0.76
107,通過率,英語聽力,13,0.82
107,通過率,英語聽力,14,0.78
107,通過率,英語聽力,15,0.83
107,通過率,英語聽力,16,0.68
107,通過率,英語聽力,17,0.65
107,通過率,英語聽力,18,0.55
107,通過率,英語聽力,19,0.53
107,通過率,英語聽力,20,0.75
107,通過率,英語聽力,21,0.56
107,通過率,英語,1,0.8
107,通過率,英語,2,0.7
107,通過率,英語,3,0.74
107,通過率,英語,4,0.62
107,通過率,英語,5,0.74
107,通過率,英語,6,0.74
107,通過率,英語,7,0.68
107,通過率,英語,8,0.56
107,通過率,英語,9,0.72
107,通過率,英語,10,0.67
107,通過率,英語,11,0.67
107,通過率,英語,12,0.63
107,通過率,英語,13,0.37
107,通過率,英語,14,0.35
107,通過率,英語,15,0.22
107,通過率,英語,16,0.51
107,通過率,英語,17,0.61
107,通過率,英語,18,0.64
107,通過率,英語,19,0.44
107,通過率,英語,20,0.3
107,通過率,英語,21,0.64
107,通過率,英語,22,0.6
107,通過率,英語,23,0.55
107,通過率,英語,24,0.59
107,通過率,英語,25,0.65
107,通過率,英語,26,0.69
107,通過率,英語,27,0.74
107,通過率,英語,28,0.63
107,通過率,英語,29,0.59
107,通過率,英語,30,0.44
107,通過率,英語,31,0.69
107,通過率,英語,32,0.55
107,通過率,英語,33,0.53
107,通過率,英語,34,0.56
107,通過率,英語,35,0.56
107,通過率,英語,36,0.4
107,通過率,英語,37,0.51
107,通過率,英語,38,0.41
107,通過率,英語,39,0.39
107,通過率,英語,40,0.52
107,通過率,英語,41,0.43
107,通過率,數學,1,0.92
107,通過率,數學,2,0.75
107,通過率,數學,3,0.8
107,通過率,數學,4,0.79
107,通過率,數學,5,0.71
107,通過率,數學,6,0.73
107,通過率,數學,7,0.62
107,通過率,數學,8,0.65
107,通過率,數學,9,0.71
107,通過率,數學,10,0.69
107,通過率,數學,11,0.66
107,通過率,數學,12,0.58
107,通過率,數學,13,0.5
107,通過率,數學,14,0.49
107,通過率,數學,15,0.62
107,通過率,數學,16,0.53
107,通過率,數學,17,0.59
107,通過率,數學,18,0.48
107,通過率,數學,19,0.61
107,通過率,數學,20,0.44
107,通過率,數學,21,0.38
107,通過率,數學,22,0.42
107,通過率,數學,23,0.51
107,通過率,數學,24,0.37
107,通過率,數學,25,0.37
107,通過率,數學,26,0.32
107,通過率,社會,1,0.71
107,通過率,社會,2,0.86
107,通過率,社會,3,0.7
107,通過率,社會,4,0.71
107,通過率,社會,5,0.69
107,通過率,社會,6,0.85
107,通過率,社會,7,0.77
107,通過率,社會,8,0.78
107,通過率,社會,9,0.76
107,通過率,社會,10,0.68
107,通過率,社會,11,0.93
107,通過率,社會,12,0.88
107,通過率,社會,13,0.75
107,通過率,社會,14,0.75
107,通過率,社會,15,0.74
107,通過率,社會,16,0.64
107,通過率,社會,17,0.57
107,通過率,社會,18,0.43
107,通過率,社會,19,0.57
107,通過率,社會,20,0.52
107,通過率,社會,21,0.66
107,通過率,社會,22,0.73
107,通過率,社會,23,0.62
107,通過率,社會,24,0.6
107,通過率,社會,25,0.49
107,通過率,社會,26,0.75
107,通過率,社會,27,0.61
107,通過率,社會,28,0.58
107,通過率,社會,29,0.59
107,通過率,社會,30,0.5
107,通過率,社會,31,0.55
107,通過率,社會,32,0.52
107,通過率,社會,33,0.49
107,通過率,社會,34,0.51
107,通過率,社會,35,0.45
107,通過率,社會,36,0.52
107,通過率,社會,37,0.45
107,通過率,社會,38,0.51
107,通過率,社會,39,0.31
107,通過率,社會,40,0.55
107,通過率,社會,41,0.42
107,通過率,社會,42,0.46
107,通過率,社會,43,0.58
107,通過率,社會,44,0.41
107,通過率,社會,45,0.58
107,通過率,社會,46,0.79
107,通過率,社會,47,0.86
107,通過率,社會,48,0.64
107,通過率,社會,49,0.61
107,通過率,社會,50,0.68
107,通過率,社會,51,0.61
107,通過率,社會,52,0.54
107,通過率,社會,53,0.54
107,通過率,社會,54,0.48
107,通過率,社會,55,0.45
107,通過率,社會,56,0.36
107,通過率,社會,57,0.54
107,通過率,社會,58,0.51
107,通過率,社會,59,0.8
107,通過率,社會,60,0.49
107,通過率,社會,61,0.68
107,通過率,社會,62,0.79
107,通過率,社會,63,0.79
107,通過率,自然,1,0.85
107,通過率,自然,2,0.87
107,通過率,自然,3,0.88
107,通過率,自然,4,0.82
107,通過率,自然,5,0.73
107,通過率,自然,6,0.72
107,通過率,自然,7,0.69
107,通過率,自然,8,0.86
107,通過率,自然,9,0.84
107,通過率,自然,10,0.66
107,通過率,自然,11,0.69
107,通過率,自然,12,0.71
107,通過率,自然,13,0.66
107,通過率,自然,14,0.56
107,通過率,自然,15,0.57
107,通過率,自然,16,0.6
107,通過率,自然,17,0.69
107,通過率,自然,18,0.71
107,通過率,自然,19,0.63
107,通過率,自然,20,0.61
107,通過率,自然,21,0.51
107,通過率,自然,22,0.51
107,通過率,自然,23,0.57
107,通過率,自然,24,0.59
107,通過率,自然,25,0.55
107,通過率,自然,26,0.58
107,通過率,自然,27,0.61
107,通過率,自然,28,0.44
107,通過率,自然,29,0.45
107,通過率,自然,30,0.62
107,通過率,自然,31,0.58
107,通過率,自然,32,0.47
107,通過率,自然,33,0.46
107,通過率,自然,34,0.37
107,通過率,自然,35,0.47
107,通過率,自然,36,0.35
107,通過率,自然,37,0.45
107,通過率,自然,38,0.36
107,通過率,自然,39,0.56
107,通過率,自然,40,0.38
107,通過率,自然,41,0.4
107,通過率,自然,42,0.5
107,通過率,自然,43,0.27
107,通過率,自然,44,0.37
107,通過率,自然,45,0.48
107,通過率,自然,46,0.27
107,通過率,自然,47,0.4
107,通過率,自然,48,0.31
107,通過率,自然,49,0.9
107,通過率,自然,50,0.51
107,通過率,自然,51,0.42
107,通過率,自然,52,0.5
107,通過率,自然,53,0.64
107,通過率,自然,54,0.39
107,鑑別度,國文,1,0.3
107,鑑別度,國文,2,0.49
107,鑑別度,國文,3,0.46
107,鑑別度,國文,4,0.39
107,鑑別度,國文,5,0.55
107,鑑別度,國文,6,0.43
107,鑑別度,國文,7,0.54
107,鑑別度,國文,8,0.43
107,鑑別度,國文,9,0.51
107,鑑別度,國文,10,0.37
107,鑑別度,國文,11,0.28
107,鑑別度,國文,12,0.45
107,鑑別度,國文,13,0.46
107,鑑別度,國文,14,0.52
107,鑑別度,國文,15,0.45
107,鑑別度,國文,16,0.44
107,鑑別度,國文,17,0.42
107,鑑別度,國文,18,0.52
107,鑑別度,國文,19,0.45
107,鑑別度,國文,20,0.55
107,鑑別度,國文,21,0.37
107,鑑別度,國文,22,0.45
107,鑑別度,國文,23,0.31
107,鑑別度,國文,24,0.39
107,鑑別度,國文,25,0.25
107,鑑別度,國文,26,0.32
107,鑑別度,國文,27,0.46
107,鑑別度,國文,28,0.41
107,鑑別度,國文,29,0.27
107,鑑別度,國文,30,0.37
107,鑑別度,國文,31,0.43
107,鑑別度,國文,32,0.27
107,鑑別度,國文,33,0.25
107,鑑別度,國文,34,0.51
107,鑑別度,國文,35,0.43
107,鑑別度,國文,36,0.54
107,鑑別度,國文,37,0.48
107,鑑別度,國文,38,0.53
107,鑑別度,國文,39,0.45
107,鑑別度,國文,40,0.52
107,鑑別度,國文,41,0.47
107,鑑別度,國文,42,0.5
107,鑑別度,國文,43,0.5
107,鑑別度,國文,44,0.51
107,鑑別度,國文,45,0.39
107,鑑別度,國文,46,0.5
107,鑑別度,國文,47,0.52
107,鑑別度,國文,48,0.54
107,鑑別度,英語聽力,1,0.48
107,鑑別度,英語聽力,2,0.54
107,鑑別度,英語聽力,3,0.52
107,鑑別度,英語聽力,4,0.59
107,鑑別度,英語聽力,5,0.66
107,鑑別度,英語聽力,6,0.7
107,鑑別度,英語聽力,7,0.68
107,鑑別度,英語聽力,8,0.57
107,鑑別度,英語聽力,9,0.69
107,鑑別度,英語聽力,10,0.66
107,鑑別度,英語聽力,11,0.62
107,鑑別度,英語聽力,12,0.67
107,鑑別度,英語聽力,13,0.55
107,鑑別度,英語聽力,14,0.63
107,鑑別度,英語聽力,15,0.61
107,鑑別度,英語聽力,16,0.6
107,鑑別度,英語聽力,17,0.66
107,鑑別度,英語聽力,18,0.34
107,鑑別度,英語聽力,19,0.58
107,鑑別度,英語聽力,20,0.57
107,鑑別度,英語聽力,21,0.56
107,鑑別度,英語,1,0.53
107,鑑別度,英語,2,0.66
107,鑑別度,英語,3,0.55
107,鑑別度,英語,4,0.55
107,鑑別度,英語,5,0.65
107,鑑別度,英語,6,0.64
107,鑑別度,英語,7,0.66
107,鑑別度,英語,8,0.61
107,鑑別度,英語,9,0.61
107,鑑別度,英語,10,0.61
107,鑑別度,英語,11,0.51
107,鑑別度,英語,12,0.58
107,鑑別度,英語,13,0.35
107,鑑別度,英語,14,0.43
107,鑑別度,英語,15,0.26
107,鑑別度,英語,16,0.56
107,鑑別度,英語,17,0.58
107,鑑別度,英語,18,0.64
107,鑑別度,英語,19,0.54
107,鑑別度,英語,20,0.43
107,鑑別度,英語,21,0.7
107,鑑別度,英語,22,0.64
107,鑑別度,英語,23,0.57
107,鑑別度,英語,24,0.54
107,鑑別度,英語,25,0.56
107,鑑別度,英語,26,0.6
107,鑑別度,英語,27,0.63
107,鑑別度,英語,28,0.56
107,鑑別度,英語,29,0.68
107,鑑別度,英語,30,0.5
107,鑑別度,英語,31,0.64
107,鑑別度,英語,32,0.59
107,鑑別度,英語,33,0.59
107,鑑別度,英語,34,0.64
107,鑑別度,英語,35,0.54
107,鑑別度,英語,36,0.44
107,鑑別度,英語,37,0.55
107,鑑別度,英語,38,0.5
107,鑑別度,英語,39,0.48
107,鑑別度,英語,40,0.49
107,鑑別度,英語,41,0.61
107,鑑別度,數學,1,0.38
107,鑑別度,數學,2,0.5
107,鑑別度,數學,3,0.55
107,鑑別度,數學,4,0.55
107,鑑別度,數學,5,0.57
107,鑑別度,數學,6,0.61
107,鑑別度,數學,7,0.64
107,鑑別度,數學,8,0.63
107,鑑別度,數學,9,0.55
107,鑑別度,數學,10,0.58
107,鑑別度,數學,11,0.58
107,鑑別度,數學,12,0.55
107,鑑別度,數學,13,0.44
107,鑑別度,數學,14,0.63
107,鑑別度,數學,15,0.5
107,鑑別度,數學,16,0.54
107,鑑別度,數學,17,0.57
107,鑑別度,數學,18,0.42
107,鑑別度,數學,19,0.51
107,鑑別度,數學,20,0.49
107,鑑別度,數學,21,0.52
107,鑑別度,數學,22,0.45
107,鑑別度,數學,23,0.65
107,鑑別度,數學,24,0.57
107,鑑別度,數學,25,0.44
107,鑑別度,數學,26,0.32
107,鑑別度,社會,1,0.47
107,鑑別度,社會,2,0.38
107,鑑別度,社會,3,0.55
107,鑑別度,社會,4,0.56
107,鑑別度,社會,5,0.52
107,鑑別度,社會,6,0.37
107,鑑別度,社會,7,0.42
107,鑑別度,社會,8,0.54
107,鑑別度,社會,9,0.51
107,鑑別度,社會,10,0.58
107,鑑別度,社會,11,0.32
107,鑑別度,社會,12,0.43
107,鑑別度,社會,13,0.31
107,鑑別度,社會,14,0.33
107,鑑別度,社會,15,0.41
107,鑑別度,社會,16,0.54
107,鑑別度,社會,17,0.56
107,鑑別度,社會,18,0.5
107,鑑別度,社會,19,0.49
107,鑑別度,社會,20,0.55
107,鑑別度,社會,21,0.49
107,鑑別度,社會,22,0.54
107,鑑別度,社會,23,0.56
107,鑑別度,社會,24,0.48
107,鑑別度,社會,25,0.36
107,鑑別度,社會,26,0.56
107,鑑別度,社會,27,0.33
107,鑑別度,社會,28,0.35
107,鑑別度,社會,29,0.39
107,鑑別度,社會,30,0.63
107,鑑別度,社會,31,0.61
107,鑑別度,社會,32,0.46
107,鑑別度,社會,33,0.42
107,鑑別度,社會,34,0.64
107,鑑別度,社會,35,0.52
107,鑑別度,社會,36,0.58
107,鑑別度,社會,37,0.5
107,鑑別度,社會,38,0.32
107,鑑別度,社會,39,0.48
107,鑑別度,社會,40,0.57
107,鑑別度,社會,41,0.38
107,鑑別度,社會,42,0.44
107,鑑別度,社會,43,0.42
107,鑑別度,社會,44,0.48
107,鑑別度,社會,45,0.61
107,鑑別度,社會,46,0.45
107,鑑別度,社會,47,0.37
107,鑑別度,社會,48,0.3
107,鑑別度,社會,49,0.44
107,鑑別度,社會,50,0.59
107,鑑別度,社會,51,0.47
107,鑑別度,社會,52,0.61
107,鑑別度,社會,53,0.47
107,鑑別度,社會,54,0.51
107,鑑別度,社會,55,0.46
107,鑑別度,社會,56,0.45
107,鑑別度,社會,57,0.42
107,鑑別度,社會,58,0.38
107,鑑別度,社會,59,0.46
107,鑑別度,社會,60,0.55
107,鑑別度,社會,61,0.47
107,鑑別度,社會,62,0.53
107,鑑別度,社會,63,0.5
107,鑑別度,自然,1,0.34
107,鑑別度,自然,2,0.38
107,鑑別度,自然,3,0.39
107,鑑別度,自然,4,0.47
107,鑑別度,自然,5,0.43
107,鑑別度,自然,6,0.47
107,鑑別度,自然,7,0.47
107,鑑別度,自然,8,0.42
107,鑑別度,自然,9,0.44
107,鑑別度,自然,10,0.53
107,鑑別度,自然,11,0.43
107,鑑別度,自然,12,0.43
107,鑑別度,自然,13,0.5
107,鑑別度,自然,14,0.61
107,鑑別度,自然,15,0.52
107,鑑別度,自然,16,0.47
107,鑑別度,自然,17,0.49
107,鑑別度,自然,18,0.54
107,鑑別度,自然,19,0.51
107,鑑別度,自然,20,0.36
107,鑑別度,自然,21,0.57
107,鑑別度,自然,22,0.54
107,鑑別度,自然,23,0.56
107,鑑別度,自然,24,0.49
107,鑑別度,自然,25,0.43
107,鑑別度,自然,26,0.62
107,鑑別度,自然,27,0.64
107,鑑別度,自然,28,0.48
107,鑑別度,自然,29,0.42
107,鑑別度,自然,30,0.5
107,鑑別度,自然,31,0.61
107,鑑別度,自然,32,0.59
107,鑑別度,自然,33,0.24
107,鑑別度,自然,34,0.52
107,鑑別度,自然,35,0.42
107,鑑別度,自然,36,0.41
107,鑑別度,自然,37,0.57
107,鑑別度,自然,38,0.42
107,鑑別度,自然,39,0.41
107,鑑別度,自然,40,0.37
107,鑑別度,自然,41,0.46
107,鑑別度,自然,42,0.62
107,鑑別度,自然,43,0.39
107,鑑別度,自然,44,0.38
107,鑑別度,自然,45,0.49
107,鑑別度,自然,46,0.5
107,鑑別度,自然,47,0.32
107,鑑別度,自然,48,0.36
107,鑑別度,自然,49,0.34
107,鑑別度,自然,50,0.46
107,鑑別度,自然,51,0.47
107,鑑別度,自然,52,0.54
107,鑑別度,自然,53,0.47
107,鑑別度,自然,54,0.5
106,通過率,國文,1,0.96
106,通過率,國文,2,0.91
106,通過率,國文,3,0.89
106,通過率,國文,4,0.85
106,通過率,國文,5,0.82
106,通過率,國文,6,0.84
106,通過率,國文,7,0.82
106,通過率,國文,8,0.88
106,通過率,國文,9,0.74
106,通過率,國文,10,0.73
106,通過率,國文,11,0.71
106,通過率,國文,12,0.72
106,通過率,國文,13,0.72
106,通過率,國文,14,0.61
106,通過率,國文,15,0.8
106,通過率,國文,16,0.62
106,通過率,國文,17,0.67
106,通過率,國文,18,0.65
106,通過率,國文,19,0.53
106,通過率,國文,20,0.53
106,通過率,國文,21,0.51
106,通過率,國文,22,0.56
106,通過率,國文,23,0.53
106,通過率,國文,24,0.5
106,通過率,國文,25,0.51
106,通過率,國文,26,0.52
106,通過率,國文,27,0.47
106,通過率,國文,28,0.47
106,通過率,國文,29,0.51
106,通過率,國文,30,0.55
106,通過率,國文,31,0.5
106,通過率,國文,32,0.48
106,通過率,國文,33,0.58
106,通過率,國文,34,0.43
106,通過率,國文,35,0.86
106,通過率,國文,36,0.78
106,通過率,國文,37,0.66
106,通過率,國文,38,0.76
106,通過率,國文,39,0.72
106,通過率,國文,40,0.6
106,通過率,國文,41,0.49
106,通過率,國文,42,0.61
106,通過率,國文,43,0.59
106,通過率,國文,44,0.62
106,通過率,國文,45,0.46
106,通過率,國文,46,0.55
106,通過率,國文,47,0.51
106,通過率,國文,48,0.42
106,通過率,英語聽力,1,0.83
106,通過率,英語聽力,2,0.86
106,通過率,英語聽力,3,0.84
106,通過率,英語聽力,4,0.93
106,通過率,英語聽力,5,0.85
106,通過率,英語聽力,6,0.81
106,通過率,英語聽力,7,0.7
106,通過率,英語聽力,8,0.78
106,通過率,英語聽力,9,0.78
106,通過率,英語聽力,10,0.67
106,通過率,英語聽力,11,0.9
106,通過率,英語聽力,12,0.81
106,通過率,英語聽力,13,0.73
106,通過率,英語聽力,14,0.75
106,通過率,英語聽力,15,0.67
106,通過率,英語聽力,16,0.6
106,通過率,英語聽力,17,0.69
106,通過率,英語聽力,18,0.61
106,通過率,英語聽力,19,0.67
106,通過率,英語聽力,20,0.61
106,通過率,英語聽力,21,0.46
106,通過率,英語,1,0.83
106,通過率,英語,2,0.85
106,通過率,英語,3,0.79
106,通過率,英語,4,0.7
106,通過率,英語,5,0.73
106,通過率,英語,6,0.64
106,通過率,英語,7,0.73
106,通過率,英語,8,0.68
106,通過率,英語,9,0.53
106,通過率,英語,10,0.46
106,通過率,英語,11,0.53
106,通過率,英語,12,0.46
106,通過率,英語,13,0.4
106,通過率,英語,14,0.44
106,通過率,英語,15,0.46
106,通過率,英語,16,0.66
106,通過率,英語,17,0.64
106,通過率,英語,18,0.58
106,通過率,英語,19,0.62
106,通過率,英語,20,0.67
106,通過率,英語,21,0.75
106,通過率,英語,22,0.56
106,通過率,英語,23,0.64
106,通過率,英語,24,0.61
106,通過率,英語,25,0.54
106,通過率,英語,26,0.74
106,通過率,英語,27,0.61
106,通過率,英語,28,0.47
106,通過率,英語,29,0.47
106,通過率,英語,30,0.45
106,通過率,英語,31,0.55
106,通過率,英語,32,0.47
106,通過率,英語,33,0.49
106,通過率,英語,34,0.5
106,通過率,英語,35,0.49
106,通過率,英語,36,0.63
106,通過率,英語,37,0.59
106,通過率,英語,38,0.42
106,通過率,英語,39,0.55
106,通過率,英語,40,0.45
106,通過率,英語,41,0.51
106,通過率,數學,1,0.79
106,通過率,數學,2,0.88
106,通過率,數學,3,0.8
106,通過率,數學,4,0.8
106,通過率,數學,5,0.78
106,通過率,數學,6,0.68
106,通過率,數學,7,0.67
106,通過率,數學,8,0.52
106,通過率,數學,9,0.59
106,通過率,數學,10,0.73
106,通過率,數學,11,0.51
106,通過率,數學,12,0.49
106,通過率,數學,13,0.64
106,通過率,數學,14,0.62
106,通過率,數學,15,0.53
106,通過率,數學,16,0.56
106,通過率,數學,17,0.49
106,通過率,數學,18,0.43
106,通過率,數學,19,0.4
106,通過率,數學,20,0.49
106,通過率,數學,21,0.45
106,通過率,數學,22,0.37
106,通過率,數學,23,0.38
106,通過率,數學,24,0.49
106,通過率,數學,25,0.38
106,通過率,數學,26,0.33
106,通過率,社會,1,0.9
106,通過率,社會,2,0.87
106,通過率,社會,3,0.68
106,通過率,社會,4,0.77
106,通過率,社會,5,0.61
106,通過率,社會,6,0.88
106,通過率,社會,7,0.74
106,通過率,社會,8,0.65
106,通過率,社會,9,0.59
106,通過率,社會,10,0.75
106,通過率,社會,11,0.86
106,通過率,社會,12,0.83
106,通過率,社會,13,0.79
106,通過率,社會,14,0.72
106,通過率,社會,15,0.77
106,通過率,社會,16,0.63
106,通過率,社會,17,0.7
106,通過率,社會,18,0.56
106,通過率,社會,19,0.63
106,通過率,社會,20,0.59
106,通過率,社會,21,0.75
106,通過率,社會,22,0.87
106,通過率,社會,23,0.56
106,通過率,社會,24,0.64
106,通過率,社會,25,0.69
106,通過率,社會,26,0.59
106,通過率,社會,27,0.65
106,通過率,社會,28,0.59
106,通過率,社會,29,0.71
106,通過率,社會,30,0.64
106,通過率,社會,31,0.61
106,通過率,社會,32,0.52
106,通過率,社會,33,0.53
106,通過率,社會,34,0.58
106,通過率,社會,35,0.49
106,通過率,社會,36,0.77
106,通過率,社會,37,0.67
106,通過率,社會,38,0.6
106,通過率,社會,39,0.37
106,通過率,社會,40,0.4
106,通過率,社會,41,0.63
106,通過率,社會,42,0.48
106,通過率,社會,43,0.57
106,通過率,社會,44,0.46
106,通過率,社會,45,0.39
106,通過率,社會,46,0.29
106,通過率,社會,47,0.36
106,通過率,社會,48,0.74
106,通過率,社會,49,0.82
106,通過率,社會,50,0.54
106,通過率,社會,51,0.59
106,通過率,社會,52,0.46
106,通過率,社會,53,0.42
106,通過率,社會,54,0.54
106,通過率,社會,55,0.46
106,通過率,社會,56,0.43
106,通過率,社會,57,0.48
106,通過率,社會,58,0.89
106,通過率,社會,59,0.65
106,通過率,社會,60,0.58
106,通過率,社會,61,0.72
106,通過率,社會,62,0.56
106,通過率,社會,63,0.47
106,通過率,自然,1,0.84
106,通過率,自然,2,0.86
106,通過率,自然,3,0.8
106,通過率,自然,4,0.82
106,通過率,自然,5,0.81
106,通過率,自然,6,0.76
106,通過率,自然,7,0.72
106,通過率,自然,8,0.74
106,通過率,自然,9,0.73
106,通過率,自然,10,0.67
106,通過率,自然,11,0.66
106,通過率,自然,12,0.67
106,通過率,自然,13,0.64
106,通過率,自然,14,0.68
106,通過率,自然,15,0.75
106,通過率,自然,16,0.61
106,通過率,自然,17,0.61
106,通過率,自然,18,0.68
106,通過率,自然,19,0.5
106,通過率,自然,20,0.47
106,通過率,自然,21,0.63
106,通過率,自然,22,0.55
106,通過率,自然,23,0.62
106,通過率,自然,24,0.58
106,通過率,自然,25,0.58
106,通過率,自然,26,0.62
106,通過率,自然,27,0.54
106,通過率,自然,28,0.55
106,通過率,自然,29,0.44
106,通過率,自然,30,0.38
106,通過率,自然,31,0.41
106,通過率,自然,32,0.5
106,通過率,自然,33,0.61
106,通過率,自然,34,0.46
106,通過率,自然,35,0.47
106,通過率,自然,36,0.4
106,通過率,自然,37,0.47
106,通過率,自然,38,0.47
106,通過率,自然,39,0.41
106,通過率,自然,40,0.46
106,通過率,自然,41,0.41
106,通過率,自然,42,0.35
106,通過率,自然,43,0.33
106,通過率,自然,44,0.29
106,通過率,自然,45,0.3
106,通過率,自然,46,0.23
106,通過率,自然,47,0.63
106,通過率,自然,48,0.68
106,通過率,自然,49,0.6
106,通過率,自然,50,0.45
106,通過率,自然,51,0.53
106,通過率,自然,52,0.74
106,通過率,自然,53,0.67
106,通過率,自然,54,0.67
106,鑑別度,國文,1,0.31
106,鑑別度,國文,2,0.4
106,鑑別度,國文,3,0.45
106,鑑別度,國文,4,0.31
106,鑑別度,國文,5,0.43
106,鑑別度,國文,6,0.48
106,鑑別度,國文,7,0.39
106,鑑別度,國文,8,0.49
106,鑑別度,國文,9,0.51
106,鑑別度,國文,10,0.57
106,鑑別度,國文,11,0.55
106,鑑別度,國文,12,0.41
106,鑑別度,國文,13,0.57
106,鑑別度,國文,14,0.43
106,鑑別度,國文,15,0.43
106,鑑別度,國文,16,0.48
106,鑑別度,國文,17,0.49
106,鑑別度,國文,18,0.45
106,鑑別度,國文,19,0.47
106,鑑別度,國文,20,0.31
106,鑑別度,國文,21,0.51
106,鑑別度,國文,22,0.51
106,鑑別度,國文,23,0.52
106,鑑別度,國文,24,0.43
106,鑑別度,國文,25,0.37
106,鑑別度,國文,26,0.46
106,鑑別度,國文,27,0.49
106,鑑別度,國文,28,0.44
106,鑑別度,國文,29,0.43
106,鑑別度,國文,30,0.46
106,鑑別度,國文,31,0.49
106,鑑別度,國文,32,0.5
106,鑑別度,國文,33,0.48
106,鑑別度,國文,34,0.43
106,鑑別度,國文,35,0.46
106,鑑別度,國文,36,0.51
106,鑑別度,國文,37,0.47
106,鑑別度,國文,38,0.45
106,鑑別度,國文,39,0.53
106,鑑別度,國文,40,0.56
106,鑑別度,國文,41,0.38
106,鑑別度,國文,42,0.48
106,鑑別度,國文,43,0.53
106,鑑別度,國文,44,0.56
106,鑑別度,國文,45,0.43
106,鑑別度,國文,46,0.4
106,鑑別度,國文,47,0.47
106,鑑別度,國文,48,0.43
106,鑑別度,英語聽力,1,0.58
106,鑑別度,英語聽力,2,0.52
106,鑑別度,英語聽力,3,0.59
106,鑑別度,英語聽力,4,0.42
106,鑑別度,英語聽力,5,0.52
106,鑑別度,英語聽力,6,0.65
106,鑑別度,英語聽力,7,0.67
106,鑑別度,英語聽力,8,0.65
106,鑑別度,英語聽力,9,0.58
106,鑑別度,英語聽力,10,0.67
106,鑑別度,英語聽力,11,0.41
106,鑑別度,英語聽力,12,0.66
106,鑑別度,英語聽力,13,0.58
106,鑑別度,英語聽力,14,0.54
106,鑑別度,英語聽力,15,0.63
106,鑑別度,英語聽力,16,0.56
106,鑑別度,英語聽力,17,0.7
106,鑑別度,英語聽力,18,0.61
106,鑑別度,英語聽力,19,0.48
106,鑑別度,英語聽力,20,0.53
106,鑑別度,英語聽力,21,0.39
106,鑑別度,英語,1,0.53
106,鑑別度,英語,2,0.48
106,鑑別度,英語,3,0.57
106,鑑別度,英語,4,0.66
106,鑑別度,英語,5,0.59
106,鑑別度,英語,6,0.7
106,鑑別度,英語,7,0.65
106,鑑別度,英語,8,0.6
106,鑑別度,英語,9,0.54
106,鑑別度,英語,10,0.48
106,鑑別度,英語,11,0.45
106,鑑別度,英語,12,0.4
106,鑑別度,英語,13,0.38
106,鑑別度,英語,14,0.5
106,鑑別度,英語,15,0.69
106,鑑別度,英語,16,0.6
106,鑑別度,英語,17,0.66
106,鑑別度,英語,18,0.68
106,鑑別度,英語,19,0.72
106,鑑別度,英語,20,0.65
106,鑑別度,英語,21,0.63
106,鑑別度,英語,22,0.59
106,鑑別度,英語,23,0.68
106,鑑別度,英語,24,0.67
106,鑑別度,英語,25,0.57
106,鑑別度,英語,26,0.64
106,鑑別度,英語,27,0.64
106,鑑別度,英語,28,0.55
106,鑑別度,英語,29,0.64
106,鑑別度,英語,30,0.64
106,鑑別度,英語,31,0.54
106,鑑別度,英語,32,0.54
106,鑑別度,英語,33,0.56
106,鑑別度,英語,34,0.62
106,鑑別度,英語,35,0.62
106,鑑別度,英語,36,0.64
106,鑑別度,英語,37,0.56
106,鑑別度,英語,38,0.44
106,鑑別度,英語,39,0.58
106,鑑別度,英語,40,0.57
106,鑑別度,英語,41,0.58
106,鑑別度,數學,1,0.52
106,鑑別度,數學,2,0.44
106,鑑別度,數學,3,0.53
106,鑑別度,數學,4,0.46
106,鑑別度,數學,5,0.53
106,鑑別度,數學,6,0.32
106,鑑別度,數學,7,0.55
106,鑑別度,數學,8,0.64
106,鑑別度,數學,9,0.62
106,鑑別度,數學,10,0.51
106,鑑別度,數學,11,0.55
106,鑑別度,數學,12,0.56
106,鑑別度,數學,13,0.52
106,鑑別度,數學,14,0.58
106,鑑別度,數學,15,0.53
106,鑑別度,數學,16,0.62
106,鑑別度,數學,17,0.53
106,鑑別度,數學,18,0.42
106,鑑別度,數學,19,0.49
106,鑑別度,數學,20,0.57
106,鑑別度,數學,21,0.46
106,鑑別度,數學,22,0.5
106,鑑別度,數學,23,0.38
106,鑑別度,數學,24,0.55
106,鑑別度,數學,25,0.38
106,鑑別度,數學,26,0.44
106,鑑別度,社會,1,0.4
106,鑑別度,社會,2,0.47
106,鑑別度,社會,3,0.32
106,鑑別度,社會,4,0.49
106,鑑別度,社會,5,0.51
106,鑑別度,社會,6,0.5
106,鑑別度,社會,7,0.51
106,鑑別度,社會,8,0.48
106,鑑別度,社會,9,0.66
106,鑑別度,社會,10,0.49
106,鑑別度,社會,11,0.32
106,鑑別度,社會,12,0.37
106,鑑別度,社會,13,0.46
106,鑑別度,社會,14,0.54
106,鑑別度,社會,15,0.42
106,鑑別度,社會,16,0.38
106,鑑別度,社會,17,0.48
106,鑑別度,社會,18,0.54
106,鑑別度,社會,19,0.49
106,鑑別度,社會,20,0.5
106,鑑別度,社會,21,0.43
106,鑑別度,社會,22,0.49
106,鑑別度,社會,23,0.58
106,鑑別度,社會,24,0.66
106,鑑別度,社會,25,0.62
106,鑑別度,社會,26,0.5
106,鑑別度,社會,27,0.34
106,鑑別度,社會,28,0.44
106,鑑別度,社會,29,0.53
106,鑑別度,社會,30,0.52
106,鑑別度,社會,31,0.52
106,鑑別度,社會,32,0.45
106,鑑別度,社會,33,0.59
106,鑑別度,社會,34,0.54
106,鑑別度,社會,35,0.47
106,鑑別度,社會,36,0.59
106,鑑別度,社會,37,0.44
106,鑑別度,社會,38,0.58
106,鑑別度,社會,39,0.44
106,鑑別度,社會,40,0.34
106,鑑別度,社會,41,0.58
106,鑑別度,社會,42,0.27
106,鑑別度,社會,43,0.57
106,鑑別度,社會,44,0.53
106,鑑別度,社會,45,0.36
106,鑑別度,社會,46,0.35
106,鑑別度,社會,47,0.42
106,鑑別度,社會,48,0.49
106,鑑別度,社會,49,0.57
106,鑑別度,社會,50,0.58
106,鑑別度,社會,51,0.43
106,鑑別度,社會,52,0.41
106,鑑別度,社會,53,0.46
106,鑑別度,社會,54,0.38
106,鑑別度,社會,55,0.56
106,鑑別度,社會,56,0.44
106,鑑別度,社會,57,0.47
106,鑑別度,社會,58,0.44
106,鑑別度,社會,59,0.52
106,鑑別度,社會,60,0.51
106,鑑別度,社會,61,0.52
106,鑑別度,社會,62,0.49
106,鑑別度,社會,63,0.58
106,鑑別度,自然,1,0.41
106,鑑別度,自然,2,0.45
106,鑑別度,自然,3,0.45
106,鑑別度,自然,4,0.39
106,鑑別度,自然,5,0.39
106,鑑別度,自然,6,0.47
106,鑑別度,自然,7,0.45
106,鑑別度,自然,8,0.47
106,鑑別度,自然,9,0.51
106,鑑別度,自然,10,0.56
106,鑑別度,自然,11,0.5
106,鑑別度,自然,12,0.5
106,鑑別度,自然,13,0.59
106,鑑別度,自然,14,0.45
106,鑑別度,自然,15,0.41
106,鑑別度,自然,16,0.46
106,鑑別度,自然,17,0.53
106,鑑別度,自然,18,0.51
106,鑑別度,自然,19,0.4
106,鑑別度,自然,20,0.3
106,鑑別度,自然,21,0.57
106,鑑別度,自然,22,0.58
106,鑑別度,自然,23,0.52
106,鑑別度,自然,24,0.56
106,鑑別度,自然,25,0.56
106,鑑別度,自然,26,0.59
106,鑑別度,自然,27,0.55
106,鑑別度,自然,28,0.6
106,鑑別度,自然,29,0.34
106,鑑別度,自然,30,0.51
106,鑑別度,自然,31,0.44
106,鑑別度,自然,32,0.51
106,鑑別度,自然,33,0.47
106,鑑別度,自然,34,0.55
106,鑑別度,自然,35,0.45
106,鑑別度,自然,36,0.43
106,鑑別度,自然,37,0.54
106,鑑別度,自然,38,0.55
106,鑑別度,自然,39,0.53
106,鑑別度,自然,40,0.58
106,鑑別度,自然,41,0.5
106,鑑別度,自然,42,0.54
106,鑑別度,自然,43,0.49
106,鑑別度,自然,44,0.5
106,鑑別度,自然,45,0.41
106,鑑別度,自然,46,0.34
106,鑑別度,自然,47,0.55
106,鑑別度,自然,48,0.54
106,鑑別度,自然,49,0.46
106,鑑別度,自然,50,0.6
106,鑑別度,自然,51,0.53
106,鑑別度,自然,52,0.47
106,鑑別度,自然,53,0.46
106,鑑別度,自然,54,0.48
105,通過率,國文,1,0.9
105,通過率,國文,2,0.86
105,通過率,國文,3,0.87
105,通過率,國文,4,0.89
105,通過率,國文,5,0.82
105,通過率,國文,6,0.86
105,通過率,國文,7,0.77
105,通過率,國文,8,0.83
105,通過率,國文,9,0.78
105,通過率,國文,10,0.74
105,通過率,國文,11,0.67
105,通過率,國文,12,0.8
105,通過率,國文,13,0.63
105,通過率,國文,14,0.66
105,通過率,國文,15,0.64
105,通過率,國文,16,0.74
105,通過率,國文,17,0.57
105,通過率,國文,18,0.63
105,通過率,國文,19,0.71
105,通過率,國文,20,0.66
105,通過率,國文,21,0.68
105,通過率,國文,22,0.65
105,通過率,國文,23,0.59
105,通過率,國文,24,0.61
105,通過率,國文,25,0.54
105,通過率,國文,26,0.52
105,通過率,國文,27,0.71
105,通過率,國文,28,0.47
105,通過率,國文,29,0.45
105,通過率,國文,30,0.48
105,通過率,國文,31,0.52
105,通過率,國文,32,0.5
105,通過率,國文,33,0.45
105,通過率,國文,34,0.45
105,通過率,國文,35,0.36
105,通過率,國文,36,0.56
105,通過率,國文,37,0.92
105,通過率,國文,38,0.66
105,通過率,國文,39,0.46
105,通過率,國文,40,0.7
105,通過率,國文,41,0.76
105,通過率,國文,42,0.61
105,通過率,國文,43,0.39
105,通過率,國文,44,0.59
105,通過率,國文,45,0.61
105,通過率,國文,46,0.68
105,通過率,國文,47,0.43
105,通過率,國文,48,0.6
105,通過率,英語聽力,1,0.74
105,通過率,英語聽力,2,0.8
105,通過率,英語聽力,3,0.83
105,通過率,英語聽力,4,0.9
105,通過率,英語聽力,5,0.73
105,通過率,英語聽力,6,0.79
105,通過率,英語聽力,7,0.74
105,通過率,英語聽力,8,0.76
105,通過率,英語聽力,9,0.64
105,通過率,英語聽力,10,0.66
105,通過率,英語聽力,11,0.83
105,通過率,英語聽力,12,0.89
105,通過率,英語聽力,13,0.8
105,通過率,英語聽力,14,0.76
105,通過率,英語聽力,15,0.64
105,通過率,英語聽力,16,0.7
105,通過率,英語聽力,17,0.66
105,通過率,英語聽力,18,0.67
105,通過率,英語聽力,19,0.66
105,通過率,英語聽力,20,0.52
105,通過率,英語聽力,21,0.58
105,通過率,英語,1,0.75
105,通過率,英語,2,0.79
105,通過率,英語,3,0.56
105,通過率,英語,4,0.76
105,通過率,英語,5,0.66
105,通過率,英語,6,0.66
105,通過率,英語,7,0.64
105,通過率,英語,8,0.65
105,通過率,英語,9,0.62
105,通過率,英語,10,0.62
105,通過率,英語,11,0.76
105,通過率,英語,12,0.54
105,通過率,英語,13,0.64
105,通過率,英語,14,0.45
105,通過率,英語,15,0.27
105,通過率,英語,16,0.68
105,通過率,英語,17,0.74
105,通過率,英語,18,0.44
105,通過率,英語,19,0.48
105,通過率,英語,20,0.52
105,通過率,英語,21,0.4
105,通過率,英語,22,0.63
105,通過率,英語,23,0.43
105,通過率,英語,24,0.54
105,通過率,英語,25,0.66
105,通過率,英語,26,0.61
105,通過率,英語,27,0.68
105,通過率,英語,28,0.47
105,通過率,英語,29,0.49
105,通過率,英語,30,0.52
105,通過率,英語,31,0.39
105,通過率,英語,32,0.58
105,通過率,英語,33,0.44
105,通過率,英語,34,0.51
105,通過率,英語,35,0.52
105,通過率,英語,36,0.48
105,通過率,英語,37,0.54
105,通過率,英語,38,0.32
105,通過率,英語,39,0.55
105,通過率,英語,40,0.47
105,通過率,英語,41,0.38
105,通過率,數學,1,0.85
105,通過率,數學,2,0.84
105,通過率,數學,3,0.7
105,通過率,數學,4,0.77
105,通過率,數學,5,0.74
105,通過率,數學,6,0.65
105,通過率,數學,7,0.65
105,通過率,數學,8,0.64
105,通過率,數學,9,0.71
105,通過率,數學,10,0.57
105,通過率,數學,11,0.55
105,通過率,數學,12,0.46
105,通過率,數學,13,0.55
105,通過率,數學,14,0.52
105,通過率,數學,15,0.43
105,通過率,數學,16,0.46
105,通過率,數學,17,0.47
105,通過率,數學,18,0.36
105,通過率,數學,19,0.36
105,通過率,數學,20,0.39
105,通過率,數學,21,0.47
105,通過率,數學,22,0.38
105,通過率,數學,23,0.5
105,通過率,數學,24,0.37
105,通過率,數學,25,0.33
105,通過率,社會,1,0.83
105,通過率,社會,2,0.83
105,通過率,社會,3,0.57
105,通過率,社會,4,0.76
105,通過率,社會,5,0.71
105,通過率,社會,6,0.95
105,通過率,社會,7,0.85
105,通過率,社會,8,0.79
105,通過率,社會,9,0.77
105,通過率,社會,10,0.73
105,通過率,社會,11,0.73
105,通過率,社會,12,0.82
105,通過率,社會,13,0.82
105,通過率,社會,14,0.71
105,通過率,社會,15,0.72
105,通過率,社會,16,0.75
105,通過率,社會,17,0.68
105,通過率,社會,18,0.57
105,通過率,社會,19,0.83
105,通過率,社會,20,0.69
105,通過率,社會,21,0.58
105,通過率,社會,22,0.59
105,通過率,社會,23,0.54
105,通過率,社會,24,0.68
105,通過率,社會,25,0.48
105,通過率,社會,26,0.58
105,通過率,社會,27,0.63
105,通過率,社會,28,0.54
105,通過率,社會,29,0.74
105,通過率,社會,30,0.65
105,通過率,社會,31,0.59
105,通過率,社會,32,0.55
105,通過率,社會,33,0.22
105,通過率,社會,34,0.5
105,通過率,社會,35,0.47
105,通過率,社會,36,0.4
105,通過率,社會,37,0.31
105,通過率,社會,38,0.54
105,通過率,社會,39,0.45
105,通過率,社會,40,0.56
105,通過率,社會,41,0.41
105,通過率,社會,42,0.63
105,通過率,社會,43,0.51
105,通過率,社會,44,0.52
105,通過率,社會,45,0.45
105,通過率,社會,46,0.93
105,通過率,社會,47,0.73
105,通過率,社會,48,0.73
105,通過率,社會,49,0.5
105,通過率,社會,50,0.71
105,通過率,社會,51,0.54
105,通過率,社會,52,0.43
105,通過率,社會,53,0.67
105,通過率,社會,54,0.44
105,通過率,社會,55,0.36
105,通過率,社會,56,0.54
105,通過率,社會,57,0.73
105,通過率,社會,58,0.5
105,通過率,社會,59,0.67
105,通過率,社會,60,0.61
105,通過率,社會,61,0.48
105,通過率,社會,62,0.9
105,通過率,社會,63,0.65
105,通過率,自然,1,0.73
105,通過率,自然,2,0.83
105,通過率,自然,3,0.85
105,通過率,自然,4,0.88
105,通過率,自然,5,0.69
105,通過率,自然,6,0.75
105,通過率,自然,7,0.77
105,通過率,自然,8,0.83
105,通過率,自然,9,0.83
105,通過率,自然,10,0.74
105,通過率,自然,11,0.69
105,通過率,自然,12,0.64
105,通過率,自然,13,0.62
105,通過率,自然,14,0.6
105,通過率,自然,15,0.59
105,通過率,自然,16,0.6
105,通過率,自然,17,0.5
105,通過率,自然,18,0.77
105,通過率,自然,19,0.53
105,通過率,自然,20,0.59
105,通過率,自然,21,0.69
105,通過率,自然,22,0.5
105,通過率,自然,23,0.56
105,通過率,自然,24,0.71
105,通過率,自然,25,0.52
105,通過率,自然,26,0.47
105,通過率,自然,27,0.5
105,通過率,自然,28,0.43
105,通過率,自然,29,0.47
105,通過率,自然,30,0.5
105,通過率,自然,31,0.49
105,通過率,自然,32,0.54
105,通過率,自然,33,0.51
105,通過率,自然,34,0.45
105,通過率,自然,35,0.36
105,通過率,自然,36,0.42
105,通過率,自然,37,0.47
105,通過率,自然,38,0.53
105,通過率,自然,39,0.35
105,通過率,自然,40,0.4
105,通過率,自然,41,0.42
105,通過率,自然,42,0.34
105,通過率,自然,43,0.33
105,通過率,自然,44,0.31
105,通過率,自然,45,0.36
105,通過率,自然,46,0.37
105,通過率,自然,47,0.38
105,通過率,自然,48,0.52
105,通過率,自然,49,0.79
105,通過率,自然,50,0.45
105,通過率,自然,51,0.55
105,通過率,自然,52,0.5
105,通過率,自然,53,0.59
105,通過率,自然,54,0.2
105,鑑別度,國文,1,0.34
105,鑑別度,國文,2,0.36
105,鑑別度,國文,3,0.44
105,鑑別度,國文,4,0.42
105,鑑別度,國文,5,0.44
105,鑑別度,國文,6,0.42
105,鑑別度,國文,7,0.52
105,鑑別度,國文,8,0.47
105,鑑別度,國文,9,0.44
105,鑑別度,國文,10,0.53
105,鑑別度,國文,11,0.45
105,鑑別度,國文,12,0.57
105,鑑別度,國文,13,0.47
105,鑑別度,國文,14,0.44
105,鑑別度,國文,15,0.42
105,鑑別度,國文,16,0.45
105,鑑別度,國文,17,0.55
105,鑑別度,國文,18,0.42
105,鑑別度,國文,19,0.46
105,鑑別度,國文,20,0.57
105,鑑別度,國文,21,0.47
105,鑑別度,國文,22,0.52
105,鑑別度,國文,23,0.53
105,鑑別度,國文,24,0.54
105,鑑別度,國文,25,0.49
105,鑑別度,國文,26,0.41
105,鑑別度,國文,27,0.54
105,鑑別度,國文,28,0.57
105,鑑別度,國文,29,0.41
105,鑑別度,國文,30,0.38
105,鑑別度,國文,31,0.49
105,鑑別度,國文,32,0.48
105,鑑別度,國文,33,0.26
105,鑑別度,國文,34,0.53
105,鑑別度,國文,35,0.44
105,鑑別度,國文,36,0.51
105,鑑別度,國文,37,0.42
105,鑑別度,國文,38,0.55
105,鑑別度,國文,39,0.41
105,鑑別度,國文,40,0.46
105,鑑別度,國文,41,0.49
105,鑑別度,國文,42,0.59
105,鑑別度,國文,43,0.47
105,鑑別度,國文,44,0.41
105,鑑別度,國文,45,0.56
105,鑑別度,國文,46,0.57
105,鑑別度,國文,47,0.47
105,鑑別度,國文,48,0.45
105,鑑別度,英語聽力,1,0.72
105,鑑別度,英語聽力,2,0.57
105,鑑別度,英語聽力,3,0.59
105,鑑別度,英語聽力,4,0.52
105,鑑別度,英語聽力,5,0.56
105,鑑別度,英語聽力,6,0.67
105,鑑別度,英語聽力,7,0.58
105,鑑別度,英語聽力,8,0.59
105,鑑別度,英語聽力,9,0.52
105,鑑別度,英語聽力,10,0.63
105,鑑別度,英語聽力,11,0.62
105,鑑別度,英語聽力,12,0.53
105,鑑別度,英語聽力,13,0.54
105,鑑別度,英語聽力,14,0.63
105,鑑別度,英語聽力,15,0.44
105,鑑別度,英語聽力,16,0.64
105,鑑別度,英語聽力,17,0.67
105,鑑別度,英語聽力,18,0.61
105,鑑別度,英語聽力,19,0.55
105,鑑別度,英語聽力,20,0.58
105,鑑別度,英語聽力,21,0.51
105,鑑別度,英語,1,0.62
105,鑑別度,英語,2,0.59
105,鑑別度,英語,3,0.52
105,鑑別度,英語,4,0.61
105,鑑別度,英語,5,0.67
105,鑑別度,英語,6,0.6
105,鑑別度,英語,7,0.63
105,鑑別度,英語,8,0.5
105,鑑別度,英語,9,0.63
105,鑑別度,英語,10,0.46
105,鑑別度,英語,11,0.59
105,鑑別度,英語,12,0.64
105,鑑別度,英語,13,0.66
105,鑑別度,英語,14,0.47
105,鑑別度,英語,15,0.44
105,鑑別度,英語,16,0.58
105,鑑別度,英語,17,0.61
105,鑑別度,英語,18,0.56
105,鑑別度,英語,19,0.54
105,鑑別度,英語,20,0.61
105,鑑別度,英語,21,0.35
105,鑑別度,英語,22,0.56
105,鑑別度,英語,23,0.51
105,鑑別度,英語,24,0.6
105,鑑別度,英語,25,0.67
105,鑑別度,英語,26,0.6
105,鑑別度,英語,27,0.55
105,鑑別度,英語,28,0.56
105,鑑別度,英語,29,0.56
105,鑑別度,英語,30,0.61
105,鑑別度,英語,31,0.29
105,鑑別度,英語,32,0.59
105,鑑別度,英語,33,0.51
105,鑑別度,英語,34,0.61
105,鑑別度,英語,35,0.46
105,鑑別度,英語,36,0.46
105,鑑別度,英語,37,0.6
105,鑑別度,英語,38,0.32
105,鑑別度,英語,39,0.63
105,鑑別度,英語,40,0.49
105,鑑別度,英語,41,0.39
105,鑑別度,數學,1,0.51
105,鑑別度,數學,2,0.52
105,鑑別度,數學,3,0.6
105,鑑別度,數學,4,0.6
105,鑑別度,數學,5,0.46
105,鑑別度,數學,6,0.51
105,鑑別度,數學,7,0.59
105,鑑別度,數學,8,0.61
105,鑑別度,數學,9,0.53
105,鑑別度,數學,10,0.61
105,鑑別度,數學,11,0.58
105,鑑別度,數學,12,0.49
105,鑑別度,數學,13,0.51
105,鑑別度,數學,14,0.55
105,鑑別度,數學,15,0.5
105,鑑別度,數學,16,0.51
105,鑑別度,數學,17,0.4
105,鑑別度,數學,18,0.53
105,鑑別度,數學,19,0.39
105,鑑別度,數學,20,0.52
105,鑑別度,數學,21,0.6
105,鑑別度,數學,22,0.43
105,鑑別度,數學,23,0.44
105,鑑別度,數學,24,0.31
105,鑑別度,數學,25,0.39
105,鑑別度,社會,1,0.43
105,鑑別度,社會,2,0.48
105,鑑別度,社會,3,0.45
105,鑑別度,社會,4,0.31
105,鑑別度,社會,5,0.51
105,鑑別度,社會,6,0.31
105,鑑別度,社會,7,0.41
105,鑑別度,社會,8,0.54
105,鑑別度,社會,9,0.57
105,鑑別度,社會,10,0.54
105,鑑別度,社會,11,0.58
105,鑑別度,社會,12,0.5
105,鑑別度,社會,13,0.35
105,鑑別度,社會,14,0.53
105,鑑別度,社會,15,0.35
105,鑑別度,社會,16,0.35
105,鑑別度,社會,17,0.44
105,鑑別度,社會,18,0.58
105,鑑別度,社會,19,0.5
105,鑑別度,社會,20,0.47
105,鑑別度,社會,21,0.5
105,鑑別度,社會,22,0.6
105,鑑別度,社會,23,0.35
105,鑑別度,社會,24,0.54
105,鑑別度,社會,25,0.62
105,鑑別度,社會,26,0.42
105,鑑別度,社會,27,0.54
105,鑑別度,社會,28,0.41
105,鑑別度,社會,29,0.49
105,鑑別度,社會,30,0.44
105,鑑別度,社會,31,0.51
105,鑑別度,社會,32,0.38
105,鑑別度,社會,33,0.39
105,鑑別度,社會,34,0.36
105,鑑別度,社會,35,0.28
105,鑑別度,社會,36,0.2
105,鑑別度,社會,37,0.51
105,鑑別度,社會,38,0.47
105,鑑別度,社會,39,0.53
105,鑑別度,社會,40,0.54
105,鑑別度,社會,41,0.41
105,鑑別度,社會,42,0.29
105,鑑別度,社會,43,0.48
105,鑑別度,社會,44,0.5
105,鑑別度,社會,45,0.45
105,鑑別度,社會,46,0.36
105,鑑別度,社會,47,0.49
105,鑑別度,社會,48,0.5
105,鑑別度,社會,49,0.34
105,鑑別度,社會,50,0.39
105,鑑別度,社會,51,0.52
105,鑑別度,社會,52,0.55
105,鑑別度,社會,53,0.38
105,鑑別度,社會,54,0.37
105,鑑別度,社會,55,0.44
105,鑑別度,社會,56,0.53
105,鑑別度,社會,57,0.58
105,鑑別度,社會,58,0.45
105,鑑別度,社會,59,0.48
105,鑑別度,社會,60,0.49
105,鑑別度,社會,61,0.43
105,鑑別度,社會,62,0.42
105,鑑別度,社會,63,0.57
105,鑑別度,自然,1,0.49
105,鑑別度,自然,2,0.38
105,鑑別度,自然,3,0.41
105,鑑別度,自然,4,0.38
105,鑑別度,自然,5,0.4
105,鑑別度,自然,6,0.44
105,鑑別度,自然,7,0.39
105,鑑別度,自然,8,0.45
105,鑑別度,自然,9,0.44
105,鑑別度,自然,10,0.36
105,鑑別度,自然,11,0.53
105,鑑別度,自然,12,0.5
105,鑑別度,自然,13,0.5
105,鑑別度,自然,14,0.5
105,鑑別度,自然,15,0.57
105,鑑別度,自然,16,0.55
105,鑑別度,自然,17,0.4
105,鑑別度,自然,18,0.46
105,鑑別度,自然,19,0.6
105,鑑別度,自然,20,0.52
105,鑑別度,自然,21,0.58
105,鑑別度,自然,22,0.62
105,鑑別度,自然,23,0.56
105,鑑別度,自然,24,0.53
105,鑑別度,自然,25,0.46
105,鑑別度,自然,26,0.5
105,鑑別度,自然,27,0.54
105,鑑別度,自然,28,0.4
105,鑑別度,自然,29,0.41
105,鑑別度,自然,30,0.57
105,鑑別度,自然,31,0.53
105,鑑別度,自然,32,0.42
105,鑑別度,自然,33,0.6
105,鑑別度,自然,34,0.46
105,鑑別度,自然,35,0.35
105,鑑別度,自然,36,0.52
105,鑑別度,自然,37,0.5
105,鑑別度,自然,38,0.56
105,鑑別度,自然,39,0.41
105,鑑別度,自然,40,0.35
105,鑑別度,自然,41,0.52
105,鑑別度,自然,42,0.4
105,鑑別度,自然,43,0.39
105,鑑別度,自然,44,0.38
105,鑑別度,自然,45,0.36
105,鑑別度,自然,46,0.44
105,鑑別度,自然,47,0.4
105,鑑別度,自然,48,0.49
105,鑑別度,自然,49,0.47
105,鑑別度,自然,50,0.38
105,鑑別度,自然,51,0.44
105,鑑別度,自然,52,0.43
105,鑑別度,自然,53,0.39
105,鑑別度,自然,54,0.36
104,通過率,國文,1,0.79
104,通過率,國文,2,0.94
104,通過率,國文,3,0.9
104,通過率,國文,4,0.73
104,通過率,國文,5,0.88
104,通過率,國文,6,0.74
104,通過率,國文,7,0.69
104,通過率,國文,8,0.75
104,通過率,國文,9,0.76
104,通過率,國文,10,0.66
104,通過率,國文,11,0.66
104,通過率,國文,12,0.7
104,通過率,國文,13,0.58
104,通過率,國文,14,0.52
104,通過率,國文,15,0.73
104,通過率,國文,16,0.63
104,通過率,國文,17,0.71
104,通過率,國文,18,0.54
104,通過率,國文,19,0.62
104,通過率,國文,20,0.62
104,通過率,國文,21,0.6
104,通過率,國文,22,0.52
104,通過率,國文,23,0.51
104,通過率,國文,24,0.55
104,通過率,國文,25,0.59
104,通過率,國文,26,0.61
104,通過率,國文,27,0.49
104,通過率,國文,28,0.34
104,通過率,國文,29,0.47
104,通過率,國文,30,0.39
104,通過率,國文,31,0.49
104,通過率,國文,32,0.45
104,通過率,國文,33,0.41
104,通過率,國文,34,0.8
104,通過率,國文,35,0.69
104,通過率,國文,36,0.85
104,通過率,國文,37,0.55
104,通過率,國文,38,0.61
104,通過率,國文,39,0.7
104,通過率,國文,40,0.54
104,通過率,國文,41,0.78
104,通過率,國文,42,0.71
104,通過率,國文,43,0.55
104,通過率,國文,44,0.57
104,通過率,國文,45,0.6
104,通過率,國文,46,0.49
104,通過率,國文,47,0.45
104,通過率,國文,48,0.5
104,通過率,英語聽力,1,0.8
104,通過率,英語聽力,2,0.87
104,通過率,英語聽力,3,0.84
104,通過率,英語聽力,4,0.86
104,通過率,英語聽力,5,0.75
104,通過率,英語聽力,6,0.83
104,通過率,英語聽力,7,0.69
104,通過率,英語聽力,8,0.69
104,通過率,英語聽力,9,0.75
104,通過率,英語聽力,10,0.78
104,通過率,英語聽力,11,0.9
104,通過率,英語聽力,12,0.82
104,通過率,英語聽力,13,0.61
104,通過率,英語聽力,14,0.77
104,通過率,英語聽力,15,0.65
104,通過率,英語聽力,16,0.63
104,通過率,英語聽力,17,0.63
104,通過率,英語聽力,18,0.52
104,通過率,英語聽力,19,0.54
104,通過率,英語聽力,20,0.41
104,通過率,英語聽力,21,0.49
104,通過率,英語,1,0.76
104,通過率,英語,2,0.85
104,通過率,英語,3,0.58
104,通過率,英語,4,0.54
104,通過率,英語,5,0.7
104,通過率,英語,6,0.58
104,通過率,英語,7,0.53
104,通過率,英語,8,0.66
104,通過率,英語,9,0.56
104,通過率,英語,10,0.54
104,通過率,英語,11,0.55
104,通過率,英語,12,0.3
104,通過率,英語,13,0.57
104,通過率,英語,14,0.53
104,通過率,英語,15,0.63
104,通過率,英語,16,0.4
104,通過率,英語,17,0.55
104,通過率,英語,18,0.5
104,通過率,英語,19,0.79
104,通過率,英語,20,0.66
104,通過率,英語,21,0.68
104,通過率,英語,22,0.67
104,通過率,英語,23,0.54
104,通過率,英語,24,0.54
104,通過率,英語,25,0.39
104,通過率,英語,26,0.64
104,通過率,英語,27,0.37
104,通過率,英語,28,0.46
104,通過率,英語,29,0.33
104,通過率,英語,30,0.5
104,通過率,英語,31,0.54
104,通過率,英語,32,0.71
104,通過率,英語,33,0.51
104,通過率,英語,34,0.41
104,通過率,英語,35,0.59
104,通過率,英語,36,0.54
104,通過率,英語,37,0.52
104,通過率,英語,38,0.47
104,通過率,英語,39,0.55
104,通過率,英語,40,0.39
104,通過率,數學,1,0.82
104,通過率,數學,2,0.84
104,通過率,數學,3,0.69
104,通過率,數學,4,0.68
104,通過率,數學,5,0.62
104,通過率,數學,6,0.66
104,通過率,數學,7,0.58
104,通過率,數學,8,0.62
104,通過率,數學,9,0.58
104,通過率,數學,10,0.63
104,通過率,數學,11,0.64
104,通過率,數學,12,0.65
104,通過率,數學,13,0.4
104,通過率,數學,14,0.55
104,通過率,數學,15,0.42
104,通過率,數學,16,0.55
104,通過率,數學,17,0.46
104,通過率,數學,18,0.41
104,通過率,數學,19,0.46
104,通過率,數學,20,0.4
104,通過率,數學,21,0.41
104,通過率,數學,22,0.31
104,通過率,數學,23,0.4
104,通過率,數學,24,0.26
104,通過率,數學,25,0.28
104,通過率,社會,1,0.89
104,通過率,社會,2,0.78
104,通過率,社會,3,0.68
104,通過率,社會,4,0.68
104,通過率,社會,5,0.69
104,通過率,社會,6,0.9
104,通過率,社會,7,0.7
104,通過率,社會,8,0.69
104,通過率,社會,9,0.66
104,通過率,社會,10,0.58
104,通過率,社會,11,0.85
104,通過率,社會,12,0.8
104,通過率,社會,13,0.7
104,通過率,社會,14,0.69
104,通過率,社會,15,0.84
104,通過率,社會,16,0.76
104,通過率,社會,17,0.67
104,通過率,社會,18,0.62
104,通過率,社會,19,0.65
104,通過率,社會,20,0.52
104,通過率,社會,21,0.66
104,通過率,社會,22,0.76
104,通過率,社會,23,0.36
104,通過率,社會,24,0.65
104,通過率,社會,25,0.69
104,通過率,社會,26,0.51
104,通過率,社會,27,0.59
104,通過率,社會,28,0.61
104,通過率,社會,29,0.56
104,通過率,社會,30,0.61
104,通過率,社會,31,0.83
104,通過率,社會,32,0.53
104,通過率,社會,33,0.52
104,通過率,社會,34,0.33
104,通過率,社會,35,0.44
104,通過率,社會,36,0.45
104,通過率,社會,37,0.46
104,通過率,社會,38,0.5
104,通過率,社會,39,0.46
104,通過率,社會,40,0.47
104,通過率,社會,41,0.56
104,通過率,社會,42,0.54
104,通過率,社會,43,0.44
104,通過率,社會,44,0.41
104,通過率,社會,45,0.91
104,通過率,社會,46,0.9
104,通過率,社會,47,0.82
104,通過率,社會,48,0.55
104,通過率,社會,49,0.46
104,通過率,社會,50,0.63
104,通過率,社會,51,0.51
104,通過率,社會,52,0.4
104,通過率,社會,53,0.56
104,通過率,社會,54,0.33
104,通過率,社會,55,0.23
104,通過率,社會,56,0.41
104,通過率,社會,57,0.31
104,通過率,社會,58,0.56
104,通過率,社會,59,0.72
104,通過率,社會,60,0.38
104,通過率,社會,61,0.81
104,通過率,社會,62,0.63
104,通過率,社會,63,0.72
104,通過率,自然,1,0.88
104,通過率,自然,2,0.82
104,通過率,自然,3,0.79
104,通過率,自然,4,0.82
104,通過率,自然,5,0.75
104,通過率,自然,6,0.83
104,通過率,自然,7,0.69
104,通過率,自然,8,0.77
104,通過率,自然,9,0.68
104,通過率,自然,10,0.78
104,通過率,自然,11,0.69
104,通過率,自然,12,0.62
104,通過率,自然,13,0.57
104,通過率,自然,14,0.67
104,通過率,自然,15,0.53
104,通過率,自然,16,0.61
104,通過率,自然,17,0.54
104,通過率,自然,18,0.7
104,通過率,自然,19,0.59
104,通過率,自然,20,0.57
104,通過率,自然,21,0.54
104,通過率,自然,22,0.55
104,通過率,自然,23,0.46
104,通過率,自然,24,0.46
104,通過率,自然,25,0.5
104,通過率,自然,26,0.43
104,通過率,自然,27,0.54
104,通過率,自然,28,0.47
104,通過率,自然,29,0.43
104,通過率,自然,30,0.38
104,通過率,自然,31,0.46
104,通過率,自然,32,0.57
104,通過率,自然,33,0.49
104,通過率,自然,34,0.49
104,通過率,自然,35,0.45
104,通過率,自然,36,0.47
104,通過率,自然,37,0.39
104,通過率,自然,38,0.37
104,通過率,自然,39,0.37
104,通過率,自然,40,0.37
104,通過率,自然,41,0.31
104,通過率,自然,42,0.35
104,通過率,自然,43,0.23
104,通過率,自然,44,0.31
104,通過率,自然,45,0.32
104,通過率,自然,46,0.37
104,通過率,自然,47,0.51
104,通過率,自然,48,0.69
104,通過率,自然,49,0.3
104,通過率,自然,50,0.52
104,通過率,自然,51,0.67
104,通過率,自然,52,0.48
104,通過率,自然,53,0.58
104,通過率,自然,54,0.53
104,鑑別度,國文,1,0.44
104,鑑別度,國文,2,0.32
104,鑑別度,國文,3,0.44
104,鑑別度,國文,4,0.44
104,鑑別度,國文,5,0.45
104,鑑別度,國文,6,0.31
104,鑑別度,國文,7,0.58
104,鑑別度,國文,8,0.46
104,鑑別度,國文,9,0.57
104,鑑別度,國文,10,0.3
104,鑑別度,國文,11,0.37
104,鑑別度,國文,12,0.45
104,鑑別度,國文,13,0.23
104,鑑別度,國文,14,0.52
104,鑑別度,國文,15,0.51
104,鑑別度,國文,16,0.52
104,鑑別度,國文,17,0.44
104,鑑別度,國文,18,0.39
104,鑑別度,國文,19,0.52
104,鑑別度,國文,20,0.41
104,鑑別度,國文,21,0.44
104,鑑別度,國文,22,0.38
104,鑑別度,國文,23,0.42
104,鑑別度,國文,24,0.46
104,鑑別度,國文,25,0.43
104,鑑別度,國文,26,0.45
104,鑑別度,國文,27,0.54
104,鑑別度,國文,28,0.48
104,鑑別度,國文,29,0.53
104,鑑別度,國文,30,0.43
104,鑑別度,國文,31,0.37
104,鑑別度,國文,32,0.39
104,鑑別度,國文,33,0.42
104,鑑別度,國文,34,0.52
104,鑑別度,國文,35,0.45
104,鑑別度,國文,36,0.48
104,鑑別度,國文,37,0.52
104,鑑別度,國文,38,0.39
104,鑑別度,國文,39,0.45
104,鑑別度,國文,40,0.51
104,鑑別度,國文,41,0.5
104,鑑別度,國文,42,0.49
104,鑑別度,國文,43,0.46
104,鑑別度,國文,44,0.58
104,鑑別度,國文,45,0.58
104,鑑別度,國文,46,0.41
104,鑑別度,國文,47,0.38
104,鑑別度,國文,48,0.38
104,鑑別度,英語聽力,1,0.63
104,鑑別度,英語聽力,2,0.52
104,鑑別度,英語聽力,3,0.59
104,鑑別度,英語聽力,4,0.57
104,鑑別度,英語聽力,5,0.63
104,鑑別度,英語聽力,6,0.55
104,鑑別度,英語聽力,7,0.68
104,鑑別度,英語聽力,8,0.62
104,鑑別度,英語聽力,9,0.58
104,鑑別度,英語聽力,10,0.66
104,鑑別度,英語聽力,11,0.51
104,鑑別度,英語聽力,12,0.55
104,鑑別度,英語聽力,13,0.39
104,鑑別度,英語聽力,14,0.5
104,鑑別度,英語聽力,15,0.6
104,鑑別度,英語聽力,16,0.5
104,鑑別度,英語聽力,17,0.63
104,鑑別度,英語聽力,18,0.59
104,鑑別度,英語聽力,19,0.54
104,鑑別度,英語聽力,20,0.36
104,鑑別度,英語聽力,21,0.46
104,鑑別度,英語,1,0.6
104,鑑別度,英語,2,0.47
104,鑑別度,英語,3,0.62
104,鑑別度,英語,4,0.6
104,鑑別度,英語,5,0.61
104,鑑別度,英語,6,0.5
104,鑑別度,英語,7,0.52
104,鑑別度,英語,8,0.65
104,鑑別度,英語,9,0.68
104,鑑別度,英語,10,0.53
104,鑑別度,英語,11,0.48
104,鑑別度,英語,12,0.45
104,鑑別度,英語,13,0.63
104,鑑別度,英語,14,0.59
104,鑑別度,英語,15,0.64
104,鑑別度,英語,16,0.56
104,鑑別度,英語,17,0.55
104,鑑別度,英語,18,0.61
104,鑑別度,英語,19,0.53
104,鑑別度,英語,20,0.6
104,鑑別度,英語,21,0.68
104,鑑別度,英語,22,0.61
104,鑑別度,英語,23,0.51
104,鑑別度,英語,24,0.53
104,鑑別度,英語,25,0.31
104,鑑別度,英語,26,0.48
104,鑑別度,英語,27,0.46
104,鑑別度,英語,28,0.38
104,鑑別度,英語,29,0.36
104,鑑別度,英語,30,0.53
104,鑑別度,英語,31,0.62
104,鑑別度,英語,32,0.61
104,鑑別度,英語,33,0.56
104,鑑別度,英語,34,0.49
104,鑑別度,英語,35,0.59
104,鑑別度,英語,36,0.6
104,鑑別度,英語,37,0.62
104,鑑別度,英語,38,0.45
104,鑑別度,英語,39,0.58
104,鑑別度,英語,40,0.44
104,鑑別度,數學,1,0.54
104,鑑別度,數學,2,0.45
104,鑑別度,數學,3,0.49
104,鑑別度,數學,4,0.58
104,鑑別度,數學,5,0.56
104,鑑別度,數學,6,0.52
104,鑑別度,數學,7,0.53
104,鑑別度,數學,8,0.57
104,鑑別度,數學,9,0.41
104,鑑別度,數學,10,0.59
104,鑑別度,數學,11,0.56
104,鑑別度,數學,12,0.54
104,鑑別度,數學,13,0.42
104,鑑別度,數學,14,0.54
104,鑑別度,數學,15,0.51
104,鑑別度,數學,16,0.36
104,鑑別度,數學,17,0.39
104,鑑別度,數學,18,0.29
104,鑑別度,數學,19,0.47
104,鑑別度,數學,20,0.45
104,鑑別度,數學,21,0.41
104,鑑別度,數學,22,0.52
104,鑑別度,數學,23,0.45
104,鑑別度,數學,24,0.45
104,鑑別度,數學,25,0.39
104,鑑別度,社會,1,0.37
104,鑑別度,社會,2,0.36
104,鑑別度,社會,3,0.52
104,鑑別度,社會,4,0.54
104,鑑別度,社會,5,0.48
104,鑑別度,社會,6,0.41
104,鑑別度,社會,7,0.59
104,鑑別度,社會,8,0.54
104,鑑別度,社會,9,0.59
104,鑑別度,社會,10,0.48
104,鑑別度,社會,11,0.42
104,鑑別度,社會,12,0.45
104,鑑別度,社會,13,0.42
104,鑑別度,社會,14,0.15
104,鑑別度,社會,15,0.37
104,鑑別度,社會,16,0.26
104,鑑別度,社會,17,0.47
104,鑑別度,社會,18,0.43
104,鑑別度,社會,19,0.44
104,鑑別度,社會,20,0.27
104,鑑別度,社會,21,0.61
104,鑑別度,社會,22,0.5
104,鑑別度,社會,23,0.24
104,鑑別度,社會,24,0.63
104,鑑別度,社會,25,0.55
104,鑑別度,社會,26,0.42
104,鑑別度,社會,27,0.5
104,鑑別度,社會,28,0.49
104,鑑別度,社會,29,0.44
104,鑑別度,社會,30,0.47
104,鑑別度,社會,31,0.44
104,鑑別度,社會,32,0.42
104,鑑別度,社會,33,0.58
104,鑑別度,社會,34,0.36
104,鑑別度,社會,35,0.37
104,鑑別度,社會,36,0.43
104,鑑別度,社會,37,0.34
104,鑑別度,社會,38,0.55
104,鑑別度,社會,39,0.37
104,鑑別度,社會,40,0.57
104,鑑別度,社會,41,0.47
104,鑑別度,社會,42,0.36
104,鑑別度,社會,43,0.4
104,鑑別度,社會,44,0.16
104,鑑別度,社會,45,0.39
104,鑑別度,社會,46,0.41
104,鑑別度,社會,47,0.5
104,鑑別度,社會,48,0.53
104,鑑別度,社會,49,0.54
104,鑑別度,社會,50,0.44
104,鑑別度,社會,51,0.5
104,鑑別度,社會,52,0.39
104,鑑別度,社會,53,0.43
104,鑑別度,社會,54,0.35
104,鑑別度,社會,55,0.33
104,鑑別度,社會,56,0.39
104,鑑別度,社會,57,0.18
104,鑑別度,社會,58,0.53
104,鑑別度,社會,59,0.54
104,鑑別度,社會,60,0.47
104,鑑別度,社會,61,0.42
104,鑑別度,社會,62,0.6
104,鑑別度,社會,63,0.54
104,鑑別度,自然,1,0.29
104,鑑別度,自然,2,0.42
104,鑑別度,自然,3,0.43
104,鑑別度,自然,4,0.39
104,鑑別度,自然,5,0.46
104,鑑別度,自然,6,0.43
104,鑑別度,自然,7,0.47
104,鑑別度,自然,8,0.52
104,鑑別度,自然,9,0.42
104,鑑別度,自然,10,0.38
104,鑑別度,自然,11,0.43
104,鑑別度,自然,12,0.51
104,鑑別度,自然,13,0.5
104,鑑別度,自然,14,0.45
104,鑑別度,自然,15,0.55
104,鑑別度,自然,16,0.54
104,鑑別度,自然,17,0.46
104,鑑別度,自然,18,0.49
104,鑑別度,自然,19,0.55
104,鑑別度,自然,20,0.59
104,鑑別度,自然,21,0.61
104,鑑別度,自然,22,0.58
104,鑑別度,自然,23,0.47
104,鑑別度,自然,24,0.39
104,鑑別度,自然,25,0.43
104,鑑別度,自然,26,0.61
104,鑑別度,自然,27,0.53
104,鑑別度,自然,28,0.41
104,鑑別度,自然,29,0.54
104,鑑別度,自然,30,0.51
104,鑑別度,自然,31,0.6
104,鑑別度,自然,32,0.52
104,鑑別度,自然,33,0.46
104,鑑別度,自然,34,0.65
104,鑑別度,自然,35,0.56
104,鑑別度,自然,36,0.53
104,鑑別度,自然,37,0.46
104,鑑別度,自然,38,0.58
104,鑑別度,自然,39,0.27
104,鑑別度,自然,40,0.57
104,鑑別度,自然,41,0.55
104,鑑別度,自然,42,0.4
104,鑑別度,自然,43,0.24
104,鑑別度,自然,44,0.48
104,鑑別度,自然,45,0.37
104,鑑別度,自然,46,0.49
104,鑑別度,自然,47,0.59
104,鑑別度,自然,48,0.37
104,鑑別度,自然,49,0.49
104,鑑別度,自然,50,0.39
104,鑑別度,自然,51,0.49
104,鑑別度,自然,52,0.49
104,鑑別度,自然,53,0.49
104,鑑別度,自然,54,0.54
103,通過率,國文,1,0.92
103,通過率,國文,2,0.83
103,通過率,國文,3,0.87
103,通過率,國文,4,0.83
103,通過率,國文,5,0.84
103,通過率,國文,6,0.78
103,通過率,國文,7,0.8
103,通過率,國文,8,0.76
103,通過率,國文,9,0.73
103,通過率,國文,10,0.62
103,通過率,國文,11,0.58
103,通過率,國文,12,0.69
103,通過率,國文,13,0.69
103,通過率,國文,14,0.58
103,通過率,國文,15,0.63
103,通過率,國文,16,0.59
103,通過率,國文,17,0.6
103,通過率,國文,18,0.64
103,通過率,國文,19,0.59
103,通過率,國文,20,0.64
103,通過率,國文,21,0.51
103,通過率,國文,22,0.54
103,通過率,國文,23,0.49
103,通過率,國文,24,0.46
103,通過率,國文,25,0.59
103,通過率,國文,26,0.45
103,通過率,國文,27,0.62
103,通過率,國文,28,0.55
103,通過率,國文,29,0.49
103,通過率,國文,30,0.47
103,通過率,國文,31,0.41
103,通過率,國文,32,0.47
103,通過率,國文,33,0.49
103,通過率,國文,34,0.4
103,通過率,國文,35,0.55
103,通過率,國文,36,0.88
103,通過率,國文,37,0.76
103,通過率,國文,38,0.67
103,通過率,國文,39,0.73
103,通過率,國文,40,0.45
103,通過率,國文,41,0.68
103,通過率,國文,42,0.58
103,通過率,國文,43,0.68
103,通過率,國文,44,0.71
103,通過率,國文,45,0.4
103,通過率,國文,46,0.36
103,通過率,國文,47,0.44
103,通過率,國文,48,0.32
103,通過率,英語,1,0.9
103,通過率,英語,2,0.85
103,通過率,英語,3,0.85
103,通過率,英語,4,0.81
103,通過率,英語,5,0.85
103,通過率,英語,6,0.62
103,通過率,英語,7,0.79
103,通過率,英語,8,0.73
103,通過率,英語,9,0.76
103,通過率,英語,10,0.68
103,通過率,英語,11,0.78
103,通過率,英語,12,0.82
103,通過率,英語,13,0.91
103,通過率,英語,14,0.81
103,通過率,英語,15,0.77
103,通過率,英語,16,0.69
103,通過率,英語,17,0.74
103,通過率,英語,18,0.66
103,通過率,英語,19,0.77
103,通過率,英語,20,0.54
103,通過率,英語,21,0.55
103,通過率,英語,22,0.62
103,通過率,英語,23,0.63
103,通過率,英語,24,0.57
103,通過率,英語,25,0.59
103,通過率,英語,26,0.55
103,通過率,英語,27,0.46
103,通過率,英語,28,0.31
103,通過率,英語,29,0.33
103,通過率,英語,30,0.4
103,通過率,英語,31,0.69
103,通過率,英語,32,0.65
103,通過率,英語,33,0.4
103,通過率,英語,34,0.44
103,通過率,英語,35,0.51
103,通過率,英語,36,0.72
103,通過率,英語,37,0.69
103,通過率,英語,38,0.52
103,通過率,英語,39,0.59
103,通過率,英語,40,0.51
103,通過率,英語,41,0.44
103,通過率,英語,42,0.51
103,通過率,英語,43,0.65
103,通過率,英語,44,0.48
103,通過率,英語,45,0.6
103,通過率,英語,46,0.55
103,通過率,英語,47,0.55
103,通過率,英語,48,0.42
103,通過率,英語,49,0.56
103,通過率,英語,50,0.4
103,通過率,英語,51,0.42
103,通過率,英語,52,0.28
103,通過率,英語,53,0.43
103,通過率,英語,54,0.25
103,通過率,英語,55,0.55
103,通過率,英語,56,0.46
103,通過率,英語,57,0.33
103,通過率,英語,58,0.55
103,通過率,英語,59,0.41
103,通過率,英語,60,0.46
103,通過率,數學,1,0.64
103,通過率,數學,2,0.74
103,通過率,數學,3,0.68
103,通過率,數學,4,0.67
103,通過率,數學,5,0.73
103,通過率,數學,6,0.63
103,通過率,數學,7,0.63
103,通過率,數學,8,0.57
103,通過率,數學,9,0.63
103,通過率,數學,10,0.57
103,通過率,數學,11,0.55
103,通過率,數學,12,0.53
103,通過率,數學,13,0.6
103,通過率,數學,14,0.49
103,通過率,數學,15,0.4
103,通過率,數學,16,0.55
103,通過率,數學,17,0.55
103,通過率,數學,18,0.39
103,通過率,數學,19,0.39
103,通過率,數學,20,0.4
103,通過率,數學,21,0.37
103,通過率,數學,22,0.43
103,通過率,數學,23,0.4
103,通過率,數學,24,0.35
103,通過率,數學,25,0.28
103,通過率,數學,26,0.34
103,通過率,數學,27,0.35
103,通過率,社會,1,0.8
103,通過率,社會,2,0.83
103,通過率,社會,3,0.82
103,通過率,社會,4,0.64
103,通過率,社會,5,0.65
103,通過率,社會,6,0.81
103,通過率,社會,7,0.73
103,通過率,社會,8,0.73
103,通過率,社會,9,0.66
103,通過率,社會,10,0.56
103,通過率,社會,11,0.85
103,通過率,社會,12,0.67
103,通過率,社會,13,0.63
103,通過率,社會,14,0.56
103,通過率,社會,15,0.62
103,通過率,社會,16,0.59
103,通過率,社會,17,0.42
103,通過率,社會,18,0.53
103,通過率,社會,19,0.52
103,通過率,社會,20,0.45
103,通過率,社會,21,0.67
103,通過率,社會,22,0.61
103,通過率,社會,23,0.63
103,通過率,社會,24,0.67
103,通過率,社會,25,0.57
103,通過率,社會,26,0.65
103,通過率,社會,27,0.46
103,通過率,社會,28,0.58
103,通過率,社會,29,0.52
103,通過率,社會,30,0.55
103,通過率,社會,31,0.4
103,通過率,社會,32,0.45
103,通過率,社會,33,0.38
103,通過率,社會,34,0.48
103,通過率,社會,35,0.43
103,通過率,社會,36,0.58
103,通過率,社會,37,0.47
103,通過率,社會,38,0.51
103,通過率,社會,39,0.4
103,通過率,社會,40,0.42
103,通過率,社會,41,0.58
103,通過率,社會,42,0.41
103,通過率,社會,43,0.52
103,通過率,社會,44,0.43
103,通過率,社會,45,0.33
103,通過率,社會,46,0.72
103,通過率,社會,47,0.68
103,通過率,社會,48,0.65
103,通過率,社會,49,0.76
103,通過率,社會,50,0.63
103,通過率,社會,51,0.42
103,通過率,社會,52,0.37
103,通過率,社會,53,0.4
103,通過率,社會,54,0.33
103,通過率,社會,55,0.77
103,通過率,社會,56,0.69
103,通過率,社會,57,0.85
103,通過率,社會,58,0.57
103,通過率,社會,59,0.5
103,通過率,社會,60,0.65
103,通過率,社會,61,0.43
103,通過率,社會,62,0.56
103,通過率,社會,63,0.28
103,通過率,自然,1,0.86
103,通過率,自然,2,0.73
103,通過率,自然,3,0.73
103,通過率,自然,4,0.84
103,通過率,自然,5,0.66
103,通過率,自然,6,0.7
103,通過率,自然,7,0.78
103,通過率,自然,8,0.68
103,通過率,自然,9,0.66
103,通過率,自然,10,0.66
103,通過率,自然,11,0.61
103,通過率,自然,12,0.51
103,通過率,自然,13,0.69
103,通過率,自然,14,0.61
103,通過率,自然,15,0.71
103,通過率,自然,16,0.63
103,通過率,自然,17,0.53
103,通過率,自然,18,0.59
103,通過率,自然,19,0.5
103,通過率,自然,20,0.46
103,通過率,自然,21,0.63
103,通過率,自然,22,0.59
103,通過率,自然,23,0.61
103,通過率,自然,24,0.5
103,通過率,自然,25,0.5
103,通過率,自然,26,0.5
103,通過率,自然,27,0.51
103,通過率,自然,28,0.62
103,通過率,自然,29,0.5
103,通過率,自然,30,0.44
103,通過率,自然,31,0.39
103,通過率,自然,32,0.36
103,通過率,自然,33,0.45
103,通過率,自然,34,0.26
103,通過率,自然,35,0.43
103,通過率,自然,36,0.43
103,通過率,自然,37,0.47
103,通過率,自然,38,0.35
103,通過率,自然,39,0.5
103,通過率,自然,40,0.26
103,通過率,自然,41,0.41
103,通過率,自然,42,0.26
103,通過率,自然,43,0.31
103,通過率,自然,44,0.3
103,通過率,自然,45,0.25
103,通過率,自然,46,0.26
103,通過率,自然,47,0.71
103,通過率,自然,48,0.63
103,通過率,自然,49,0.7
103,通過率,自然,50,0.58
103,通過率,自然,51,0.42
103,通過率,自然,52,0.46
103,通過率,自然,53,0.62
103,通過率,自然,54,0.38
103,鑑別度,國文,1,0.33
103,鑑別度,國文,2,0.45
103,鑑別度,國文,3,0.4
103,鑑別度,國文,4,0.36
103,鑑別度,國文,5,0.45
103,鑑別度,國文,6,0.39
103,鑑別度,國文,7,0.54
103,鑑別度,國文,8,0.5
103,鑑別度,國文,9,0.47
103,鑑別度,國文,10,0.48
103,鑑別度,國文,11,0.43
103,鑑別度,國文,12,0.49
103,鑑別度,國文,13,0.46
103,鑑別度,國文,14,0.29
103,鑑別度,國文,15,0.4
103,鑑別度,國文,16,0.51
103,鑑別度,國文,17,0.48
103,鑑別度,國文,18,0.38
103,鑑別度,國文,19,0.6
103,鑑別度,國文,20,0.58
103,鑑別度,國文,21,0.41
103,鑑別度,國文,22,0.51
103,鑑別度,國文,23,0.52
103,鑑別度,國文,24,0.24
103,鑑別度,國文,25,0.52
103,鑑別度,國文,26,0.34
103,鑑別度,國文,27,0.48
103,鑑別度,國文,28,0.48
103,鑑別度,國文,29,0.41
103,鑑別度,國文,30,0.51
103,鑑別度,國文,31,0.45
103,鑑別度,國文,32,0.39
103,鑑別度,國文,33,0.5
103,鑑別度,國文,34,0.46
103,鑑別度,國文,35,0.57
103,鑑別度,國文,36,0.4
103,鑑別度,國文,37,0.48
103,鑑別度,國文,38,0.5
103,鑑別度,國文,39,0.56
103,鑑別度,國文,40,0.31
103,鑑別度,國文,41,0.58
103,鑑別度,國文,42,0.45
103,鑑別度,國文,43,0.52
103,鑑別度,國文,44,0.58
103,鑑別度,國文,45,0.38
103,鑑別度,國文,46,0.39
103,鑑別度,國文,47,0.4
103,鑑別度,國文,48,0.32
103,鑑別度,英語,1,0.56
103,鑑別度,英語,2,0.53
103,鑑別度,英語,3,0.6
103,鑑別度,英語,4,0.54
103,鑑別度,英語,5,0.65
103,鑑別度,英語,6,0.54
103,鑑別度,英語,7,0.67
103,鑑別度,英語,8,0.69
103,鑑別度,英語,9,0.65
103,鑑別度,英語,10,0.62
103,鑑別度,英語,11,0.6
103,鑑別度,英語,12,0.65
103,鑑別度,英語,13,0.5
103,鑑別度,英語,14,0.62
103,鑑別度,英語,15,0.59
103,鑑別度,英語,16,0.62
103,鑑別度,英語,17,0.57
103,鑑別度,英語,18,0.64
103,鑑別度,英語,19,0.48
103,鑑別度,英語,20,0.49
103,鑑別度,英語,21,0.71
103,鑑別度,英語,22,0.6
103,鑑別度,英語,23,0.67
103,鑑別度,英語,24,0.64
103,鑑別度,英語,25,0.54
103,鑑別度,英語,26,0.52
103,鑑別度,英語,27,0.4
103,鑑別度,英語,28,0.28
103,鑑別度,英語,29,0.41
103,鑑別度,英語,30,0.41
103,鑑別度,英語,31,0.64
103,鑑別度,英語,32,0.64
103,鑑別度,英語,33,0.38
103,鑑別度,英語,34,0.39
103,鑑別度,英語,35,0.63
103,鑑別度,英語,36,0.55
103,鑑別度,英語,37,0.61
103,鑑別度,英語,38,0.67
103,鑑別度,英語,39,0.6
103,鑑別度,英語,40,0.42
103,鑑別度,英語,41,0.67
103,鑑別度,英語,42,0.47
103,鑑別度,英語,43,0.63
103,鑑別度,英語,44,0.62
103,鑑別度,英語,45,0.62
103,鑑別度,英語,46,0.62
103,鑑別度,英語,47,0.66
103,鑑別度,英語,48,0.54
103,鑑別度,英語,49,0.61
103,鑑別度,英語,50,0.38
103,鑑別度,英語,51,0.5
103,鑑別度,英語,52,0.23
103,鑑別度,英語,53,0.54
103,鑑別度,英語,54,0.26
103,鑑別度,英語,55,0.58
103,鑑別度,英語,56,0.48
103,鑑別度,英語,57,0.39
103,鑑別度,英語,58,0.48
103,鑑別度,英語,59,0.43
103,鑑別度,英語,60,0.5
103,鑑別度,數學,1,0.67
103,鑑別度,數學,2,0.55
103,鑑別度,數學,3,0.58
103,鑑別度,數學,4,0.52
103,鑑別度,數學,5,0.49
103,鑑別度,數學,6,0.65
103,鑑別度,數學,7,0.54
103,鑑別度,數學,8,0.59
103,鑑別度,數學,9,0.54
103,鑑別度,數學,10,0.51
103,鑑別度,數學,11,0.55
103,鑑別度,數學,12,0.41
103,鑑別度,數學,13,0.57
103,鑑別度,數學,14,0.46
103,鑑別度,數學,15,0.49
103,鑑別度,數學,16,0.5
103,鑑別度,數學,17,0.55
103,鑑別度,數學,18,0.48
103,鑑別度,數學,19,0.4
103,鑑別度,數學,20,0.56
103,鑑別度,數學,21,0.39
103,鑑別度,數學,22,0.41
103,鑑別度,數學,23,0.6
103,鑑別度,數學,24,0.36
103,鑑別度,數學,25,0.39
103,鑑別度,數學,26,0.4
103,鑑別度,數學,27,0.3
103,鑑別度,社會,1,0.39
103,鑑別度,社會,2,0.4
103,鑑別度,社會,3,0.37
103,鑑別度,社會,4,0.48
103,鑑別度,社會,5,0.49
103,鑑別度,社會,6,0.45
103,鑑別度,社會,7,0.51
103,鑑別度,社會,8,0.57
103,鑑別度,社會,9,0.54
103,鑑別度,社會,10,0.58
103,鑑別度,社會,11,0.36
103,鑑別度,社會,12,0.47
103,鑑別度,社會,13,0.58
103,鑑別度,社會,14,0.51
103,鑑別度,社會,15,0.49
103,鑑別度,社會,16,0.55
103,鑑別度,社會,17,0.45
103,鑑別度,社會,18,0.42
103,鑑別度,社會,19,0.39
103,鑑別度,社會,20,0.41
103,鑑別度,社會,21,0.58
103,鑑別度,社會,22,0.56
103,鑑別度,社會,23,0.57
103,鑑別度,社會,24,0.55
103,鑑別度,社會,25,0.52
103,鑑別度,社會,26,0.58
103,鑑別度,社會,27,0.5
103,鑑別度,社會,28,0.42
103,鑑別度,社會,29,0.42
103,鑑別度,社會,30,0.52
103,鑑別度,社會,31,0.31
103,鑑別度,社會,32,0.33
103,鑑別度,社會,33,0.49
103,鑑別度,社會,34,0.46
103,鑑別度,社會,35,0.39
103,鑑別度,社會,36,0.44
103,鑑別度,社會,37,0.25
103,鑑別度,社會,38,0.48
103,鑑別度,社會,39,0.38
103,鑑別度,社會,40,0.31
103,鑑別度,社會,41,0.42
103,鑑別度,社會,42,0.48
103,鑑別度,社會,43,0.59
103,鑑別度,社會,44,0.43
103,鑑別度,社會,45,0.49
103,鑑別度,社會,46,0.28
103,鑑別度,社會,47,0.5
103,鑑別度,社會,48,0.36
103,鑑別度,社會,49,0.54
103,鑑別度,社會,50,0.36
103,鑑別度,社會,51,0.48
103,鑑別度,社會,52,0.43
103,鑑別度,社會,53,0.47
103,鑑別度,社會,54,0.51
103,鑑別度,社會,55,0.51
103,鑑別度,社會,56,0.49
103,鑑別度,社會,57,0.45
103,鑑別度,社會,58,0.5
103,鑑別度,社會,59,0.43
103,鑑別度,社會,60,0.6
103,鑑別度,社會,61,0.41
103,鑑別度,社會,62,0.52
103,鑑別度,社會,63,0.36
103,鑑別度,自然,1,0.42
103,鑑別度,自然,2,0.42
103,鑑別度,自然,3,0.46
103,鑑別度,自然,4,0.38
103,鑑別度,自然,5,0.5
103,鑑別度,自然,6,0.38
103,鑑別度,自然,7,0.43
103,鑑別度,自然,8,0.52
103,鑑別度,自然,9,0.49
103,鑑別度,自然,10,0.44
103,鑑別度,自然,11,0.48
103,鑑別度,自然,12,0.66
103,鑑別度,自然,13,0.48
103,鑑別度,自然,14,0.54
103,鑑別度,自然,15,0.44
103,鑑別度,自然,16,0.51
103,鑑別度,自然,17,0.4
103,鑑別度,自然,18,0.53
103,鑑別度,自然,19,0.48
103,鑑別度,自然,20,0.44
103,鑑別度,自然,21,0.56
103,鑑別度,自然,22,0.46
103,鑑別度,自然,23,0.37
103,鑑別度,自然,24,0.55
103,鑑別度,自然,25,0.54
103,鑑別度,自然,26,0.48
103,鑑別度,自然,27,0.51
103,鑑別度,自然,28,0.53
103,鑑別度,自然,29,0.54
103,鑑別度,自然,30,0.61
103,鑑別度,自然,31,0.58
103,鑑別度,自然,32,0.49
103,鑑別度,自然,33,0.46
103,鑑別度,自然,34,0.43
103,鑑別度,自然,35,0.53
103,鑑別度,自然,36,0.46
103,鑑別度,自然,37,0.5
103,鑑別度,自然,38,0.51
103,鑑別度,自然,39,0.5
103,鑑別度,自然,40,0.45
103,鑑別度,自然,41,0.52
103,鑑別度,自然,42,0.49
103,鑑別度,自然,43,0.4
103,鑑別度,自然,44,0.57
103,鑑別度,自然,45,0.43
103,鑑別度,自然,46,0.29
103,鑑別度,自然,47,0.55
103,鑑別度,自然,48,0.5
103,鑑別度,自然,49,0.45
103,鑑別度,自然,50,0.43
103,鑑別度,自然,51,0.52
103,鑑別度,自然,52,0.49
103,鑑別度,自然,53,0.48
103,鑑別度,自然,54,0.44
